2026-07-29 17:13:15.335 [background-preinit] INFO  o.h.validator.internal.util.Version [,] - HV000001: Hibernate Validator 8.0.1.Final
2026-07-29 17:13:15.355 [main] INFO  c.b.BuildingManagerNetworkApiApplicationTests [,] - Starting BuildingManagerNetworkApiApplicationTests using Java 21.0.5 with PID 33412 (started by FotisPamp in C:\Users\FotisPamp\Documents\GitHub\building-manager-network)
2026-07-29 17:13:15.356 [main] INFO  c.b.BuildingManagerNetworkApiApplicationTests [,] - The following 1 profile is active: "dev"
2026-07-29 17:13:17.317 [main] INFO  o.s.d.r.c.RepositoryConfigurationDelegate [,] - Bootstrapping Spring Data JPA repositories in DEFAULT mode.
2026-07-29 17:13:17.460 [main] INFO  o.s.d.r.c.RepositoryConfigurationDelegate [,] - Finished Spring Data repository scanning in 122 ms. Found 27 JPA repository interfaces.
2026-07-29 17:13:19.256 [main] INFO  o.h.jpa.internal.util.LogHelper [,] - HHH000204: Processing PersistenceUnitInfo [name: default]
2026-07-29 17:13:19.426 [main] INFO  org.hibernate.Version [,] - HHH000412: Hibernate ORM core version 6.4.4.Final
2026-07-29 17:13:19.495 [main] INFO  o.h.c.i.RegionFactoryInitiator [,] - HHH000026: Second-level cache disabled
2026-07-29 17:13:19.649 [main] INFO  o.s.o.j.p.SpringPersistenceUnitInfo [,] - No LoadTimeWeaver setup: ignoring JPA class transformer
2026-07-29 17:13:19.680 [main] INFO  com.zaxxer.hikari.HikariDataSource [,] - HikariPool-1 - Starting...
2026-07-29 17:13:19.783 [main] INFO  com.zaxxer.hikari.pool.HikariPool [,] - HikariPool-1 - Added connection org.postgresql.jdbc.PgConnection@4f93303f
2026-07-29 17:13:19.784 [main] INFO  com.zaxxer.hikari.HikariDataSource [,] - HikariPool-1 - Start completed.
2026-07-29 17:13:19.815 [main] WARN  org.hibernate.orm.deprecation [,] - HHH90000025: PostgreSQLDialect does not need to be specified explicitly using 'hibernate.dialect' (remove the property setting and it will be selected by default)
2026-07-29 17:13:21.328 [main] INFO  o.h.e.t.j.p.i.JtaPlatformInitiator [,] - HHH000489: No JTA platform available (set 'hibernate.transaction.jta.platform' to enable JTA platform integration)
2026-07-29 17:13:21.667 [main] INFO  o.s.o.j.LocalContainerEntityManagerFactoryBean [,] - Initialized JPA EntityManagerFactory for persistence unit 'default'
2026-07-29 17:13:22.232 [main] INFO  o.s.d.j.r.query.QueryEnhancerFactory [,] - Hibernate is in classpath; If applicable, HQL parser will be used.
2026-07-29 17:13:25.627 [main] WARN  o.s.b.a.o.j.JpaBaseConfiguration$JpaWebConfiguration [,] - spring.jpa.open-in-view is enabled by default. Therefore, database queries may be performed during view rendering. Explicitly configure spring.jpa.open-in-view to disable this warning
2026-07-29 17:13:26.333 [main] INFO  o.s.b.a.e.web.EndpointLinksResolver [,] - Exposing 3 endpoint(s) beneath base path '/actuator'
2026-07-29 17:13:26.405 [main] INFO  o.s.s.web.DefaultSecurityFilterChain [,] - Will secure any request with [org.springframework.security.web.session.DisableEncodeUrlFilter@4511c7c2, org.springframework.security.web.context.request.async.WebAsyncManagerIntegrationFilter@419d4ec2, org.springframework.security.web.context.SecurityContextHolderFilter@7eaadd1a, org.springframework.security.web.header.HeaderWriterFilter@22d2eb30, org.springframework.web.filter.CorsFilter@41df2efe, org.springframework.security.web.authentication.logout.LogoutFilter@36dc92ed, com.buildingmanager.security.JwtFilter@5c6f11e, org.springframework.security.web.savedrequest.RequestCacheAwareFilter@20fcfa65, org.springframework.security.web.servletapi.SecurityContextHolderAwareRequestFilter@64b4c7e7, org.springframework.security.web.authentication.AnonymousAuthenticationFilter@110dd34d, org.springframework.security.web.session.SessionManagementFilter@62468f8c, org.springframework.security.web.access.ExceptionTranslationFilter@5d3fc864, org.springframework.security.web.access.intercept.AuthorizationFilter@2476d6d8]
2026-07-29 17:13:27.023 [main] INFO  c.b.BuildingManagerNetworkApiApplicationTests [,] - Started BuildingManagerNetworkApiApplicationTests in 12.019 seconds (process running for 14.515)
2026-07-29 17:13:27.690 [main] INFO  o.s.mock.web.MockServletContext [,] - Initializing Spring TestDispatcherServlet ''
2026-07-29 17:13:27.690 [main] INFO  o.s.t.w.s.TestDispatcherServlet [,] - Initializing Servlet ''
2026-07-29 17:13:27.691 [main] INFO  o.s.t.w.s.TestDispatcherServlet [,] - Completed initialization in 1 ms
2026-07-29 17:13:27.782 [main] INFO  o.s.mock.web.MockServletContext [,] - Initializing Spring TestDispatcherServlet ''
2026-07-29 17:13:27.783 [main] INFO  o.s.t.w.s.TestDispatcherServlet [,] - Initializing Servlet ''
2026-07-29 17:13:27.783 [main] INFO  o.s.t.w.s.TestDispatcherServlet [,] - Completed initialization in 0 ms
2026-07-29 17:13:27.936 [main] INFO  o.s.mock.web.MockServletContext [,] - Initializing Spring TestDispatcherServlet ''
2026-07-29 17:13:27.936 [main] INFO  o.s.t.w.s.TestDispatcherServlet [,] - Initializing Servlet ''
2026-07-29 17:13:27.936 [main] INFO  o.s.t.w.s.TestDispatcherServlet [,] - Completed initialization in 0 ms
2026-07-29 17:13:27.965 [main] INFO  o.s.mock.web.MockServletContext [,] - Initializing Spring TestDispatcherServlet ''
2026-07-29 17:13:27.965 [main] INFO  o.s.t.w.s.TestDispatcherServlet [,] - Initializing Servlet ''
2026-07-29 17:13:27.965 [main] INFO  o.s.t.w.s.TestDispatcherServlet [,] - Completed initialization in 0 ms
2026-07-29 17:13:27.989 [main] INFO  o.s.mock.web.MockServletContext [,] - Initializing Spring TestDispatcherServlet ''
2026-07-29 17:13:27.990 [main] INFO  o.s.t.w.s.TestDispatcherServlet [,] - Initializing Servlet ''
2026-07-29 17:13:27.990 [main] INFO  o.s.t.w.s.TestDispatcherServlet [,] - Completed initialization in 0 ms
2026-07-29 17:13:27.999 [main] INFO  o.s.mock.web.MockServletContext [,] - Initializing Spring TestDispatcherServlet ''
2026-07-29 17:13:28.000 [main] INFO  o.s.t.w.s.TestDispatcherServlet [,] - Initializing Servlet ''
2026-07-29 17:13:28.000 [main] INFO  o.s.t.w.s.TestDispatcherServlet [,] - Completed initialization in 0 ms
2026-07-29 17:13:28.012 [main] INFO  o.s.mock.web.MockServletContext [,] - Initializing Spring TestDispatcherServlet ''
2026-07-29 17:13:28.012 [main] INFO  o.s.t.w.s.TestDispatcherServlet [,] - Initializing Servlet ''
2026-07-29 17:13:28.013 [main] INFO  o.s.t.w.s.TestDispatcherServlet [,] - Completed initialization in 0 ms
2026-07-29 17:13:28.029 [main] INFO  o.s.mock.web.MockServletContext [,] - Initializing Spring TestDispatcherServlet ''
2026-07-29 17:13:28.030 [main] INFO  o.s.t.w.s.TestDispatcherServlet [,] - Initializing Servlet ''
2026-07-29 17:13:28.030 [main] INFO  o.s.t.w.s.TestDispatcherServlet [,] - Completed initialization in 0 ms
2026-07-29 17:13:28.048 [main] INFO  o.s.mock.web.MockServletContext [,] - Initializing Spring TestDispatcherServlet ''
2026-07-29 17:13:28.048 [main] INFO  o.s.t.w.s.TestDispatcherServlet [,] - Initializing Servlet ''
2026-07-29 17:13:28.048 [main] INFO  o.s.t.w.s.TestDispatcherServlet [,] - Completed initialization in 0 ms
2026-07-29 17:13:28.069 [main] INFO  o.s.mock.web.MockServletContext [,] - Initializing Spring TestDispatcherServlet ''
2026-07-29 17:13:28.069 [main] INFO  o.s.t.w.s.TestDispatcherServlet [,] - Initializing Servlet ''
2026-07-29 17:13:28.069 [main] INFO  o.s.t.w.s.TestDispatcherServlet [,] - Completed initialization in 0 ms
2026-07-29 17:13:28.088 [main] INFO  o.s.mock.web.MockServletContext [,] - Initializing Spring TestDispatcherServlet ''
2026-07-29 17:13:28.088 [main] INFO  o.s.t.w.s.TestDispatcherServlet [,] - Initializing Servlet ''
2026-07-29 17:13:28.088 [main] INFO  o.s.t.w.s.TestDispatcherServlet [,] - Completed initialization in 0 ms
2026-07-29 17:13:29.605 [SpringApplicationShutdownHook] INFO  o.s.o.j.LocalContainerEntityManagerFactoryBean [,] - Closing JPA EntityManagerFactory for persistence unit 'default'
2026-07-29 17:13:29.608 [SpringApplicationShutdownHook] INFO  com.zaxxer.hikari.HikariDataSource [,] - HikariPool-1 - Shutdown initiated...
2026-07-29 17:13:29.611 [SpringApplicationShutdownHook] INFO  com.zaxxer.hikari.HikariDataSource [,] - HikariPool-1 - Shutdown completed.
2026-07-29 17:27:43.377 [background-preinit] INFO  o.h.validator.internal.util.Version [,] - HV000001: Hibernate Validator 8.0.1.Final
2026-07-29 17:27:43.403 [main] INFO  c.b.BuildingManagerNetworkApiApplication [,] - Starting BuildingManagerNetworkApiApplication using Java 23.0.2 with PID 24828 (C:\Users\FotisPamp\Documents\GitHub\building-manager-network\target\classes started by FotisPamp in C:\Users\FotisPamp\Documents\GitHub\building-manager-network)
2026-07-29 17:27:43.403 [main] INFO  c.b.BuildingManagerNetworkApiApplication [,] - The following 1 profile is active: "dev"
2026-07-29 17:27:43.995 [main] INFO  o.s.d.r.c.RepositoryConfigurationDelegate [,] - Bootstrapping Spring Data JPA repositories in DEFAULT mode.
2026-07-29 17:27:44.085 [main] INFO  o.s.d.r.c.RepositoryConfigurationDelegate [,] - Finished Spring Data repository scanning in 82 ms. Found 27 JPA repository interfaces.
2026-07-29 17:27:44.932 [main] INFO  o.s.b.w.e.tomcat.TomcatWebServer [,] - Tomcat initialized with port 8080 (http)
2026-07-29 17:27:44.938 [main] INFO  o.a.coyote.http11.Http11NioProtocol [,] - Initializing ProtocolHandler ["http-nio-8080"]
2026-07-29 17:27:44.939 [main] INFO  o.a.catalina.core.StandardService [,] - Starting service [Tomcat]
2026-07-29 17:27:44.939 [main] INFO  o.a.catalina.core.StandardEngine [,] - Starting Servlet engine: [Apache Tomcat/10.1.20]
2026-07-29 17:27:44.984 [main] INFO  o.a.c.c.C.[Tomcat].[localhost].[/] [,] - Initializing Spring embedded WebApplicationContext
2026-07-29 17:27:44.984 [main] INFO  o.s.b.w.s.c.ServletWebServerApplicationContext [,] - Root WebApplicationContext: initialization completed in 1531 ms
2026-07-29 17:27:45.329 [main] INFO  o.h.jpa.internal.util.LogHelper [,] - HHH000204: Processing PersistenceUnitInfo [name: default]
2026-07-29 17:27:45.366 [main] INFO  org.hibernate.Version [,] - HHH000412: Hibernate ORM core version 6.4.4.Final
2026-07-29 17:27:45.389 [main] INFO  o.h.c.i.RegionFactoryInitiator [,] - HHH000026: Second-level cache disabled
2026-07-29 17:27:45.547 [main] INFO  o.s.o.j.p.SpringPersistenceUnitInfo [,] - No LoadTimeWeaver setup: ignoring JPA class transformer
2026-07-29 17:27:45.565 [main] INFO  com.zaxxer.hikari.HikariDataSource [,] - HikariPool-1 - Starting...
2026-07-29 17:27:45.653 [main] INFO  com.zaxxer.hikari.pool.HikariPool [,] - HikariPool-1 - Added connection org.postgresql.jdbc.PgConnection@49322d04
2026-07-29 17:27:45.654 [main] INFO  com.zaxxer.hikari.HikariDataSource [,] - HikariPool-1 - Start completed.
2026-07-29 17:27:45.683 [main] WARN  org.hibernate.orm.deprecation [,] - HHH90000025: PostgreSQLDialect does not need to be specified explicitly using 'hibernate.dialect' (remove the property setting and it will be selected by default)
2026-07-29 17:27:46.923 [main] INFO  o.h.e.t.j.p.i.JtaPlatformInitiator [,] - HHH000489: No JTA platform available (set 'hibernate.transaction.jta.platform' to enable JTA platform integration)
2026-07-29 17:27:47.220 [main] INFO  o.s.o.j.LocalContainerEntityManagerFactoryBean [,] - Initialized JPA EntityManagerFactory for persistence unit 'default'
2026-07-29 17:27:47.470 [main] INFO  o.s.d.j.r.query.QueryEnhancerFactory [,] - Hibernate is in classpath; If applicable, HQL parser will be used.
2026-07-29 17:27:49.714 [main] WARN  o.s.b.a.o.j.JpaBaseConfiguration$JpaWebConfiguration [,] - spring.jpa.open-in-view is enabled by default. Therefore, database queries may be performed during view rendering. Explicitly configure spring.jpa.open-in-view to disable this warning
2026-07-29 17:27:50.121 [main] INFO  o.s.b.a.e.web.EndpointLinksResolver [,] - Exposing 4 endpoint(s) beneath base path '/actuator'
2026-07-29 17:27:50.195 [main] INFO  o.s.s.web.DefaultSecurityFilterChain [,] - Will secure any request with [org.springframework.security.web.session.DisableEncodeUrlFilter@4ebf476d, org.springframework.security.web.context.request.async.WebAsyncManagerIntegrationFilter@15b8a112, org.springframework.security.web.context.SecurityContextHolderFilter@2fabf464, org.springframework.security.web.header.HeaderWriterFilter@1953dc1c, org.springframework.web.filter.CorsFilter@5cf171b6, org.springframework.security.web.authentication.logout.LogoutFilter@4c58c4c6, com.buildingmanager.security.JwtFilter@4a83736a, org.springframework.security.web.savedrequest.RequestCacheAwareFilter@6b7ef458, org.springframework.security.web.servletapi.SecurityContextHolderAwareRequestFilter@2b25619, org.springframework.security.web.authentication.AnonymousAuthenticationFilter@52509489, org.springframework.security.web.session.SessionManagementFilter@5d4427c4, org.springframework.security.web.access.ExceptionTranslationFilter@372b0c42, org.springframework.security.web.access.intercept.AuthorizationFilter@4d6dc311]
2026-07-29 17:27:50.717 [main] INFO  o.a.coyote.http11.Http11NioProtocol [,] - Starting ProtocolHandler ["http-nio-8080"]
2026-07-29 17:27:50.730 [main] INFO  o.s.b.w.e.tomcat.TomcatWebServer [,] - Tomcat started on port 8080 (http) with context path ''
2026-07-29 17:27:50.740 [main] INFO  c.b.BuildingManagerNetworkApiApplication [,] - Started BuildingManagerNetworkApiApplication in 7.726 seconds (process running for 8.189)
2026-07-29 17:27:51.339 [RMI TCP Connection(2)-192.168.1.9] INFO  o.a.c.c.C.[Tomcat].[localhost].[/] [,] - Initializing Spring DispatcherServlet 'dispatcherServlet'
2026-07-29 17:27:51.340 [RMI TCP Connection(2)-192.168.1.9] INFO  o.s.web.servlet.DispatcherServlet [,] - Initializing Servlet 'dispatcherServlet'
2026-07-29 17:27:51.341 [RMI TCP Connection(2)-192.168.1.9] INFO  o.s.web.servlet.DispatcherServlet [,] - Completed initialization in 1 ms
2026-07-29 17:29:16.040 [RMI TCP Connection(1)-192.168.1.9] WARN  o.s.b.a.mail.MailHealthIndicator [,] - Mail health check failed
jakarta.mail.MessagingException: Got bad greeting from SMTP host: localhost, port: 1080, response: HTTP/1.1 408 Request Timeout

	at org.eclipse.angus.mail.smtp.SMTPTransport.openServer(SMTPTransport.java:2231)
	at org.eclipse.angus.mail.smtp.SMTPTransport.protocolConnect(SMTPTransport.java:729)
	at jakarta.mail.Service.connect(Service.java:345)
	at org.springframework.mail.javamail.JavaMailSenderImpl.connectTransport(JavaMailSenderImpl.java:480)
	at org.springframework.mail.javamail.JavaMailSenderImpl.testConnection(JavaMailSenderImpl.java:360)
	at org.springframework.boot.actuate.mail.MailHealthIndicator.doHealthCheck(MailHealthIndicator.java:52)
	at org.springframework.boot.actuate.health.AbstractHealthIndicator.health(AbstractHealthIndicator.java:82)
	at org.springframework.boot.actuate.health.HealthIndicator.getHealth(HealthIndicator.java:37)
	at org.springframework.boot.actuate.health.HealthEndpoint.getHealth(HealthEndpoint.java:82)
	at org.springframework.boot.actuate.health.HealthEndpoint.getHealth(HealthEndpoint.java:41)
	at org.springframework.boot.actuate.health.HealthEndpointSupport.getLoggedHealth(HealthEndpointSupport.java:172)
	at org.springframework.boot.actuate.health.HealthEndpointSupport.getContribution(HealthEndpointSupport.java:145)
	at org.springframework.boot.actuate.health.HealthEndpointSupport.getAggregateContribution(HealthEndpointSupport.java:156)
	at org.springframework.boot.actuate.health.HealthEndpointSupport.getContribution(HealthEndpointSupport.java:141)
	at org.springframework.boot.actuate.health.HealthEndpointSupport.getHealth(HealthEndpointSupport.java:110)
	at org.springframework.boot.actuate.health.HealthEndpointSupport.getHealth(HealthEndpointSupport.java:81)
	at org.springframework.boot.actuate.health.HealthEndpoint.health(HealthEndpoint.java:76)
	at org.springframework.boot.actuate.health.HealthEndpoint.health(HealthEndpoint.java:66)
	at java.base/jdk.internal.reflect.DirectMethodHandleAccessor.invoke(DirectMethodHandleAccessor.java:103)
	at java.base/java.lang.reflect.Method.invoke(Method.java:580)
	at org.springframework.util.ReflectionUtils.invokeMethod(ReflectionUtils.java:281)
	at org.springframework.boot.actuate.endpoint.invoke.reflect.ReflectiveOperationInvoker.invoke(ReflectiveOperationInvoker.java:74)
	at org.springframework.boot.actuate.endpoint.annotation.AbstractDiscoveredOperation.invoke(AbstractDiscoveredOperation.java:60)
	at org.springframework.boot.actuate.endpoint.jmx.EndpointMBean.invoke(EndpointMBean.java:124)
	at org.springframework.boot.actuate.endpoint.jmx.EndpointMBean.invoke(EndpointMBean.java:97)
	at java.management/com.sun.jmx.interceptor.DefaultMBeanServerInterceptor.invoke(DefaultMBeanServerInterceptor.java:803)
	at java.management/com.sun.jmx.mbeanserver.JmxMBeanServer.invoke(JmxMBeanServer.java:802)
	at java.management.rmi/javax.management.remote.rmi.RMIConnectionImpl.doOperation(RMIConnectionImpl.java:1520)
	at java.management.rmi/javax.management.remote.rmi.RMIConnectionImpl$PrivilegedOperation.run(RMIConnectionImpl.java:1348)
	at java.management.rmi/javax.management.remote.rmi.RMIConnectionImpl.doPrivilegedOperation(RMIConnectionImpl.java:1435)
	at java.management.rmi/javax.management.remote.rmi.RMIConnectionImpl.invoke(RMIConnectionImpl.java:841)
	at java.base/jdk.internal.reflect.DirectMethodHandleAccessor.invoke(DirectMethodHandleAccessor.java:103)
	at java.base/java.lang.reflect.Method.invoke(Method.java:580)
	at java.rmi/sun.rmi.server.UnicastServerRef.dispatch(UnicastServerRef.java:360)
	at java.rmi/sun.rmi.transport.Transport$1.run(Transport.java:200)
	at java.rmi/sun.rmi.transport.Transport$1.run(Transport.java:197)
	at java.base/java.security.AccessController.doPrivileged(AccessController.java:714)
	at java.rmi/sun.rmi.transport.Transport.serviceCall(Transport.java:196)
	at java.rmi/sun.rmi.transport.tcp.TCPTransport.handleMessages(TCPTransport.java:598)
	at java.rmi/sun.rmi.transport.tcp.TCPTransport$ConnectionHandler.run0(TCPTransport.java:844)
	at java.rmi/sun.rmi.transport.tcp.TCPTransport$ConnectionHandler.lambda$run$0(TCPTransport.java:721)
	at java.base/java.security.AccessController.doPrivileged(AccessController.java:400)
	at java.rmi/sun.rmi.transport.tcp.TCPTransport$ConnectionHandler.run(TCPTransport.java:720)
	at java.base/java.util.concurrent.ThreadPoolExecutor.runWorker(ThreadPoolExecutor.java:1144)
	at java.base/java.util.concurrent.ThreadPoolExecutor$Worker.run(ThreadPoolExecutor.java:642)
	at java.base/java.lang.Thread.run(Thread.java:1575)
2026-07-29 17:29:16.045 [RMI TCP Connection(1)-192.168.1.9] WARN  o.s.b.a.health.HealthEndpointSupport [,] - Health contributor org.springframework.boot.actuate.mail.MailHealthIndicator (mail) took 84700ms to respond
2026-07-29 17:29:34.752 [SpringApplicationShutdownHook] INFO  o.s.o.j.LocalContainerEntityManagerFactoryBean [,] - Closing JPA EntityManagerFactory for persistence unit 'default'
2026-07-29 17:29:34.753 [SpringApplicationShutdownHook] INFO  com.zaxxer.hikari.HikariDataSource [,] - HikariPool-1 - Shutdown initiated...
2026-07-29 17:29:34.755 [SpringApplicationShutdownHook] INFO  com.zaxxer.hikari.HikariDataSource [,] - HikariPool-1 - Shutdown completed.
2026-07-29 17:29:37.482 [background-preinit] INFO  o.h.validator.internal.util.Version [,] - HV000001: Hibernate Validator 8.0.1.Final
2026-07-29 17:29:37.508 [main] INFO  c.b.BuildingManagerNetworkApiApplication [,] - Starting BuildingManagerNetworkApiApplication using Java 23.0.2 with PID 14660 (C:\Users\FotisPamp\Documents\GitHub\building-manager-network\target\classes started by FotisPamp in C:\Users\FotisPamp\Documents\GitHub\building-manager-network)
2026-07-29 17:29:37.509 [main] INFO  c.b.BuildingManagerNetworkApiApplication [,] - The following 1 profile is active: "dev"
2026-07-29 17:29:38.094 [main] INFO  o.s.d.r.c.RepositoryConfigurationDelegate [,] - Bootstrapping Spring Data JPA repositories in DEFAULT mode.
2026-07-29 17:29:38.179 [main] INFO  o.s.d.r.c.RepositoryConfigurationDelegate [,] - Finished Spring Data repository scanning in 80 ms. Found 27 JPA repository interfaces.
2026-07-29 17:29:39.033 [main] INFO  o.s.b.w.e.tomcat.TomcatWebServer [,] - Tomcat initialized with port 8080 (http)
2026-07-29 17:29:39.041 [main] INFO  o.a.coyote.http11.Http11NioProtocol [,] - Initializing ProtocolHandler ["http-nio-8080"]
2026-07-29 17:29:39.042 [main] INFO  o.a.catalina.core.StandardService [,] - Starting service [Tomcat]
2026-07-29 17:29:39.042 [main] INFO  o.a.catalina.core.StandardEngine [,] - Starting Servlet engine: [Apache Tomcat/10.1.20]
2026-07-29 17:29:39.090 [main] INFO  o.a.c.c.C.[Tomcat].[localhost].[/] [,] - Initializing Spring embedded WebApplicationContext
2026-07-29 17:29:39.090 [main] INFO  o.s.b.w.s.c.ServletWebServerApplicationContext [,] - Root WebApplicationContext: initialization completed in 1537 ms
2026-07-29 17:29:39.446 [main] INFO  o.h.jpa.internal.util.LogHelper [,] - HHH000204: Processing PersistenceUnitInfo [name: default]
2026-07-29 17:29:39.480 [main] INFO  org.hibernate.Version [,] - HHH000412: Hibernate ORM core version 6.4.4.Final
2026-07-29 17:29:39.503 [main] INFO  o.h.c.i.RegionFactoryInitiator [,] - HHH000026: Second-level cache disabled
2026-07-29 17:29:39.647 [main] INFO  o.s.o.j.p.SpringPersistenceUnitInfo [,] - No LoadTimeWeaver setup: ignoring JPA class transformer
2026-07-29 17:29:39.667 [main] INFO  com.zaxxer.hikari.HikariDataSource [,] - HikariPool-1 - Starting...
2026-07-29 17:29:39.776 [main] INFO  com.zaxxer.hikari.pool.HikariPool [,] - HikariPool-1 - Added connection org.postgresql.jdbc.PgConnection@106edde4
2026-07-29 17:29:39.777 [main] INFO  com.zaxxer.hikari.HikariDataSource [,] - HikariPool-1 - Start completed.
2026-07-29 17:29:39.805 [main] WARN  org.hibernate.orm.deprecation [,] - HHH90000025: PostgreSQLDialect does not need to be specified explicitly using 'hibernate.dialect' (remove the property setting and it will be selected by default)
2026-07-29 17:29:41.100 [main] INFO  o.h.e.t.j.p.i.JtaPlatformInitiator [,] - HHH000489: No JTA platform available (set 'hibernate.transaction.jta.platform' to enable JTA platform integration)
2026-07-29 17:29:41.417 [main] INFO  o.s.o.j.LocalContainerEntityManagerFactoryBean [,] - Initialized JPA EntityManagerFactory for persistence unit 'default'
2026-07-29 17:29:41.693 [main] INFO  o.s.d.j.r.query.QueryEnhancerFactory [,] - Hibernate is in classpath; If applicable, HQL parser will be used.
2026-07-29 17:29:44.127 [main] WARN  o.s.b.a.o.j.JpaBaseConfiguration$JpaWebConfiguration [,] - spring.jpa.open-in-view is enabled by default. Therefore, database queries may be performed during view rendering. Explicitly configure spring.jpa.open-in-view to disable this warning
2026-07-29 17:29:44.563 [main] INFO  o.s.b.a.e.web.EndpointLinksResolver [,] - Exposing 4 endpoint(s) beneath base path '/actuator'
2026-07-29 17:29:44.646 [main] INFO  o.s.s.web.DefaultSecurityFilterChain [,] - Will secure any request with [org.springframework.security.web.session.DisableEncodeUrlFilter@7e5ecc5f, org.springframework.security.web.context.request.async.WebAsyncManagerIntegrationFilter@13e0272a, org.springframework.security.web.context.SecurityContextHolderFilter@4c42024c, org.springframework.security.web.header.HeaderWriterFilter@d0f7018, org.springframework.web.filter.CorsFilter@aee4e71, org.springframework.security.web.authentication.logout.LogoutFilter@641312f, com.buildingmanager.security.JwtFilter@6f4fa62f, org.springframework.security.web.savedrequest.RequestCacheAwareFilter@150cf9aa, org.springframework.security.web.servletapi.SecurityContextHolderAwareRequestFilter@269ae5fa, org.springframework.security.web.authentication.AnonymousAuthenticationFilter@3b9550fc, org.springframework.security.web.session.SessionManagementFilter@1953dc1c, org.springframework.security.web.access.ExceptionTranslationFilter@7d039e13, org.springframework.security.web.access.intercept.AuthorizationFilter@3116f1c6]
2026-07-29 17:29:45.202 [main] INFO  o.a.coyote.http11.Http11NioProtocol [,] - Starting ProtocolHandler ["http-nio-8080"]
2026-07-29 17:29:45.217 [main] INFO  o.s.b.w.e.tomcat.TomcatWebServer [,] - Tomcat started on port 8080 (http) with context path ''
2026-07-29 17:29:45.227 [main] INFO  c.b.BuildingManagerNetworkApiApplication [,] - Started BuildingManagerNetworkApiApplication in 8.115 seconds (process running for 8.57)
2026-07-29 17:29:45.576 [RMI TCP Connection(3)-192.168.1.9] INFO  o.a.c.c.C.[Tomcat].[localhost].[/] [,] - Initializing Spring DispatcherServlet 'dispatcherServlet'
2026-07-29 17:29:45.576 [RMI TCP Connection(3)-192.168.1.9] INFO  o.s.web.servlet.DispatcherServlet [,] - Initializing Servlet 'dispatcherServlet'
2026-07-29 17:29:45.579 [RMI TCP Connection(3)-192.168.1.9] INFO  o.s.web.servlet.DispatcherServlet [,] - Completed initialization in 1 ms
2026-07-29 17:30:46.055 [RMI TCP Connection(2)-192.168.1.9] WARN  o.s.b.a.mail.MailHealthIndicator [,] - Mail health check failed
jakarta.mail.MessagingException: Got bad greeting from SMTP host: localhost, port: 1080, response: HTTP/1.1 408 Request Timeout

	at org.eclipse.angus.mail.smtp.SMTPTransport.openServer(SMTPTransport.java:2231)
	at org.eclipse.angus.mail.smtp.SMTPTransport.protocolConnect(SMTPTransport.java:729)
	at jakarta.mail.Service.connect(Service.java:345)
	at org.springframework.mail.javamail.JavaMailSenderImpl.connectTransport(JavaMailSenderImpl.java:480)
	at org.springframework.mail.javamail.JavaMailSenderImpl.testConnection(JavaMailSenderImpl.java:360)
	at org.springframework.boot.actuate.mail.MailHealthIndicator.doHealthCheck(MailHealthIndicator.java:52)
	at org.springframework.boot.actuate.health.AbstractHealthIndicator.health(AbstractHealthIndicator.java:82)
	at org.springframework.boot.actuate.health.HealthIndicator.getHealth(HealthIndicator.java:37)
	at org.springframework.boot.actuate.health.HealthEndpoint.getHealth(HealthEndpoint.java:82)
	at org.springframework.boot.actuate.health.HealthEndpoint.getHealth(HealthEndpoint.java:41)
	at org.springframework.boot.actuate.health.HealthEndpointSupport.getLoggedHealth(HealthEndpointSupport.java:172)
	at org.springframework.boot.actuate.health.HealthEndpointSupport.getContribution(HealthEndpointSupport.java:145)
	at org.springframework.boot.actuate.health.HealthEndpointSupport.getAggregateContribution(HealthEndpointSupport.java:156)
	at org.springframework.boot.actuate.health.HealthEndpointSupport.getContribution(HealthEndpointSupport.java:141)
	at org.springframework.boot.actuate.health.HealthEndpointSupport.getHealth(HealthEndpointSupport.java:110)
	at org.springframework.boot.actuate.health.HealthEndpointSupport.getHealth(HealthEndpointSupport.java:81)
	at org.springframework.boot.actuate.health.HealthEndpoint.health(HealthEndpoint.java:76)
	at org.springframework.boot.actuate.health.HealthEndpoint.health(HealthEndpoint.java:66)
	at java.base/jdk.internal.reflect.DirectMethodHandleAccessor.invoke(DirectMethodHandleAccessor.java:103)
	at java.base/java.lang.reflect.Method.invoke(Method.java:580)
	at org.springframework.util.ReflectionUtils.invokeMethod(ReflectionUtils.java:281)
	at org.springframework.boot.actuate.endpoint.invoke.reflect.ReflectiveOperationInvoker.invoke(ReflectiveOperationInvoker.java:74)
	at org.springframework.boot.actuate.endpoint.annotation.AbstractDiscoveredOperation.invoke(AbstractDiscoveredOperation.java:60)
	at org.springframework.boot.actuate.endpoint.jmx.EndpointMBean.invoke(EndpointMBean.java:124)
	at org.springframework.boot.actuate.endpoint.jmx.EndpointMBean.invoke(EndpointMBean.java:97)
	at java.management/com.sun.jmx.interceptor.DefaultMBeanServerInterceptor.invoke(DefaultMBeanServerInterceptor.java:803)
	at java.management/com.sun.jmx.mbeanserver.JmxMBeanServer.invoke(JmxMBeanServer.java:802)
	at java.management.rmi/javax.management.remote.rmi.RMIConnectionImpl.doOperation(RMIConnectionImpl.java:1520)
	at java.management.rmi/javax.management.remote.rmi.RMIConnectionImpl$PrivilegedOperation.run(RMIConnectionImpl.java:1348)
	at java.management.rmi/javax.management.remote.rmi.RMIConnectionImpl.doPrivilegedOperation(RMIConnectionImpl.java:1435)
	at java.management.rmi/javax.management.remote.rmi.RMIConnectionImpl.invoke(RMIConnectionImpl.java:841)
	at java.base/jdk.internal.reflect.DirectMethodHandleAccessor.invoke(DirectMethodHandleAccessor.java:103)
	at java.base/java.lang.reflect.Method.invoke(Method.java:580)
	at java.rmi/sun.rmi.server.UnicastServerRef.dispatch(UnicastServerRef.java:360)
	at java.rmi/sun.rmi.transport.Transport$1.run(Transport.java:200)
	at java.rmi/sun.rmi.transport.Transport$1.run(Transport.java:197)
	at java.base/java.security.AccessController.doPrivileged(AccessController.java:714)
	at java.rmi/sun.rmi.transport.Transport.serviceCall(Transport.java:196)
	at java.rmi/sun.rmi.transport.tcp.TCPTransport.handleMessages(TCPTransport.java:598)
	at java.rmi/sun.rmi.transport.tcp.TCPTransport$ConnectionHandler.run0(TCPTransport.java:844)
	at java.rmi/sun.rmi.transport.tcp.TCPTransport$ConnectionHandler.lambda$run$0(TCPTransport.java:721)
	at java.base/java.security.AccessController.doPrivileged(AccessController.java:400)
	at java.rmi/sun.rmi.transport.tcp.TCPTransport$ConnectionHandler.run(TCPTransport.java:720)
	at java.base/java.util.concurrent.ThreadPoolExecutor.runWorker(ThreadPoolExecutor.java:1144)
	at java.base/java.util.concurrent.ThreadPoolExecutor$Worker.run(ThreadPoolExecutor.java:642)
	at java.base/java.lang.Thread.run(Thread.java:1575)
2026-07-29 17:30:46.061 [RMI TCP Connection(2)-192.168.1.9] WARN  o.s.b.a.health.HealthEndpointSupport [,] - Health contributor org.springframework.boot.actuate.mail.MailHealthIndicator (mail) took 60477ms to respond
2026-07-29 17:31:33.243 [http-nio-8080-exec-5] INFO  c.b.u.UserDashboardService [6a6a0ec5244719340baea6e2f8abd6b8,4c4459361010e6ee] - Loading dashboard history for user 18
2026-07-29 17:31:33.243 [http-nio-8080-exec-2] INFO  c.b.u.UserDashboardService [6a6a0ec5316bcd28861d1b5f46ad5849,4d30f66432fab5b0] -   Loading dashboard for user 18
2026-07-29 17:31:33.262 [http-nio-8080-exec-2] INFO  c.b.u.UserDashboardService [6a6a0ec5316bcd28861d1b5f46ad5849,4d30f66432fab5b0] - Selected OWNER apartment 52
2026-07-29 17:31:33.264 [http-nio-8080-exec-2] WARN  c.b.u.UserDashboardService [6a6a0ec5316bcd28861d1b5f46ad5849,4d30f66432fab5b0] - No statements found for building 12
2026-07-29 17:31:33.283 [http-nio-8080-exec-7] INFO  c.b.u.UserDashboardService [6a6a0ec5668ef2fa035947b0518b66aa,dd2561523264d107] -   Loading dashboard for user 18
2026-07-29 17:31:33.292 [http-nio-8080-exec-7] INFO  c.b.u.UserDashboardService [6a6a0ec5668ef2fa035947b0518b66aa,dd2561523264d107] - Selected OWNER apartment 52
2026-07-29 17:31:33.293 [http-nio-8080-exec-7] WARN  c.b.u.UserDashboardService [6a6a0ec5668ef2fa035947b0518b66aa,dd2561523264d107] - No statements found for building 12
2026-07-29 17:31:33.942 [AsyncReporter{org.springframework.boot.actuate.autoconfigure.tracing.zipkin.ZipkinRestTemplateSender@69d7bc1a}] WARN  z.r.AsyncReporter$BoundedAsyncReporter [,] - Spans were dropped due to exceptions. All subsequent errors will be logged at FINE level.
2026-07-29 17:31:33.942 [AsyncReporter{org.springframework.boot.actuate.autoconfigure.tracing.zipkin.ZipkinRestTemplateSender@69d7bc1a}] WARN  z.r.AsyncReporter$BoundedAsyncReporter [,] - Dropped 93 spans due to ResourceAccessException(I/O error on POST request for "http://localhost:9411/api/v2/spans": Connection refused: getsockopt)
org.springframework.web.client.ResourceAccessException: I/O error on POST request for "http://localhost:9411/api/v2/spans": Connection refused: getsockopt
	at org.springframework.web.client.RestTemplate.createResourceAccessException(RestTemplate.java:915)
	at org.springframework.web.client.RestTemplate.doExecute(RestTemplate.java:895)
	at org.springframework.web.client.RestTemplate.execute(RestTemplate.java:790)
	at org.springframework.web.client.RestTemplate.exchange(RestTemplate.java:672)
	at org.springframework.boot.actuate.autoconfigure.tracing.zipkin.ZipkinRestTemplateSender$RestTemplateHttpPostCall.doExecute(ZipkinRestTemplateSender.java:68)
	at org.springframework.boot.actuate.autoconfigure.tracing.zipkin.ZipkinRestTemplateSender$RestTemplateHttpPostCall.doExecute(ZipkinRestTemplateSender.java:48)
	at zipkin2.Call$Base.execute(Call.java:391)
	at zipkin2.reporter.AsyncReporter$BoundedAsyncReporter.flush(AsyncReporter.java:299)
	at zipkin2.reporter.AsyncReporter$Flusher.run(AsyncReporter.java:378)
	at java.base/java.lang.Thread.run(Thread.java:1575)
Caused by: java.net.ConnectException: Connection refused: getsockopt
	at java.base/sun.nio.ch.Net.pollConnect(Native Method)
	at java.base/sun.nio.ch.Net.pollConnectNow(Net.java:682)
	at java.base/sun.nio.ch.NioSocketImpl.timedFinishConnect(NioSocketImpl.java:542)
	at java.base/sun.nio.ch.NioSocketImpl.connect(NioSocketImpl.java:592)
	at java.base/java.net.Socket.connect(Socket.java:760)
	at java.base/sun.net.NetworkClient.doConnect(NetworkClient.java:178)
	at java.base/sun.net.www.http.HttpClient.openServer(HttpClient.java:531)
	at java.base/sun.net.www.http.HttpClient.openServer(HttpClient.java:636)
	at java.base/sun.net.www.http.HttpClient.<init>(HttpClient.java:280)
	at java.base/sun.net.www.http.HttpClient.New(HttpClient.java:386)
	at java.base/sun.net.www.http.HttpClient.New(HttpClient.java:408)
	at java.base/sun.net.www.protocol.http.HttpURLConnection.getNewHttpClient(HttpURLConnection.java:1310)
	at java.base/sun.net.www.protocol.http.HttpURLConnection.plainConnect0(HttpURLConnection.java:1243)
	at java.base/sun.net.www.protocol.http.HttpURLConnection.plainConnect(HttpURLConnection.java:1129)
	at java.base/sun.net.www.protocol.http.HttpURLConnection.connect(HttpURLConnection.java:1058)
	at org.springframework.http.client.SimpleClientHttpRequest.executeInternal(SimpleClientHttpRequest.java:79)
	at org.springframework.http.client.AbstractStreamingClientHttpRequest.executeInternal(AbstractStreamingClientHttpRequest.java:70)
	at org.springframework.http.client.AbstractClientHttpRequest.execute(AbstractClientHttpRequest.java:66)
	at org.springframework.web.client.RestTemplate.doExecute(RestTemplate.java:889)
	... 8 common frames omitted
2026-07-29 18:31:07.389 [http-nio-8080-exec-8] INFO  c.b.u.UserDashboardService [6a6a1cbb839ed156dcf98e59e31a0f05,2b5a7dd8e1dcb18f] -   Loading dashboard for user 18
2026-07-29 18:31:07.394 [http-nio-8080-exec-4] INFO  c.b.u.UserDashboardService [6a6a1cbb986469fdae1484b2cdf6a686,5011a0e08b9f13af] - Loading dashboard history for user 18
2026-07-29 18:31:07.406 [http-nio-8080-exec-8] INFO  c.b.u.UserDashboardService [6a6a1cbb839ed156dcf98e59e31a0f05,2b5a7dd8e1dcb18f] - Selected OWNER apartment 52
2026-07-29 18:31:07.409 [http-nio-8080-exec-8] WARN  c.b.u.UserDashboardService [6a6a1cbb839ed156dcf98e59e31a0f05,2b5a7dd8e1dcb18f] - No statements found for building 12
2026-07-29 18:31:07.419 [http-nio-8080-exec-1] INFO  c.b.u.UserDashboardService [6a6a1cbbc31a756b0f3d0c7a3408a132,0aa211f4974331ce] -   Loading dashboard for user 18
2026-07-29 18:31:07.425 [http-nio-8080-exec-1] INFO  c.b.u.UserDashboardService [6a6a1cbbc31a756b0f3d0c7a3408a132,0aa211f4974331ce] - Selected OWNER apartment 52
2026-07-29 18:31:07.426 [http-nio-8080-exec-1] WARN  c.b.u.UserDashboardService [6a6a1cbbc31a756b0f3d0c7a3408a132,0aa211f4974331ce] - No statements found for building 12
2026-07-29 18:37:34.055 [background-preinit] INFO  o.h.validator.internal.util.Version [,] - HV000001: Hibernate Validator 8.0.1.Final
2026-07-29 18:37:34.075 [main] INFO  c.b.BuildingManagerNetworkApiApplicationTests [,] - Starting BuildingManagerNetworkApiApplicationTests using Java 21.0.5 with PID 4372 (started by FotisPamp in C:\Users\FotisPamp\Documents\GitHub\building-manager-network)
2026-07-29 18:37:34.077 [main] INFO  c.b.BuildingManagerNetworkApiApplicationTests [,] - The following 1 profile is active: "dev"
2026-07-29 18:37:36.146 [main] INFO  o.s.d.r.c.RepositoryConfigurationDelegate [,] - Bootstrapping Spring Data JPA repositories in DEFAULT mode.
2026-07-29 18:37:36.272 [main] INFO  o.s.d.r.c.RepositoryConfigurationDelegate [,] - Finished Spring Data repository scanning in 120 ms. Found 28 JPA repository interfaces.
2026-07-29 18:37:38.011 [main] INFO  o.h.jpa.internal.util.LogHelper [,] - HHH000204: Processing PersistenceUnitInfo [name: default]
2026-07-29 18:37:38.198 [main] INFO  org.hibernate.Version [,] - HHH000412: Hibernate ORM core version 6.4.4.Final
2026-07-29 18:37:38.303 [main] INFO  o.h.c.i.RegionFactoryInitiator [,] - HHH000026: Second-level cache disabled
2026-07-29 18:37:38.451 [main] INFO  o.s.o.j.p.SpringPersistenceUnitInfo [,] - No LoadTimeWeaver setup: ignoring JPA class transformer
2026-07-29 18:37:38.484 [main] INFO  com.zaxxer.hikari.HikariDataSource [,] - HikariPool-1 - Starting...
2026-07-29 18:37:38.590 [main] INFO  com.zaxxer.hikari.pool.HikariPool [,] - HikariPool-1 - Added connection org.postgresql.jdbc.PgConnection@6c54d0dc
2026-07-29 18:37:38.591 [main] INFO  com.zaxxer.hikari.HikariDataSource [,] - HikariPool-1 - Start completed.
2026-07-29 18:37:38.618 [main] WARN  org.hibernate.orm.deprecation [,] - HHH90000025: PostgreSQLDialect does not need to be specified explicitly using 'hibernate.dialect' (remove the property setting and it will be selected by default)
2026-07-29 18:37:40.107 [main] INFO  o.h.e.t.j.p.i.JtaPlatformInitiator [,] - HHH000489: No JTA platform available (set 'hibernate.transaction.jta.platform' to enable JTA platform integration)
2026-07-29 18:37:40.496 [main] INFO  o.s.o.j.LocalContainerEntityManagerFactoryBean [,] - Initialized JPA EntityManagerFactory for persistence unit 'default'
2026-07-29 18:37:41.099 [main] INFO  o.s.d.j.r.query.QueryEnhancerFactory [,] - Hibernate is in classpath; If applicable, HQL parser will be used.
2026-07-29 18:37:44.489 [main] WARN  o.s.b.a.o.j.JpaBaseConfiguration$JpaWebConfiguration [,] - spring.jpa.open-in-view is enabled by default. Therefore, database queries may be performed during view rendering. Explicitly configure spring.jpa.open-in-view to disable this warning
2026-07-29 18:37:45.089 [main] INFO  o.s.b.a.e.web.EndpointLinksResolver [,] - Exposing 3 endpoint(s) beneath base path '/actuator'
2026-07-29 18:37:45.155 [main] INFO  o.s.s.web.DefaultSecurityFilterChain [,] - Will secure any request with [org.springframework.security.web.session.DisableEncodeUrlFilter@cf68fb2, org.springframework.security.web.context.request.async.WebAsyncManagerIntegrationFilter@58f1c4fb, org.springframework.security.web.context.SecurityContextHolderFilter@49f47fef, org.springframework.security.web.header.HeaderWriterFilter@10e222a7, org.springframework.web.filter.CorsFilter@aa00336, org.springframework.security.web.authentication.logout.LogoutFilter@13449e7b, com.buildingmanager.security.JwtFilter@7a4d1c9f, org.springframework.security.web.savedrequest.RequestCacheAwareFilter@13da10da, org.springframework.security.web.servletapi.SecurityContextHolderAwareRequestFilter@7298a2c1, org.springframework.security.web.authentication.AnonymousAuthenticationFilter@4a0176f1, org.springframework.security.web.session.SessionManagementFilter@3dffaf90, org.springframework.security.web.access.ExceptionTranslationFilter@1cbdcfc0, org.springframework.security.web.access.intercept.AuthorizationFilter@6c4b93b2]
2026-07-29 18:37:45.784 [main] INFO  c.b.BuildingManagerNetworkApiApplicationTests [,] - Started BuildingManagerNetworkApiApplicationTests in 12.042 seconds (process running for 14.489)
2026-07-29 18:37:46.422 [main] INFO  o.s.mock.web.MockServletContext [,] - Initializing Spring TestDispatcherServlet ''
2026-07-29 18:37:46.423 [main] INFO  o.s.t.w.s.TestDispatcherServlet [,] - Initializing Servlet ''
2026-07-29 18:37:46.423 [main] INFO  o.s.t.w.s.TestDispatcherServlet [,] - Completed initialization in 0 ms
2026-07-29 18:37:46.529 [main] INFO  o.s.mock.web.MockServletContext [,] - Initializing Spring TestDispatcherServlet ''
2026-07-29 18:37:46.529 [main] INFO  o.s.t.w.s.TestDispatcherServlet [,] - Initializing Servlet ''
2026-07-29 18:37:46.529 [main] INFO  o.s.t.w.s.TestDispatcherServlet [,] - Completed initialization in 0 ms
2026-07-29 18:37:46.668 [main] INFO  o.s.mock.web.MockServletContext [,] - Initializing Spring TestDispatcherServlet ''
2026-07-29 18:37:46.668 [main] INFO  o.s.t.w.s.TestDispatcherServlet [,] - Initializing Servlet ''
2026-07-29 18:37:46.668 [main] INFO  o.s.t.w.s.TestDispatcherServlet [,] - Completed initialization in 0 ms
2026-07-29 18:37:46.710 [main] INFO  o.s.mock.web.MockServletContext [,] - Initializing Spring TestDispatcherServlet ''
2026-07-29 18:37:46.710 [main] INFO  o.s.t.w.s.TestDispatcherServlet [,] - Initializing Servlet ''
2026-07-29 18:37:46.711 [main] INFO  o.s.t.w.s.TestDispatcherServlet [,] - Completed initialization in 1 ms
2026-07-29 18:37:46.737 [main] INFO  o.s.mock.web.MockServletContext [,] - Initializing Spring TestDispatcherServlet ''
2026-07-29 18:37:46.737 [main] INFO  o.s.t.w.s.TestDispatcherServlet [,] - Initializing Servlet ''
2026-07-29 18:37:46.738 [main] INFO  o.s.t.w.s.TestDispatcherServlet [,] - Completed initialization in 0 ms
2026-07-29 18:37:46.754 [main] INFO  o.s.mock.web.MockServletContext [,] - Initializing Spring TestDispatcherServlet ''
2026-07-29 18:37:46.754 [main] INFO  o.s.t.w.s.TestDispatcherServlet [,] - Initializing Servlet ''
2026-07-29 18:37:46.755 [main] INFO  o.s.t.w.s.TestDispatcherServlet [,] - Completed initialization in 1 ms
2026-07-29 18:37:46.775 [main] INFO  o.s.mock.web.MockServletContext [,] - Initializing Spring TestDispatcherServlet ''
2026-07-29 18:37:46.775 [main] INFO  o.s.t.w.s.TestDispatcherServlet [,] - Initializing Servlet ''
2026-07-29 18:37:46.775 [main] INFO  o.s.t.w.s.TestDispatcherServlet [,] - Completed initialization in 0 ms
2026-07-29 18:37:46.802 [main] INFO  o.s.mock.web.MockServletContext [,] - Initializing Spring TestDispatcherServlet ''
2026-07-29 18:37:46.802 [main] INFO  o.s.t.w.s.TestDispatcherServlet [,] - Initializing Servlet ''
2026-07-29 18:37:46.802 [main] INFO  o.s.t.w.s.TestDispatcherServlet [,] - Completed initialization in 0 ms
2026-07-29 18:37:46.826 [main] INFO  o.s.mock.web.MockServletContext [,] - Initializing Spring TestDispatcherServlet ''
2026-07-29 18:37:46.826 [main] INFO  o.s.t.w.s.TestDispatcherServlet [,] - Initializing Servlet ''
2026-07-29 18:37:46.826 [main] INFO  o.s.t.w.s.TestDispatcherServlet [,] - Completed initialization in 0 ms
2026-07-29 18:37:46.848 [main] INFO  o.s.mock.web.MockServletContext [,] - Initializing Spring TestDispatcherServlet ''
2026-07-29 18:37:46.849 [main] INFO  o.s.t.w.s.TestDispatcherServlet [,] - Initializing Servlet ''
2026-07-29 18:37:46.849 [main] INFO  o.s.t.w.s.TestDispatcherServlet [,] - Completed initialization in 0 ms
2026-07-29 18:37:46.883 [main] INFO  o.s.mock.web.MockServletContext [,] - Initializing Spring TestDispatcherServlet ''
2026-07-29 18:37:46.883 [main] INFO  o.s.t.w.s.TestDispatcherServlet [,] - Initializing Servlet ''
2026-07-29 18:37:46.884 [main] INFO  o.s.t.w.s.TestDispatcherServlet [,] - Completed initialization in 1 ms
2026-07-29 18:37:48.455 [SpringApplicationShutdownHook] INFO  o.s.o.j.LocalContainerEntityManagerFactoryBean [,] - Closing JPA EntityManagerFactory for persistence unit 'default'
2026-07-29 18:37:48.456 [SpringApplicationShutdownHook] INFO  com.zaxxer.hikari.HikariDataSource [,] - HikariPool-1 - Shutdown initiated...
2026-07-29 18:37:48.460 [SpringApplicationShutdownHook] INFO  com.zaxxer.hikari.HikariDataSource [,] - HikariPool-1 - Shutdown completed.
2026-07-29 18:38:05.115 [SpringApplicationShutdownHook] INFO  o.s.o.j.LocalContainerEntityManagerFactoryBean [,] - Closing JPA EntityManagerFactory for persistence unit 'default'
2026-07-29 18:38:05.116 [SpringApplicationShutdownHook] INFO  com.zaxxer.hikari.HikariDataSource [,] - HikariPool-1 - Shutdown initiated...
2026-07-29 18:38:05.118 [SpringApplicationShutdownHook] INFO  com.zaxxer.hikari.HikariDataSource [,] - HikariPool-1 - Shutdown completed.
2026-07-29 18:38:11.094 [background-preinit] INFO  o.h.validator.internal.util.Version [,] - HV000001: Hibernate Validator 8.0.1.Final
2026-07-29 18:38:11.120 [main] INFO  c.b.BuildingManagerNetworkApiApplication [,] - Starting BuildingManagerNetworkApiApplication using Java 23.0.2 with PID 27616 (C:\Users\FotisPamp\Documents\GitHub\building-manager-network\target\classes started by FotisPamp in C:\Users\FotisPamp\Documents\GitHub\building-manager-network)
2026-07-29 18:38:11.121 [main] INFO  c.b.BuildingManagerNetworkApiApplication [,] - The following 1 profile is active: "dev"
2026-07-29 18:38:11.819 [main] INFO  o.s.d.r.c.RepositoryConfigurationDelegate [,] - Bootstrapping Spring Data JPA repositories in DEFAULT mode.
2026-07-29 18:38:11.911 [main] INFO  o.s.d.r.c.RepositoryConfigurationDelegate [,] - Finished Spring Data repository scanning in 84 ms. Found 28 JPA repository interfaces.
2026-07-29 18:38:12.806 [main] INFO  o.s.b.w.e.tomcat.TomcatWebServer [,] - Tomcat initialized with port 8080 (http)
2026-07-29 18:38:12.813 [main] INFO  o.a.coyote.http11.Http11NioProtocol [,] - Initializing ProtocolHandler ["http-nio-8080"]
2026-07-29 18:38:12.814 [main] INFO  o.a.catalina.core.StandardService [,] - Starting service [Tomcat]
2026-07-29 18:38:12.814 [main] INFO  o.a.catalina.core.StandardEngine [,] - Starting Servlet engine: [Apache Tomcat/10.1.20]
2026-07-29 18:38:12.861 [main] INFO  o.a.c.c.C.[Tomcat].[localhost].[/] [,] - Initializing Spring embedded WebApplicationContext
2026-07-29 18:38:12.861 [main] INFO  o.s.b.w.s.c.ServletWebServerApplicationContext [,] - Root WebApplicationContext: initialization completed in 1691 ms
2026-07-29 18:38:13.237 [main] INFO  o.h.jpa.internal.util.LogHelper [,] - HHH000204: Processing PersistenceUnitInfo [name: default]
2026-07-29 18:38:13.273 [main] INFO  org.hibernate.Version [,] - HHH000412: Hibernate ORM core version 6.4.4.Final
2026-07-29 18:38:13.294 [main] INFO  o.h.c.i.RegionFactoryInitiator [,] - HHH000026: Second-level cache disabled
2026-07-29 18:38:13.448 [main] INFO  o.s.o.j.p.SpringPersistenceUnitInfo [,] - No LoadTimeWeaver setup: ignoring JPA class transformer
2026-07-29 18:38:13.465 [main] INFO  com.zaxxer.hikari.HikariDataSource [,] - HikariPool-1 - Starting...
2026-07-29 18:38:13.553 [main] INFO  com.zaxxer.hikari.pool.HikariPool [,] - HikariPool-1 - Added connection org.postgresql.jdbc.PgConnection@7de43652
2026-07-29 18:38:13.554 [main] INFO  com.zaxxer.hikari.HikariDataSource [,] - HikariPool-1 - Start completed.
2026-07-29 18:38:13.584 [main] WARN  org.hibernate.orm.deprecation [,] - HHH90000025: PostgreSQLDialect does not need to be specified explicitly using 'hibernate.dialect' (remove the property setting and it will be selected by default)
2026-07-29 18:38:14.708 [main] INFO  o.h.e.t.j.p.i.JtaPlatformInitiator [,] - HHH000489: No JTA platform available (set 'hibernate.transaction.jta.platform' to enable JTA platform integration)
2026-07-29 18:38:15.002 [main] INFO  o.s.o.j.LocalContainerEntityManagerFactoryBean [,] - Initialized JPA EntityManagerFactory for persistence unit 'default'
2026-07-29 18:38:15.240 [main] INFO  o.s.d.j.r.query.QueryEnhancerFactory [,] - Hibernate is in classpath; If applicable, HQL parser will be used.
2026-07-29 18:38:17.683 [main] WARN  o.s.b.a.o.j.JpaBaseConfiguration$JpaWebConfiguration [,] - spring.jpa.open-in-view is enabled by default. Therefore, database queries may be performed during view rendering. Explicitly configure spring.jpa.open-in-view to disable this warning
2026-07-29 18:38:18.119 [main] INFO  o.s.b.a.e.web.EndpointLinksResolver [,] - Exposing 4 endpoint(s) beneath base path '/actuator'
2026-07-29 18:38:18.194 [main] INFO  o.s.s.web.DefaultSecurityFilterChain [,] - Will secure any request with [org.springframework.security.web.session.DisableEncodeUrlFilter@468f790f, org.springframework.security.web.context.request.async.WebAsyncManagerIntegrationFilter@7d88f0b, org.springframework.security.web.context.SecurityContextHolderFilter@b00e9a7, org.springframework.security.web.header.HeaderWriterFilter@b0b3093, org.springframework.web.filter.CorsFilter@7360a15, org.springframework.security.web.authentication.logout.LogoutFilter@19314fee, com.buildingmanager.security.JwtFilter@1db33525, org.springframework.security.web.savedrequest.RequestCacheAwareFilter@7ee1e26b, org.springframework.security.web.servletapi.SecurityContextHolderAwareRequestFilter@a916734, org.springframework.security.web.authentication.AnonymousAuthenticationFilter@75820776, org.springframework.security.web.session.SessionManagementFilter@521c1cfb, org.springframework.security.web.access.ExceptionTranslationFilter@73cbe6ed, org.springframework.security.web.access.intercept.AuthorizationFilter@306fa069]
2026-07-29 18:38:18.716 [main] INFO  o.a.coyote.http11.Http11NioProtocol [,] - Starting ProtocolHandler ["http-nio-8080"]
2026-07-29 18:38:18.730 [main] INFO  o.s.b.w.e.tomcat.TomcatWebServer [,] - Tomcat started on port 8080 (http) with context path ''
2026-07-29 18:38:18.740 [main] INFO  c.b.BuildingManagerNetworkApiApplication [,] - Started BuildingManagerNetworkApiApplication in 8.019 seconds (process running for 8.468)
2026-07-29 18:38:19.230 [RMI TCP Connection(2)-192.168.1.9] INFO  o.a.c.c.C.[Tomcat].[localhost].[/] [,] - Initializing Spring DispatcherServlet 'dispatcherServlet'
2026-07-29 18:38:19.231 [RMI TCP Connection(2)-192.168.1.9] INFO  o.s.web.servlet.DispatcherServlet [,] - Initializing Servlet 'dispatcherServlet'
2026-07-29 18:38:19.233 [RMI TCP Connection(2)-192.168.1.9] INFO  o.s.web.servlet.DispatcherServlet [,] - Completed initialization in 2 ms
2026-07-29 18:39:46.390 [RMI TCP Connection(1)-192.168.1.9] WARN  o.s.b.a.mail.MailHealthIndicator [,] - Mail health check failed
jakarta.mail.MessagingException: Got bad greeting from SMTP host: localhost, port: 1080, response: HTTP/1.1 408 Request Timeout

	at org.eclipse.angus.mail.smtp.SMTPTransport.openServer(SMTPTransport.java:2231)
	at org.eclipse.angus.mail.smtp.SMTPTransport.protocolConnect(SMTPTransport.java:729)
	at jakarta.mail.Service.connect(Service.java:345)
	at org.springframework.mail.javamail.JavaMailSenderImpl.connectTransport(JavaMailSenderImpl.java:480)
	at org.springframework.mail.javamail.JavaMailSenderImpl.testConnection(JavaMailSenderImpl.java:360)
	at org.springframework.boot.actuate.mail.MailHealthIndicator.doHealthCheck(MailHealthIndicator.java:52)
	at org.springframework.boot.actuate.health.AbstractHealthIndicator.health(AbstractHealthIndicator.java:82)
	at org.springframework.boot.actuate.health.HealthIndicator.getHealth(HealthIndicator.java:37)
	at org.springframework.boot.actuate.health.HealthEndpoint.getHealth(HealthEndpoint.java:82)
	at org.springframework.boot.actuate.health.HealthEndpoint.getHealth(HealthEndpoint.java:41)
	at org.springframework.boot.actuate.health.HealthEndpointSupport.getLoggedHealth(HealthEndpointSupport.java:172)
	at org.springframework.boot.actuate.health.HealthEndpointSupport.getContribution(HealthEndpointSupport.java:145)
	at org.springframework.boot.actuate.health.HealthEndpointSupport.getAggregateContribution(HealthEndpointSupport.java:156)
	at org.springframework.boot.actuate.health.HealthEndpointSupport.getContribution(HealthEndpointSupport.java:141)
	at org.springframework.boot.actuate.health.HealthEndpointSupport.getHealth(HealthEndpointSupport.java:110)
	at org.springframework.boot.actuate.health.HealthEndpointSupport.getHealth(HealthEndpointSupport.java:81)
	at org.springframework.boot.actuate.health.HealthEndpoint.health(HealthEndpoint.java:76)
	at org.springframework.boot.actuate.health.HealthEndpoint.health(HealthEndpoint.java:66)
	at java.base/jdk.internal.reflect.DirectMethodHandleAccessor.invoke(DirectMethodHandleAccessor.java:103)
	at java.base/java.lang.reflect.Method.invoke(Method.java:580)
	at org.springframework.util.ReflectionUtils.invokeMethod(ReflectionUtils.java:281)
	at org.springframework.boot.actuate.endpoint.invoke.reflect.ReflectiveOperationInvoker.invoke(ReflectiveOperationInvoker.java:74)
	at org.springframework.boot.actuate.endpoint.annotation.AbstractDiscoveredOperation.invoke(AbstractDiscoveredOperation.java:60)
	at org.springframework.boot.actuate.endpoint.jmx.EndpointMBean.invoke(EndpointMBean.java:124)
	at org.springframework.boot.actuate.endpoint.jmx.EndpointMBean.invoke(EndpointMBean.java:97)
	at java.management/com.sun.jmx.interceptor.DefaultMBeanServerInterceptor.invoke(DefaultMBeanServerInterceptor.java:803)
	at java.management/com.sun.jmx.mbeanserver.JmxMBeanServer.invoke(JmxMBeanServer.java:802)
	at java.management.rmi/javax.management.remote.rmi.RMIConnectionImpl.doOperation(RMIConnectionImpl.java:1520)
	at java.management.rmi/javax.management.remote.rmi.RMIConnectionImpl$PrivilegedOperation.run(RMIConnectionImpl.java:1348)
	at java.management.rmi/javax.management.remote.rmi.RMIConnectionImpl.doPrivilegedOperation(RMIConnectionImpl.java:1435)
	at java.management.rmi/javax.management.remote.rmi.RMIConnectionImpl.invoke(RMIConnectionImpl.java:841)
	at java.base/jdk.internal.reflect.DirectMethodHandleAccessor.invoke(DirectMethodHandleAccessor.java:103)
	at java.base/java.lang.reflect.Method.invoke(Method.java:580)
	at java.rmi/sun.rmi.server.UnicastServerRef.dispatch(UnicastServerRef.java:360)
	at java.rmi/sun.rmi.transport.Transport$1.run(Transport.java:200)
	at java.rmi/sun.rmi.transport.Transport$1.run(Transport.java:197)
	at java.base/java.security.AccessController.doPrivileged(AccessController.java:714)
	at java.rmi/sun.rmi.transport.Transport.serviceCall(Transport.java:196)
	at java.rmi/sun.rmi.transport.tcp.TCPTransport.handleMessages(TCPTransport.java:598)
	at java.rmi/sun.rmi.transport.tcp.TCPTransport$ConnectionHandler.run0(TCPTransport.java:844)
	at java.rmi/sun.rmi.transport.tcp.TCPTransport$ConnectionHandler.lambda$run$0(TCPTransport.java:721)
	at java.base/java.security.AccessController.doPrivileged(AccessController.java:400)
	at java.rmi/sun.rmi.transport.tcp.TCPTransport$ConnectionHandler.run(TCPTransport.java:720)
	at java.base/java.util.concurrent.ThreadPoolExecutor.runWorker(ThreadPoolExecutor.java:1144)
	at java.base/java.util.concurrent.ThreadPoolExecutor$Worker.run(ThreadPoolExecutor.java:642)
	at java.base/java.lang.Thread.run(Thread.java:1575)
2026-07-29 18:39:46.395 [RMI TCP Connection(1)-192.168.1.9] WARN  o.s.b.a.health.HealthEndpointSupport [,] - Health contributor org.springframework.boot.actuate.mail.MailHealthIndicator (mail) took 87159ms to respond
2026-07-29 18:52:19.309 [http-nio-8080-exec-9] INFO  c.b.u.UserDashboardService [6a6a21b3ae2b6702ae34ff77595f3bbd,72d6568bc6e001bc] -   Loading dashboard for user 18
2026-07-29 18:52:19.309 [http-nio-8080-exec-10] INFO  c.b.u.UserDashboardService [6a6a21b354851d0c7f160241a3a10373,e7ce2b9fdea7a112] - Loading dashboard history for user 18
2026-07-29 18:52:19.330 [http-nio-8080-exec-9] INFO  c.b.u.UserDashboardService [6a6a21b3ae2b6702ae34ff77595f3bbd,72d6568bc6e001bc] - Selected OWNER apartment 52
2026-07-29 18:52:19.333 [http-nio-8080-exec-9] WARN  c.b.u.UserDashboardService [6a6a21b3ae2b6702ae34ff77595f3bbd,72d6568bc6e001bc] - No statements found for building 12
2026-07-29 18:52:19.364 [http-nio-8080-exec-1] INFO  c.b.u.UserDashboardService [6a6a21b3321aa0596cc05e4df7c4740a,dcf2ef822faccbde] -   Loading dashboard for user 18
2026-07-29 18:52:19.372 [http-nio-8080-exec-1] INFO  c.b.u.UserDashboardService [6a6a21b3321aa0596cc05e4df7c4740a,dcf2ef822faccbde] - Selected OWNER apartment 52
2026-07-29 18:52:19.374 [http-nio-8080-exec-1] WARN  c.b.u.UserDashboardService [6a6a21b3321aa0596cc05e4df7c4740a,dcf2ef822faccbde] - No statements found for building 12
2026-07-29 18:52:20.236 [AsyncReporter{org.springframework.boot.actuate.autoconfigure.tracing.zipkin.ZipkinRestTemplateSender@5534e6f1}] WARN  z.r.AsyncReporter$BoundedAsyncReporter [,] - Spans were dropped due to exceptions. All subsequent errors will be logged at FINE level.
2026-07-29 18:52:20.237 [AsyncReporter{org.springframework.boot.actuate.autoconfigure.tracing.zipkin.ZipkinRestTemplateSender@5534e6f1}] WARN  z.r.AsyncReporter$BoundedAsyncReporter [,] - Dropped 85 spans due to ResourceAccessException(I/O error on POST request for "http://localhost:9411/api/v2/spans": Connection refused: getsockopt)
org.springframework.web.client.ResourceAccessException: I/O error on POST request for "http://localhost:9411/api/v2/spans": Connection refused: getsockopt
	at org.springframework.web.client.RestTemplate.createResourceAccessException(RestTemplate.java:915)
	at org.springframework.web.client.RestTemplate.doExecute(RestTemplate.java:895)
	at org.springframework.web.client.RestTemplate.execute(RestTemplate.java:790)
	at org.springframework.web.client.RestTemplate.exchange(RestTemplate.java:672)
	at org.springframework.boot.actuate.autoconfigure.tracing.zipkin.ZipkinRestTemplateSender$RestTemplateHttpPostCall.doExecute(ZipkinRestTemplateSender.java:68)
	at org.springframework.boot.actuate.autoconfigure.tracing.zipkin.ZipkinRestTemplateSender$RestTemplateHttpPostCall.doExecute(ZipkinRestTemplateSender.java:48)
	at zipkin2.Call$Base.execute(Call.java:391)
	at zipkin2.reporter.AsyncReporter$BoundedAsyncReporter.flush(AsyncReporter.java:299)
	at zipkin2.reporter.AsyncReporter$Flusher.run(AsyncReporter.java:378)
	at java.base/java.lang.Thread.run(Thread.java:1575)
Caused by: java.net.ConnectException: Connection refused: getsockopt
	at java.base/sun.nio.ch.Net.pollConnect(Native Method)
	at java.base/sun.nio.ch.Net.pollConnectNow(Net.java:682)
	at java.base/sun.nio.ch.NioSocketImpl.timedFinishConnect(NioSocketImpl.java:542)
	at java.base/sun.nio.ch.NioSocketImpl.connect(NioSocketImpl.java:592)
	at java.base/java.net.Socket.connect(Socket.java:760)
	at java.base/sun.net.NetworkClient.doConnect(NetworkClient.java:178)
	at java.base/sun.net.www.http.HttpClient.openServer(HttpClient.java:531)
	at java.base/sun.net.www.http.HttpClient.openServer(HttpClient.java:636)
	at java.base/sun.net.www.http.HttpClient.<init>(HttpClient.java:280)
	at java.base/sun.net.www.http.HttpClient.New(HttpClient.java:386)
	at java.base/sun.net.www.http.HttpClient.New(HttpClient.java:408)
	at java.base/sun.net.www.protocol.http.HttpURLConnection.getNewHttpClient(HttpURLConnection.java:1310)
	at java.base/sun.net.www.protocol.http.HttpURLConnection.plainConnect0(HttpURLConnection.java:1243)
	at java.base/sun.net.www.protocol.http.HttpURLConnection.plainConnect(HttpURLConnection.java:1129)
	at java.base/sun.net.www.protocol.http.HttpURLConnection.connect(HttpURLConnection.java:1058)
	at org.springframework.http.client.SimpleClientHttpRequest.executeInternal(SimpleClientHttpRequest.java:79)
	at org.springframework.http.client.AbstractStreamingClientHttpRequest.executeInternal(AbstractStreamingClientHttpRequest.java:70)
	at org.springframework.http.client.AbstractClientHttpRequest.execute(AbstractClientHttpRequest.java:66)
	at org.springframework.web.client.RestTemplate.doExecute(RestTemplate.java:889)
	... 8 common frames omitted
2026-07-29 19:22:11.424 [http-nio-8080-exec-8] INFO  c.b.u.UserDashboardService [6a6a28b375257856a8ffb0360aff0a75,612a576b3ca5a9f4] -   Loading dashboard for user 18
2026-07-29 19:22:11.424 [http-nio-8080-exec-2] INFO  c.b.u.UserDashboardService [6a6a28b3808a88d621b9aaf9d97e3e07,aeadf46c4b143ee6] - Loading dashboard history for user 18
2026-07-29 19:22:11.439 [http-nio-8080-exec-8] INFO  c.b.u.UserDashboardService [6a6a28b375257856a8ffb0360aff0a75,612a576b3ca5a9f4] - Selected OWNER apartment 52
2026-07-29 19:22:11.442 [http-nio-8080-exec-8] WARN  c.b.u.UserDashboardService [6a6a28b375257856a8ffb0360aff0a75,612a576b3ca5a9f4] - No statements found for building 12
2026-07-29 19:22:11.450 [http-nio-8080-exec-4] INFO  c.b.u.UserDashboardService [6a6a28b318fc4e33d3db8ff45ae81b69,603fe88c3b51b53a] -   Loading dashboard for user 18
2026-07-29 19:22:11.455 [http-nio-8080-exec-4] INFO  c.b.u.UserDashboardService [6a6a28b318fc4e33d3db8ff45ae81b69,603fe88c3b51b53a] - Selected OWNER apartment 52
2026-07-29 19:22:11.456 [http-nio-8080-exec-4] WARN  c.b.u.UserDashboardService [6a6a28b318fc4e33d3db8ff45ae81b69,603fe88c3b51b53a] - No statements found for building 12
2026-07-29 19:30:25.586 [background-preinit] INFO  o.h.validator.internal.util.Version [,] - HV000001: Hibernate Validator 8.0.1.Final
2026-07-29 19:30:25.623 [main] INFO  c.b.BuildingManagerNetworkApiApplicationTests [,] - Starting BuildingManagerNetworkApiApplicationTests using Java 21.0.5 with PID 26128 (started by FotisPamp in C:\Users\FotisPamp\Documents\GitHub\building-manager-network)
2026-07-29 19:30:25.624 [main] INFO  c.b.BuildingManagerNetworkApiApplicationTests [,] - The following 1 profile is active: "dev"
2026-07-29 19:30:27.835 [main] INFO  o.s.d.r.c.RepositoryConfigurationDelegate [,] - Bootstrapping Spring Data JPA repositories in DEFAULT mode.
2026-07-29 19:30:27.963 [main] INFO  o.s.d.r.c.RepositoryConfigurationDelegate [,] - Finished Spring Data repository scanning in 122 ms. Found 28 JPA repository interfaces.
2026-07-29 19:30:29.812 [main] INFO  o.h.jpa.internal.util.LogHelper [,] - HHH000204: Processing PersistenceUnitInfo [name: default]
2026-07-29 19:30:30.007 [main] INFO  org.hibernate.Version [,] - HHH000412: Hibernate ORM core version 6.4.4.Final
2026-07-29 19:30:30.059 [main] INFO  o.h.c.i.RegionFactoryInitiator [,] - HHH000026: Second-level cache disabled
2026-07-29 19:30:30.188 [main] INFO  o.s.o.j.p.SpringPersistenceUnitInfo [,] - No LoadTimeWeaver setup: ignoring JPA class transformer
2026-07-29 19:30:30.217 [main] INFO  com.zaxxer.hikari.HikariDataSource [,] - HikariPool-1 - Starting...
2026-07-29 19:30:30.348 [main] INFO  com.zaxxer.hikari.pool.HikariPool [,] - HikariPool-1 - Added connection org.postgresql.jdbc.PgConnection@5e08ed28
2026-07-29 19:30:30.350 [main] INFO  com.zaxxer.hikari.HikariDataSource [,] - HikariPool-1 - Start completed.
2026-07-29 19:30:30.383 [main] WARN  org.hibernate.orm.deprecation [,] - HHH90000025: PostgreSQLDialect does not need to be specified explicitly using 'hibernate.dialect' (remove the property setting and it will be selected by default)
2026-07-29 19:30:32.011 [main] INFO  o.h.e.t.j.p.i.JtaPlatformInitiator [,] - HHH000489: No JTA platform available (set 'hibernate.transaction.jta.platform' to enable JTA platform integration)
2026-07-29 19:30:32.368 [main] INFO  o.s.o.j.LocalContainerEntityManagerFactoryBean [,] - Initialized JPA EntityManagerFactory for persistence unit 'default'
2026-07-29 19:30:32.947 [main] INFO  o.s.d.j.r.query.QueryEnhancerFactory [,] - Hibernate is in classpath; If applicable, HQL parser will be used.
2026-07-29 19:30:36.493 [main] WARN  o.s.b.a.o.j.JpaBaseConfiguration$JpaWebConfiguration [,] - spring.jpa.open-in-view is enabled by default. Therefore, database queries may be performed during view rendering. Explicitly configure spring.jpa.open-in-view to disable this warning
2026-07-29 19:30:37.169 [main] INFO  o.s.b.a.e.web.EndpointLinksResolver [,] - Exposing 3 endpoint(s) beneath base path '/actuator'
2026-07-29 19:30:37.241 [main] INFO  o.s.s.web.DefaultSecurityFilterChain [,] - Will secure any request with [org.springframework.security.web.session.DisableEncodeUrlFilter@607ef61b, org.springframework.security.web.context.request.async.WebAsyncManagerIntegrationFilter@52c92a01, org.springframework.security.web.context.SecurityContextHolderFilter@a89130f, org.springframework.security.web.header.HeaderWriterFilter@13cdd31f, org.springframework.web.filter.CorsFilter@5d2577d8, org.springframework.security.web.authentication.logout.LogoutFilter@6c71b067, com.buildingmanager.security.JwtFilter@12fbf42, org.springframework.security.web.savedrequest.RequestCacheAwareFilter@2c4d8c57, org.springframework.security.web.servletapi.SecurityContextHolderAwareRequestFilter@1b5c3086, org.springframework.security.web.authentication.AnonymousAuthenticationFilter@1f9e71b3, org.springframework.security.web.session.SessionManagementFilter@14a40a4e, org.springframework.security.web.access.ExceptionTranslationFilter@725ee9ca, org.springframework.security.web.access.intercept.AuthorizationFilter@2d4bca23]
2026-07-29 19:30:37.954 [main] INFO  c.b.BuildingManagerNetworkApiApplicationTests [,] - Started BuildingManagerNetworkApiApplicationTests in 12.714 seconds (process running for 15.267)
2026-07-29 19:30:38.605 [main] INFO  o.s.mock.web.MockServletContext [,] - Initializing Spring TestDispatcherServlet ''
2026-07-29 19:30:38.605 [main] INFO  o.s.t.w.s.TestDispatcherServlet [,] - Initializing Servlet ''
2026-07-29 19:30:38.605 [main] INFO  o.s.t.w.s.TestDispatcherServlet [,] - Completed initialization in 0 ms
2026-07-29 19:30:38.681 [main] INFO  o.s.mock.web.MockServletContext [,] - Initializing Spring TestDispatcherServlet ''
2026-07-29 19:30:38.681 [main] INFO  o.s.t.w.s.TestDispatcherServlet [,] - Initializing Servlet ''
2026-07-29 19:30:38.682 [main] INFO  o.s.t.w.s.TestDispatcherServlet [,] - Completed initialization in 1 ms
2026-07-29 19:30:38.822 [main] INFO  o.s.mock.web.MockServletContext [,] - Initializing Spring TestDispatcherServlet ''
2026-07-29 19:30:38.822 [main] INFO  o.s.t.w.s.TestDispatcherServlet [,] - Initializing Servlet ''
2026-07-29 19:30:38.822 [main] INFO  o.s.t.w.s.TestDispatcherServlet [,] - Completed initialization in 0 ms
2026-07-29 19:30:38.852 [main] INFO  o.s.mock.web.MockServletContext [,] - Initializing Spring TestDispatcherServlet ''
2026-07-29 19:30:38.853 [main] INFO  o.s.t.w.s.TestDispatcherServlet [,] - Initializing Servlet ''
2026-07-29 19:30:38.853 [main] INFO  o.s.t.w.s.TestDispatcherServlet [,] - Completed initialization in 0 ms
2026-07-29 19:30:38.874 [main] INFO  o.s.mock.web.MockServletContext [,] - Initializing Spring TestDispatcherServlet ''
2026-07-29 19:30:38.874 [main] INFO  o.s.t.w.s.TestDispatcherServlet [,] - Initializing Servlet ''
2026-07-29 19:30:38.874 [main] INFO  o.s.t.w.s.TestDispatcherServlet [,] - Completed initialization in 0 ms
2026-07-29 19:30:38.883 [main] INFO  o.s.mock.web.MockServletContext [,] - Initializing Spring TestDispatcherServlet ''
2026-07-29 19:30:38.884 [main] INFO  o.s.t.w.s.TestDispatcherServlet [,] - Initializing Servlet ''
2026-07-29 19:30:38.884 [main] INFO  o.s.t.w.s.TestDispatcherServlet [,] - Completed initialization in 0 ms
2026-07-29 19:30:38.897 [main] INFO  o.s.mock.web.MockServletContext [,] - Initializing Spring TestDispatcherServlet ''
2026-07-29 19:30:38.897 [main] INFO  o.s.t.w.s.TestDispatcherServlet [,] - Initializing Servlet ''
2026-07-29 19:30:38.898 [main] INFO  o.s.t.w.s.TestDispatcherServlet [,] - Completed initialization in 1 ms
2026-07-29 19:30:38.914 [main] INFO  o.s.mock.web.MockServletContext [,] - Initializing Spring TestDispatcherServlet ''
2026-07-29 19:30:38.915 [main] INFO  o.s.t.w.s.TestDispatcherServlet [,] - Initializing Servlet ''
2026-07-29 19:30:38.915 [main] INFO  o.s.t.w.s.TestDispatcherServlet [,] - Completed initialization in 0 ms
2026-07-29 19:30:38.934 [main] INFO  o.s.mock.web.MockServletContext [,] - Initializing Spring TestDispatcherServlet ''
2026-07-29 19:30:38.934 [main] INFO  o.s.t.w.s.TestDispatcherServlet [,] - Initializing Servlet ''
2026-07-29 19:30:38.934 [main] INFO  o.s.t.w.s.TestDispatcherServlet [,] - Completed initialization in 0 ms
2026-07-29 19:30:38.956 [main] INFO  o.s.mock.web.MockServletContext [,] - Initializing Spring TestDispatcherServlet ''
2026-07-29 19:30:38.956 [main] INFO  o.s.t.w.s.TestDispatcherServlet [,] - Initializing Servlet ''
2026-07-29 19:30:38.956 [main] INFO  o.s.t.w.s.TestDispatcherServlet [,] - Completed initialization in 0 ms
2026-07-29 19:30:38.976 [main] INFO  o.s.mock.web.MockServletContext [,] - Initializing Spring TestDispatcherServlet ''
2026-07-29 19:30:38.976 [main] INFO  o.s.t.w.s.TestDispatcherServlet [,] - Initializing Servlet ''
2026-07-29 19:30:38.977 [main] INFO  o.s.t.w.s.TestDispatcherServlet [,] - Completed initialization in 0 ms
2026-07-29 19:30:40.538 [SpringApplicationShutdownHook] INFO  o.s.o.j.LocalContainerEntityManagerFactoryBean [,] - Closing JPA EntityManagerFactory for persistence unit 'default'
2026-07-29 19:30:40.540 [SpringApplicationShutdownHook] INFO  com.zaxxer.hikari.HikariDataSource [,] - HikariPool-1 - Shutdown initiated...
2026-07-29 19:30:40.543 [SpringApplicationShutdownHook] INFO  com.zaxxer.hikari.HikariDataSource [,] - HikariPool-1 - Shutdown completed.
2026-07-29 19:30:55.126 [http-nio-8080-exec-8] INFO  c.b.u.UserDashboardService [6a6a2abf3db1d3e5364f8ee6a2c185c7,e9a351697783635b] - Loading dashboard history for user 18
2026-07-29 19:30:55.126 [http-nio-8080-exec-2] INFO  c.b.u.UserDashboardService [6a6a2abf1df280e0d19debbfb783f73c,981b6cc1cc13dfb4] -   Loading dashboard for user 18
2026-07-29 19:30:55.130 [http-nio-8080-exec-2] INFO  c.b.u.UserDashboardService [6a6a2abf1df280e0d19debbfb783f73c,981b6cc1cc13dfb4] - Selected OWNER apartment 52
2026-07-29 19:30:55.131 [http-nio-8080-exec-2] WARN  c.b.u.UserDashboardService [6a6a2abf1df280e0d19debbfb783f73c,981b6cc1cc13dfb4] - No statements found for building 12
2026-07-29 19:30:55.144 [http-nio-8080-exec-7] INFO  c.b.u.UserDashboardService [6a6a2abfc35e96d8c62cb00a35ed4d7f,00a3b08bdaf32ada] -   Loading dashboard for user 18
2026-07-29 19:30:55.148 [http-nio-8080-exec-7] INFO  c.b.u.UserDashboardService [6a6a2abfc35e96d8c62cb00a35ed4d7f,00a3b08bdaf32ada] - Selected OWNER apartment 52
2026-07-29 19:30:55.149 [http-nio-8080-exec-7] WARN  c.b.u.UserDashboardService [6a6a2abfc35e96d8c62cb00a35ed4d7f,00a3b08bdaf32ada] - No statements found for building 12
2026-07-29 19:33:42.102 [http-nio-8080-exec-4] INFO  c.b.u.UserDashboardService [6a6a2b66564290fb3a2dc4940eb5c9e2,0e0337db804a4958] - Loading dashboard history for user 18
2026-07-29 19:33:42.102 [http-nio-8080-exec-8] INFO  c.b.u.UserDashboardService [6a6a2b664b20005088780f5a2ab03439,8e7ccbbf9285b385] -   Loading dashboard for user 18
2026-07-29 19:33:42.107 [http-nio-8080-exec-8] INFO  c.b.u.UserDashboardService [6a6a2b664b20005088780f5a2ab03439,8e7ccbbf9285b385] - Selected OWNER apartment 52
2026-07-29 19:33:42.107 [http-nio-8080-exec-8] WARN  c.b.u.UserDashboardService [6a6a2b664b20005088780f5a2ab03439,8e7ccbbf9285b385] - No statements found for building 12
2026-07-29 19:33:42.116 [http-nio-8080-exec-6] INFO  c.b.u.UserDashboardService [6a6a2b6696243254ee16c743b1959182,0b7ec24d42ebc698] -   Loading dashboard for user 18
2026-07-29 19:33:42.120 [http-nio-8080-exec-6] INFO  c.b.u.UserDashboardService [6a6a2b6696243254ee16c743b1959182,0b7ec24d42ebc698] - Selected OWNER apartment 52
2026-07-29 19:33:42.121 [http-nio-8080-exec-6] WARN  c.b.u.UserDashboardService [6a6a2b6696243254ee16c743b1959182,0b7ec24d42ebc698] - No statements found for building 12
2026-07-29 19:33:44.655 [http-nio-8080-exec-7] INFO  c.b.u.UserDashboardService [6a6a2b688fcd4faf816da916450763a8,c9f53106b991217f] - Loading dashboard history for user 18
2026-07-29 19:33:44.656 [http-nio-8080-exec-6] INFO  c.b.u.UserDashboardService [6a6a2b6847675b12f4ed1ff5a0d87a15,0aa489d8b297f8fb] -   Loading dashboard for user 18
2026-07-29 19:33:44.659 [http-nio-8080-exec-6] INFO  c.b.u.UserDashboardService [6a6a2b6847675b12f4ed1ff5a0d87a15,0aa489d8b297f8fb] - Selected OWNER apartment 52
2026-07-29 19:33:44.660 [http-nio-8080-exec-6] WARN  c.b.u.UserDashboardService [6a6a2b6847675b12f4ed1ff5a0d87a15,0aa489d8b297f8fb] - No statements found for building 12
2026-07-29 19:33:44.668 [http-nio-8080-exec-1] INFO  c.b.u.UserDashboardService [6a6a2b68267ce11454c55bd0f4db3a8f,eae2519f4b683f42] -   Loading dashboard for user 18
2026-07-29 19:33:44.671 [http-nio-8080-exec-1] INFO  c.b.u.UserDashboardService [6a6a2b68267ce11454c55bd0f4db3a8f,eae2519f4b683f42] - Selected OWNER apartment 52
2026-07-29 19:33:44.672 [http-nio-8080-exec-1] WARN  c.b.u.UserDashboardService [6a6a2b68267ce11454c55bd0f4db3a8f,eae2519f4b683f42] - No statements found for building 12
2026-07-29 19:33:50.561 [http-nio-8080-exec-7] INFO  c.b.u.UserDashboardService [6a6a2b6e129eee86242258c60ca3d986,4b376b346d8153a7] -   Loading dashboard for user 18
2026-07-29 19:33:50.561 [http-nio-8080-exec-3] INFO  c.b.u.UserDashboardService [6a6a2b6e503aab80f43e998792315f18,c880c10aeddf1524] - Loading dashboard history for user 18
2026-07-29 19:33:50.564 [http-nio-8080-exec-7] INFO  c.b.u.UserDashboardService [6a6a2b6e129eee86242258c60ca3d986,4b376b346d8153a7] - Selected OWNER apartment 52
2026-07-29 19:33:50.565 [http-nio-8080-exec-7] WARN  c.b.u.UserDashboardService [6a6a2b6e129eee86242258c60ca3d986,4b376b346d8153a7] - No statements found for building 12
2026-07-29 19:33:50.573 [http-nio-8080-exec-6] INFO  c.b.u.UserDashboardService [6a6a2b6e3e3107b16fa5cce7658871ee,933b953f6d0773c5] -   Loading dashboard for user 18
2026-07-29 19:33:50.576 [http-nio-8080-exec-6] INFO  c.b.u.UserDashboardService [6a6a2b6e3e3107b16fa5cce7658871ee,933b953f6d0773c5] - Selected OWNER apartment 52
2026-07-29 19:33:50.577 [http-nio-8080-exec-6] WARN  c.b.u.UserDashboardService [6a6a2b6e3e3107b16fa5cce7658871ee,933b953f6d0773c5] - No statements found for building 12
2026-07-29 19:33:58.826 [http-nio-8080-exec-1] INFO  c.b.u.UserDashboardService [6a6a2b76635256e2e989dc25a697f0f9,ef34657cbb912e04] - Loading dashboard history for user 1
2026-07-29 19:33:58.826 [http-nio-8080-exec-10] INFO  c.b.u.UserDashboardService [6a6a2b768a58d62b07f9b6c5e23d81cb,de9709b1e8eb9493] -   Loading dashboard for user 1
2026-07-29 19:33:58.831 [http-nio-8080-exec-10] INFO  c.b.u.UserDashboardService [6a6a2b768a58d62b07f9b6c5e23d81cb,de9709b1e8eb9493] - Selected OWNER apartment 1
2026-07-29 19:33:58.833 [http-nio-8080-exec-10] INFO  c.b.u.UserDashboardService [6a6a2b768a58d62b07f9b6c5e23d81cb,de9709b1e8eb9493] - Last statement = 8 (2026-06)
2026-07-29 19:33:58.844 [http-nio-8080-exec-10] INFO  c.b.u.UserDashboardService [6a6a2b768a58d62b07f9b6c5e23d81cb,de9709b1e8eb9493] - Found 3 allocations for apartment 1
2026-07-29 19:33:58.844 [http-nio-8080-exec-10] INFO  c.b.u.UserDashboardService [6a6a2b768a58d62b07f9b6c5e23d81cb,de9709b1e8eb9493] - Final amount due: 0
2026-07-29 19:33:58.851 [http-nio-8080-exec-3] INFO  c.b.u.UserDashboardService [6a6a2b76520ee454b610e234b2faf8fb,7c936ea05019535d] -   Loading dashboard for user 1
2026-07-29 19:33:58.855 [http-nio-8080-exec-3] INFO  c.b.u.UserDashboardService [6a6a2b76520ee454b610e234b2faf8fb,7c936ea05019535d] - Selected OWNER apartment 1
2026-07-29 19:33:58.856 [http-nio-8080-exec-3] INFO  c.b.u.UserDashboardService [6a6a2b76520ee454b610e234b2faf8fb,7c936ea05019535d] - Last statement = 8 (2026-06)
2026-07-29 19:33:58.863 [http-nio-8080-exec-3] INFO  c.b.u.UserDashboardService [6a6a2b76520ee454b610e234b2faf8fb,7c936ea05019535d] - Found 3 allocations for apartment 1
2026-07-29 19:33:58.864 [http-nio-8080-exec-3] INFO  c.b.u.UserDashboardService [6a6a2b76520ee454b610e234b2faf8fb,7c936ea05019535d] - Final amount due: 0
2026-07-29 19:34:10.431 [http-nio-8080-exec-1] INFO  c.b.u.UserDashboardService [6a6a2b8214a0a2bdb2fbbcd56d5db270,cef6b3c836d698a3] -   Loading dashboard for user 1
2026-07-29 19:34:10.433 [http-nio-8080-exec-1] INFO  c.b.u.UserDashboardService [6a6a2b8214a0a2bdb2fbbcd56d5db270,cef6b3c836d698a3] - Selected OWNER apartment 1
2026-07-29 19:34:10.434 [http-nio-8080-exec-1] INFO  c.b.u.UserDashboardService [6a6a2b8214a0a2bdb2fbbcd56d5db270,cef6b3c836d698a3] - Last statement = 8 (2026-06)
2026-07-29 19:34:10.437 [http-nio-8080-exec-1] INFO  c.b.u.UserDashboardService [6a6a2b8214a0a2bdb2fbbcd56d5db270,cef6b3c836d698a3] - Found 3 allocations for apartment 1
2026-07-29 19:34:10.438 [http-nio-8080-exec-1] INFO  c.b.u.UserDashboardService [6a6a2b8214a0a2bdb2fbbcd56d5db270,cef6b3c836d698a3] - Final amount due: 0
2026-07-29 19:34:10.439 [http-nio-8080-exec-6] INFO  c.b.u.UserDashboardService [6a6a2b82a2da1295d7ebc09227ad85b6,0eb38da54056a3c5] - Loading dashboard history for user 1
2026-07-29 19:34:10.444 [http-nio-8080-exec-9] INFO  c.b.u.UserDashboardService [6a6a2b82bccc191d0adec387eaf1a409,8bbcf4b6f719c451] -   Loading dashboard for user 1
2026-07-29 19:34:10.449 [http-nio-8080-exec-9] INFO  c.b.u.UserDashboardService [6a6a2b82bccc191d0adec387eaf1a409,8bbcf4b6f719c451] - Selected OWNER apartment 1
2026-07-29 19:34:10.450 [http-nio-8080-exec-9] INFO  c.b.u.UserDashboardService [6a6a2b82bccc191d0adec387eaf1a409,8bbcf4b6f719c451] - Last statement = 8 (2026-06)
2026-07-29 19:34:10.464 [http-nio-8080-exec-9] INFO  c.b.u.UserDashboardService [6a6a2b82bccc191d0adec387eaf1a409,8bbcf4b6f719c451] - Found 3 allocations for apartment 1
2026-07-29 19:34:10.464 [http-nio-8080-exec-9] INFO  c.b.u.UserDashboardService [6a6a2b82bccc191d0adec387eaf1a409,8bbcf4b6f719c451] - Final amount due: 0
2026-07-29 19:34:23.779 [SpringApplicationShutdownHook] INFO  o.s.o.j.LocalContainerEntityManagerFactoryBean [,] - Closing JPA EntityManagerFactory for persistence unit 'default'
2026-07-29 19:34:23.781 [SpringApplicationShutdownHook] INFO  com.zaxxer.hikari.HikariDataSource [,] - HikariPool-1 - Shutdown initiated...
2026-07-29 19:34:23.783 [SpringApplicationShutdownHook] INFO  com.zaxxer.hikari.HikariDataSource [,] - HikariPool-1 - Shutdown completed.
2026-07-29 19:34:37.905 [background-preinit] INFO  o.h.validator.internal.util.Version [,] - HV000001: Hibernate Validator 8.0.1.Final
2026-07-29 19:34:37.931 [main] INFO  c.b.BuildingManagerNetworkApiApplication [,] - Starting BuildingManagerNetworkApiApplication using Java 23.0.2 with PID 32068 (C:\Users\FotisPamp\Documents\GitHub\building-manager-network\target\classes started by FotisPamp in C:\Users\FotisPamp\Documents\GitHub\building-manager-network)
2026-07-29 19:34:37.932 [main] INFO  c.b.BuildingManagerNetworkApiApplication [,] - The following 1 profile is active: "dev"
2026-07-29 19:34:39.554 [main] INFO  o.s.d.r.c.RepositoryConfigurationDelegate [,] - Bootstrapping Spring Data JPA repositories in DEFAULT mode.
2026-07-29 19:34:39.656 [main] INFO  o.s.d.r.c.RepositoryConfigurationDelegate [,] - Finished Spring Data repository scanning in 96 ms. Found 28 JPA repository interfaces.
2026-07-29 19:34:40.737 [main] INFO  o.s.b.w.e.tomcat.TomcatWebServer [,] - Tomcat initialized with port 8080 (http)
2026-07-29 19:34:40.745 [main] INFO  o.a.coyote.http11.Http11NioProtocol [,] - Initializing ProtocolHandler ["http-nio-8080"]
2026-07-29 19:34:40.746 [main] INFO  o.a.catalina.core.StandardService [,] - Starting service [Tomcat]
2026-07-29 19:34:40.746 [main] INFO  o.a.catalina.core.StandardEngine [,] - Starting Servlet engine: [Apache Tomcat/10.1.20]
2026-07-29 19:34:40.807 [main] INFO  o.a.c.c.C.[Tomcat].[localhost].[/] [,] - Initializing Spring embedded WebApplicationContext
2026-07-29 19:34:40.808 [main] INFO  o.s.b.w.s.c.ServletWebServerApplicationContext [,] - Root WebApplicationContext: initialization completed in 2822 ms
2026-07-29 19:34:41.303 [main] INFO  o.h.jpa.internal.util.LogHelper [,] - HHH000204: Processing PersistenceUnitInfo [name: default]
2026-07-29 19:34:41.346 [main] INFO  org.hibernate.Version [,] - HHH000412: Hibernate ORM core version 6.4.4.Final
2026-07-29 19:34:41.373 [main] INFO  o.h.c.i.RegionFactoryInitiator [,] - HHH000026: Second-level cache disabled
2026-07-29 19:34:41.560 [main] INFO  o.s.o.j.p.SpringPersistenceUnitInfo [,] - No LoadTimeWeaver setup: ignoring JPA class transformer
2026-07-29 19:34:41.583 [main] INFO  com.zaxxer.hikari.HikariDataSource [,] - HikariPool-1 - Starting...
2026-07-29 19:34:41.689 [main] INFO  com.zaxxer.hikari.pool.HikariPool [,] - HikariPool-1 - Added connection org.postgresql.jdbc.PgConnection@37ab1b10
2026-07-29 19:34:41.691 [main] INFO  com.zaxxer.hikari.HikariDataSource [,] - HikariPool-1 - Start completed.
2026-07-29 19:34:41.722 [main] WARN  org.hibernate.orm.deprecation [,] - HHH90000025: PostgreSQLDialect does not need to be specified explicitly using 'hibernate.dialect' (remove the property setting and it will be selected by default)
2026-07-29 19:34:43.088 [main] INFO  o.h.e.t.j.p.i.JtaPlatformInitiator [,] - HHH000489: No JTA platform available (set 'hibernate.transaction.jta.platform' to enable JTA platform integration)
2026-07-29 19:34:43.408 [main] INFO  o.s.o.j.LocalContainerEntityManagerFactoryBean [,] - Initialized JPA EntityManagerFactory for persistence unit 'default'
2026-07-29 19:34:43.713 [main] INFO  o.s.d.j.r.query.QueryEnhancerFactory [,] - Hibernate is in classpath; If applicable, HQL parser will be used.
2026-07-29 19:34:46.700 [main] WARN  o.s.b.a.o.j.JpaBaseConfiguration$JpaWebConfiguration [,] - spring.jpa.open-in-view is enabled by default. Therefore, database queries may be performed during view rendering. Explicitly configure spring.jpa.open-in-view to disable this warning
2026-07-29 19:34:47.184 [main] INFO  o.s.b.a.e.web.EndpointLinksResolver [,] - Exposing 4 endpoint(s) beneath base path '/actuator'
2026-07-29 19:34:47.267 [main] INFO  o.s.s.web.DefaultSecurityFilterChain [,] - Will secure any request with [org.springframework.security.web.session.DisableEncodeUrlFilter@4aa8939b, org.springframework.security.web.context.request.async.WebAsyncManagerIntegrationFilter@7c5b6e95, org.springframework.security.web.context.SecurityContextHolderFilter@67efbfac, org.springframework.security.web.header.HeaderWriterFilter@f91a07c, org.springframework.web.filter.CorsFilter@5c07d165, org.springframework.security.web.authentication.logout.LogoutFilter@11934a1a, com.buildingmanager.security.JwtFilter@17dfa412, org.springframework.security.web.savedrequest.RequestCacheAwareFilter@2e90bf7, org.springframework.security.web.servletapi.SecurityContextHolderAwareRequestFilter@3fcb6696, org.springframework.security.web.authentication.AnonymousAuthenticationFilter@5adfe831, org.springframework.security.web.session.SessionManagementFilter@3b29269e, org.springframework.security.web.access.ExceptionTranslationFilter@36fcc7ea, org.springframework.security.web.access.intercept.AuthorizationFilter@7abe04e0]
2026-07-29 19:34:47.999 [main] INFO  o.a.coyote.http11.Http11NioProtocol [,] - Starting ProtocolHandler ["http-nio-8080"]
2026-07-29 19:34:48.016 [main] INFO  o.s.b.w.e.tomcat.TomcatWebServer [,] - Tomcat started on port 8080 (http) with context path ''
2026-07-29 19:34:48.028 [main] INFO  c.b.BuildingManagerNetworkApiApplication [,] - Started BuildingManagerNetworkApiApplication in 10.534 seconds (process running for 11.025)
2026-07-29 19:34:48.565 [RMI TCP Connection(2)-192.168.1.9] INFO  o.a.c.c.C.[Tomcat].[localhost].[/] [,] - Initializing Spring DispatcherServlet 'dispatcherServlet'
2026-07-29 19:34:48.565 [RMI TCP Connection(2)-192.168.1.9] INFO  o.s.web.servlet.DispatcherServlet [,] - Initializing Servlet 'dispatcherServlet'
2026-07-29 19:34:48.566 [RMI TCP Connection(2)-192.168.1.9] INFO  o.s.web.servlet.DispatcherServlet [,] - Completed initialization in 1 ms
2026-07-29 19:35:06.681 [http-nio-8080-exec-10] INFO  c.b.u.UserDashboardService [6a6a2bba0d2c2ac0e81f94e2964d776f,5a564a2538a1cac3] - Loading dashboard history for user 1
2026-07-29 19:35:06.681 [http-nio-8080-exec-3] INFO  c.b.u.UserDashboardService [6a6a2bba1471ac1d54fac21de437a01b,0e3690c7f6c7720a] -   Loading dashboard for user 1
2026-07-29 19:35:06.704 [http-nio-8080-exec-3] INFO  c.b.u.UserDashboardService [6a6a2bba1471ac1d54fac21de437a01b,0e3690c7f6c7720a] - Selected OWNER apartment 1
2026-07-29 19:35:06.708 [http-nio-8080-exec-3] INFO  c.b.u.UserDashboardService [6a6a2bba1471ac1d54fac21de437a01b,0e3690c7f6c7720a] - Last statement = 8 (2026-06)
2026-07-29 19:35:06.729 [http-nio-8080-exec-3] INFO  c.b.u.UserDashboardService [6a6a2bba1471ac1d54fac21de437a01b,0e3690c7f6c7720a] - Found 3 allocations for apartment 1
2026-07-29 19:35:06.730 [http-nio-8080-exec-3] INFO  c.b.u.UserDashboardService [6a6a2bba1471ac1d54fac21de437a01b,0e3690c7f6c7720a] - Final amount due: 0
2026-07-29 19:35:06.778 [http-nio-8080-exec-5] INFO  c.b.u.UserDashboardService [6a6a2bba55bc92488aec96e833371c86,87fdc064bcd3af14] -   Loading dashboard for user 1
2026-07-29 19:35:06.789 [http-nio-8080-exec-5] INFO  c.b.u.UserDashboardService [6a6a2bba55bc92488aec96e833371c86,87fdc064bcd3af14] - Selected OWNER apartment 1
2026-07-29 19:35:06.792 [http-nio-8080-exec-5] INFO  c.b.u.UserDashboardService [6a6a2bba55bc92488aec96e833371c86,87fdc064bcd3af14] - Last statement = 8 (2026-06)
2026-07-29 19:35:06.808 [http-nio-8080-exec-5] INFO  c.b.u.UserDashboardService [6a6a2bba55bc92488aec96e833371c86,87fdc064bcd3af14] - Found 3 allocations for apartment 1
2026-07-29 19:35:06.808 [http-nio-8080-exec-5] INFO  c.b.u.UserDashboardService [6a6a2bba55bc92488aec96e833371c86,87fdc064bcd3af14] - Final amount due: 0
2026-07-29 19:35:07.618 [AsyncReporter{org.springframework.boot.actuate.autoconfigure.tracing.zipkin.ZipkinRestTemplateSender@72f3acc9}] WARN  z.r.AsyncReporter$BoundedAsyncReporter [,] - Spans were dropped due to exceptions. All subsequent errors will be logged at FINE level.
2026-07-29 19:35:07.618 [AsyncReporter{org.springframework.boot.actuate.autoconfigure.tracing.zipkin.ZipkinRestTemplateSender@72f3acc9}] WARN  z.r.AsyncReporter$BoundedAsyncReporter [,] - Dropped 85 spans due to ResourceAccessException(I/O error on POST request for "http://localhost:9411/api/v2/spans": Connection refused: getsockopt)
org.springframework.web.client.ResourceAccessException: I/O error on POST request for "http://localhost:9411/api/v2/spans": Connection refused: getsockopt
	at org.springframework.web.client.RestTemplate.createResourceAccessException(RestTemplate.java:915)
	at org.springframework.web.client.RestTemplate.doExecute(RestTemplate.java:895)
	at org.springframework.web.client.RestTemplate.execute(RestTemplate.java:790)
	at org.springframework.web.client.RestTemplate.exchange(RestTemplate.java:672)
	at org.springframework.boot.actuate.autoconfigure.tracing.zipkin.ZipkinRestTemplateSender$RestTemplateHttpPostCall.doExecute(ZipkinRestTemplateSender.java:68)
	at org.springframework.boot.actuate.autoconfigure.tracing.zipkin.ZipkinRestTemplateSender$RestTemplateHttpPostCall.doExecute(ZipkinRestTemplateSender.java:48)
	at zipkin2.Call$Base.execute(Call.java:391)
	at zipkin2.reporter.AsyncReporter$BoundedAsyncReporter.flush(AsyncReporter.java:299)
	at zipkin2.reporter.AsyncReporter$Flusher.run(AsyncReporter.java:378)
	at java.base/java.lang.Thread.run(Thread.java:1575)
Caused by: java.net.ConnectException: Connection refused: getsockopt
	at java.base/sun.nio.ch.Net.pollConnect(Native Method)
	at java.base/sun.nio.ch.Net.pollConnectNow(Net.java:682)
	at java.base/sun.nio.ch.NioSocketImpl.timedFinishConnect(NioSocketImpl.java:542)
	at java.base/sun.nio.ch.NioSocketImpl.connect(NioSocketImpl.java:592)
	at java.base/java.net.Socket.connect(Socket.java:760)
	at java.base/sun.net.NetworkClient.doConnect(NetworkClient.java:178)
	at java.base/sun.net.www.http.HttpClient.openServer(HttpClient.java:531)
	at java.base/sun.net.www.http.HttpClient.openServer(HttpClient.java:636)
	at java.base/sun.net.www.http.HttpClient.<init>(HttpClient.java:280)
	at java.base/sun.net.www.http.HttpClient.New(HttpClient.java:386)
	at java.base/sun.net.www.http.HttpClient.New(HttpClient.java:408)
	at java.base/sun.net.www.protocol.http.HttpURLConnection.getNewHttpClient(HttpURLConnection.java:1310)
	at java.base/sun.net.www.protocol.http.HttpURLConnection.plainConnect0(HttpURLConnection.java:1243)
	at java.base/sun.net.www.protocol.http.HttpURLConnection.plainConnect(HttpURLConnection.java:1129)
	at java.base/sun.net.www.protocol.http.HttpURLConnection.connect(HttpURLConnection.java:1058)
	at org.springframework.http.client.SimpleClientHttpRequest.executeInternal(SimpleClientHttpRequest.java:79)
	at org.springframework.http.client.AbstractStreamingClientHttpRequest.executeInternal(AbstractStreamingClientHttpRequest.java:70)
	at org.springframework.http.client.AbstractClientHttpRequest.execute(AbstractClientHttpRequest.java:66)
	at org.springframework.web.client.RestTemplate.doExecute(RestTemplate.java:889)
	... 8 common frames omitted
2026-07-29 19:36:16.812 [RMI TCP Connection(3)-192.168.1.9] WARN  o.s.b.a.mail.MailHealthIndicator [,] - Mail health check failed
jakarta.mail.MessagingException: Got bad greeting from SMTP host: localhost, port: 1080, response: HTTP/1.1 408 Request Timeout

	at org.eclipse.angus.mail.smtp.SMTPTransport.openServer(SMTPTransport.java:2231)
	at org.eclipse.angus.mail.smtp.SMTPTransport.protocolConnect(SMTPTransport.java:729)
	at jakarta.mail.Service.connect(Service.java:345)
	at org.springframework.mail.javamail.JavaMailSenderImpl.connectTransport(JavaMailSenderImpl.java:480)
	at org.springframework.mail.javamail.JavaMailSenderImpl.testConnection(JavaMailSenderImpl.java:360)
	at org.springframework.boot.actuate.mail.MailHealthIndicator.doHealthCheck(MailHealthIndicator.java:52)
	at org.springframework.boot.actuate.health.AbstractHealthIndicator.health(AbstractHealthIndicator.java:82)
	at org.springframework.boot.actuate.health.HealthIndicator.getHealth(HealthIndicator.java:37)
	at org.springframework.boot.actuate.health.HealthEndpoint.getHealth(HealthEndpoint.java:82)
	at org.springframework.boot.actuate.health.HealthEndpoint.getHealth(HealthEndpoint.java:41)
	at org.springframework.boot.actuate.health.HealthEndpointSupport.getLoggedHealth(HealthEndpointSupport.java:172)
	at org.springframework.boot.actuate.health.HealthEndpointSupport.getContribution(HealthEndpointSupport.java:145)
	at org.springframework.boot.actuate.health.HealthEndpointSupport.getAggregateContribution(HealthEndpointSupport.java:156)
	at org.springframework.boot.actuate.health.HealthEndpointSupport.getContribution(HealthEndpointSupport.java:141)
	at org.springframework.boot.actuate.health.HealthEndpointSupport.getHealth(HealthEndpointSupport.java:110)
	at org.springframework.boot.actuate.health.HealthEndpointSupport.getHealth(HealthEndpointSupport.java:81)
	at org.springframework.boot.actuate.health.HealthEndpoint.health(HealthEndpoint.java:76)
	at org.springframework.boot.actuate.health.HealthEndpoint.health(HealthEndpoint.java:66)
	at java.base/jdk.internal.reflect.DirectMethodHandleAccessor.invoke(DirectMethodHandleAccessor.java:103)
	at java.base/java.lang.reflect.Method.invoke(Method.java:580)
	at org.springframework.util.ReflectionUtils.invokeMethod(ReflectionUtils.java:281)
	at org.springframework.boot.actuate.endpoint.invoke.reflect.ReflectiveOperationInvoker.invoke(ReflectiveOperationInvoker.java:74)
	at org.springframework.boot.actuate.endpoint.annotation.AbstractDiscoveredOperation.invoke(AbstractDiscoveredOperation.java:60)
	at org.springframework.boot.actuate.endpoint.jmx.EndpointMBean.invoke(EndpointMBean.java:124)
	at org.springframework.boot.actuate.endpoint.jmx.EndpointMBean.invoke(EndpointMBean.java:97)
	at java.management/com.sun.jmx.interceptor.DefaultMBeanServerInterceptor.invoke(DefaultMBeanServerInterceptor.java:803)
	at java.management/com.sun.jmx.mbeanserver.JmxMBeanServer.invoke(JmxMBeanServer.java:802)
	at java.management.rmi/javax.management.remote.rmi.RMIConnectionImpl.doOperation(RMIConnectionImpl.java:1520)
	at java.management.rmi/javax.management.remote.rmi.RMIConnectionImpl$PrivilegedOperation.run(RMIConnectionImpl.java:1348)
	at java.management.rmi/javax.management.remote.rmi.RMIConnectionImpl.doPrivilegedOperation(RMIConnectionImpl.java:1435)
	at java.management.rmi/javax.management.remote.rmi.RMIConnectionImpl.invoke(RMIConnectionImpl.java:841)
	at java.base/jdk.internal.reflect.DirectMethodHandleAccessor.invoke(DirectMethodHandleAccessor.java:103)
	at java.base/java.lang.reflect.Method.invoke(Method.java:580)
	at java.rmi/sun.rmi.server.UnicastServerRef.dispatch(UnicastServerRef.java:360)
	at java.rmi/sun.rmi.transport.Transport$1.run(Transport.java:200)
	at java.rmi/sun.rmi.transport.Transport$1.run(Transport.java:197)
	at java.base/java.security.AccessController.doPrivileged(AccessController.java:714)
	at java.rmi/sun.rmi.transport.Transport.serviceCall(Transport.java:196)
	at java.rmi/sun.rmi.transport.tcp.TCPTransport.handleMessages(TCPTransport.java:598)
	at java.rmi/sun.rmi.transport.tcp.TCPTransport$ConnectionHandler.run0(TCPTransport.java:844)
	at java.rmi/sun.rmi.transport.tcp.TCPTransport$ConnectionHandler.lambda$run$0(TCPTransport.java:721)
	at java.base/java.security.AccessController.doPrivileged(AccessController.java:400)
	at java.rmi/sun.rmi.transport.tcp.TCPTransport$ConnectionHandler.run(TCPTransport.java:720)
	at java.base/java.util.concurrent.ThreadPoolExecutor.runWorker(ThreadPoolExecutor.java:1144)
	at java.base/java.util.concurrent.ThreadPoolExecutor$Worker.run(ThreadPoolExecutor.java:642)
	at java.base/java.lang.Thread.run(Thread.java:1575)
2026-07-29 19:36:16.820 [RMI TCP Connection(3)-192.168.1.9] WARN  o.s.b.a.health.HealthEndpointSupport [,] - Health contributor org.springframework.boot.actuate.mail.MailHealthIndicator (mail) took 88245ms to respond
2026-07-29 19:38:21.350 [http-nio-8080-exec-10] ERROR c.b.handler.GlobalExceptionHandler [6a6a2c7d7326551d7d0fb4c410f356a6,93609c9d9d2b7b16] - Unhandled exception
org.springframework.dao.InvalidDataAccessApiUsageException: Cannot instantiate class 'com.buildingmanager.payment.PaymentDTO' (it has no constructor with signature [java.lang.Integer, java.lang.String, java.math.BigDecimal, java.time.LocalDateTime, com.buildingmanager.payment.PaymentMethod, java.lang.String, java.lang.Integer, java.lang.Integer], and not every argument has an alias)
	at org.springframework.orm.jpa.EntityManagerFactoryUtils.convertJpaAccessExceptionIfPossible(EntityManagerFactoryUtils.java:368)
	at org.springframework.orm.jpa.vendor.HibernateJpaDialect.translateExceptionIfPossible(HibernateJpaDialect.java:246)
	at org.springframework.orm.jpa.AbstractEntityManagerFactoryBean.translateExceptionIfPossible(AbstractEntityManagerFactoryBean.java:550)
	at org.springframework.dao.support.ChainedPersistenceExceptionTranslator.translateExceptionIfPossible(ChainedPersistenceExceptionTranslator.java:61)
	at org.springframework.dao.support.DataAccessUtils.translateIfNecessary(DataAccessUtils.java:335)
	at org.springframework.dao.support.PersistenceExceptionTranslationInterceptor.invoke(PersistenceExceptionTranslationInterceptor.java:152)
	at org.springframework.aop.framework.ReflectiveMethodInvocation.proceed(ReflectiveMethodInvocation.java:184)
	at org.springframework.data.jpa.repository.support.CrudMethodMetadataPostProcessor$CrudMethodMetadataPopulatingMethodInterceptor.invoke(CrudMethodMetadataPostProcessor.java:135)
	at org.springframework.aop.framework.ReflectiveMethodInvocation.proceed(ReflectiveMethodInvocation.java:184)
	at org.springframework.aop.interceptor.ExposeInvocationInterceptor.invoke(ExposeInvocationInterceptor.java:97)
	at org.springframework.aop.framework.ReflectiveMethodInvocation.proceed(ReflectiveMethodInvocation.java:184)
	at org.springframework.aop.framework.JdkDynamicAopProxy.invoke(JdkDynamicAopProxy.java:223)
	at jdk.proxy2/jdk.proxy2.$Proxy214.findRecentByBuilding(Unknown Source)
	at com.buildingmanager.payment.PaymentService.getRecentPaymentsByBuilding(PaymentService.java:241)
	at java.base/jdk.internal.reflect.DirectMethodHandleAccessor.invoke(DirectMethodHandleAccessor.java:103)
	at java.base/java.lang.reflect.Method.invoke(Method.java:580)
	at org.springframework.aop.support.AopUtils.invokeJoinpointUsingReflection(AopUtils.java:354)
	at org.springframework.aop.framework.ReflectiveMethodInvocation.invokeJoinpoint(ReflectiveMethodInvocation.java:196)
	at org.springframework.aop.framework.ReflectiveMethodInvocation.proceed(ReflectiveMethodInvocation.java:163)
	at org.springframework.aop.framework.CglibAopProxy$CglibMethodInvocation.proceed(CglibAopProxy.java:768)
	at org.springframework.aop.interceptor.ExposeInvocationInterceptor.invoke(ExposeInvocationInterceptor.java:97)
	at org.springframework.aop.framework.ReflectiveMethodInvocation.proceed(ReflectiveMethodInvocation.java:184)
	at org.springframework.aop.framework.CglibAopProxy$CglibMethodInvocation.proceed(CglibAopProxy.java:768)
	at org.springframework.aop.framework.CglibAopProxy$DynamicAdvisedInterceptor.intercept(CglibAopProxy.java:720)
	at com.buildingmanager.payment.PaymentService$$SpringCGLIB$$0.getRecentPaymentsByBuilding(<generated>)
	at com.buildingmanager.payment.PaymentController.getRecentByBuilding(PaymentController.java:55)
	at java.base/jdk.internal.reflect.DirectMethodHandleAccessor.invoke(DirectMethodHandleAccessor.java:103)
	at java.base/java.lang.reflect.Method.invoke(Method.java:580)
	at org.springframework.web.method.support.InvocableHandlerMethod.doInvoke(InvocableHandlerMethod.java:255)
	at org.springframework.web.method.support.InvocableHandlerMethod.invokeForRequest(InvocableHandlerMethod.java:188)
	at org.springframework.web.servlet.mvc.method.annotation.ServletInvocableHandlerMethod.invokeAndHandle(ServletInvocableHandlerMethod.java:118)
	at org.springframework.web.servlet.mvc.method.annotation.RequestMappingHandlerAdapter.invokeHandlerMethod(RequestMappingHandlerAdapter.java:926)
	at org.springframework.web.servlet.mvc.method.annotation.RequestMappingHandlerAdapter.handleInternal(RequestMappingHandlerAdapter.java:831)
	at org.springframework.web.servlet.mvc.method.AbstractHandlerMethodAdapter.handle(AbstractHandlerMethodAdapter.java:87)
	at org.springframework.web.servlet.DispatcherServlet.doDispatch(DispatcherServlet.java:1089)
	at org.springframework.web.servlet.DispatcherServlet.doService(DispatcherServlet.java:979)
	at org.springframework.web.servlet.FrameworkServlet.processRequest(FrameworkServlet.java:1014)
	at org.springframework.web.servlet.FrameworkServlet.doGet(FrameworkServlet.java:903)
	at jakarta.servlet.http.HttpServlet.service(HttpServlet.java:564)
	at org.springframework.web.servlet.FrameworkServlet.service(FrameworkServlet.java:885)
	at jakarta.servlet.http.HttpServlet.service(HttpServlet.java:658)
	at org.apache.catalina.core.ApplicationFilterChain.internalDoFilter(ApplicationFilterChain.java:206)
	at org.apache.catalina.core.ApplicationFilterChain.doFilter(ApplicationFilterChain.java:150)
	at org.apache.tomcat.websocket.server.WsFilter.doFilter(WsFilter.java:51)
	at org.apache.catalina.core.ApplicationFilterChain.internalDoFilter(ApplicationFilterChain.java:175)
	at org.apache.catalina.core.ApplicationFilterChain.doFilter(ApplicationFilterChain.java:150)
	at org.springframework.web.filter.CorsFilter.doFilterInternal(CorsFilter.java:91)
	at org.springframework.web.filter.OncePerRequestFilter.doFilter(OncePerRequestFilter.java:116)
	at org.apache.catalina.core.ApplicationFilterChain.internalDoFilter(ApplicationFilterChain.java:175)
	at org.apache.catalina.core.ApplicationFilterChain.doFilter(ApplicationFilterChain.java:150)
	at org.springframework.web.filter.OncePerRequestFilter.doFilter(OncePerRequestFilter.java:110)
	at org.apache.catalina.core.ApplicationFilterChain.internalDoFilter(ApplicationFilterChain.java:175)
	at org.apache.catalina.core.ApplicationFilterChain.doFilter(ApplicationFilterChain.java:150)
	at org.springframework.web.filter.CompositeFilter$VirtualFilterChain.doFilter(CompositeFilter.java:108)
	at org.springframework.security.web.FilterChainProxy.lambda$doFilterInternal$3(FilterChainProxy.java:231)
	at org.springframework.security.web.ObservationFilterChainDecorator$FilterObservation$SimpleFilterObservation.lambda$wrap$1(ObservationFilterChainDecorator.java:479)
	at org.springframework.security.web.ObservationFilterChainDecorator$AroundFilterObservation$SimpleAroundFilterObservation.lambda$wrap$1(ObservationFilterChainDecorator.java:340)
	at org.springframework.security.web.ObservationFilterChainDecorator.lambda$wrapSecured$0(ObservationFilterChainDecorator.java:82)
	at org.springframework.security.web.ObservationFilterChainDecorator$VirtualFilterChain.doFilter(ObservationFilterChainDecorator.java:128)
	at org.springframework.security.web.access.intercept.AuthorizationFilter.doFilter(AuthorizationFilter.java:100)
	at org.springframework.security.web.ObservationFilterChainDecorator$ObservationFilter.wrapFilter(ObservationFilterChainDecorator.java:240)
	at org.springframework.security.web.ObservationFilterChainDecorator$ObservationFilter.doFilter(ObservationFilterChainDecorator.java:227)
	at org.springframework.security.web.ObservationFilterChainDecorator$VirtualFilterChain.doFilter(ObservationFilterChainDecorator.java:137)
	at org.springframework.security.web.access.ExceptionTranslationFilter.doFilter(ExceptionTranslationFilter.java:126)
	at org.springframework.security.web.access.ExceptionTranslationFilter.doFilter(ExceptionTranslationFilter.java:120)
	at org.springframework.security.web.ObservationFilterChainDecorator$ObservationFilter.wrapFilter(ObservationFilterChainDecorator.java:240)
	at org.springframework.security.web.ObservationFilterChainDecorator$ObservationFilter.doFilter(ObservationFilterChainDecorator.java:227)
	at org.springframework.security.web.ObservationFilterChainDecorator$VirtualFilterChain.doFilter(ObservationFilterChainDecorator.java:137)
	at org.springframework.security.web.session.SessionManagementFilter.doFilter(SessionManagementFilter.java:131)
	at org.springframework.security.web.session.SessionManagementFilter.doFilter(SessionManagementFilter.java:85)
	at org.springframework.security.web.ObservationFilterChainDecorator$ObservationFilter.wrapFilter(ObservationFilterChainDecorator.java:240)
	at org.springframework.security.web.ObservationFilterChainDecorator$ObservationFilter.doFilter(ObservationFilterChainDecorator.java:227)
	at org.springframework.security.web.ObservationFilterChainDecorator$VirtualFilterChain.doFilter(ObservationFilterChainDecorator.java:137)
	at org.springframework.security.web.authentication.AnonymousAuthenticationFilter.doFilter(AnonymousAuthenticationFilter.java:100)
	at org.springframework.security.web.ObservationFilterChainDecorator$ObservationFilter.wrapFilter(ObservationFilterChainDecorator.java:240)
	at org.springframework.security.web.ObservationFilterChainDecorator$ObservationFilter.doFilter(ObservationFilterChainDecorator.java:227)
	at org.springframework.security.web.ObservationFilterChainDecorator$VirtualFilterChain.doFilter(ObservationFilterChainDecorator.java:137)
	at org.springframework.security.web.servletapi.SecurityContextHolderAwareRequestFilter.doFilter(SecurityContextHolderAwareRequestFilter.java:179)
	at org.springframework.security.web.ObservationFilterChainDecorator$ObservationFilter.wrapFilter(ObservationFilterChainDecorator.java:240)
	at org.springframework.security.web.ObservationFilterChainDecorator$ObservationFilter.doFilter(ObservationFilterChainDecorator.java:227)
	at org.springframework.security.web.ObservationFilterChainDecorator$VirtualFilterChain.doFilter(ObservationFilterChainDecorator.java:137)
	at org.springframework.security.web.savedrequest.RequestCacheAwareFilter.doFilter(RequestCacheAwareFilter.java:63)
	at org.springframework.security.web.ObservationFilterChainDecorator$ObservationFilter.wrapFilter(ObservationFilterChainDecorator.java:240)
	at org.springframework.security.web.ObservationFilterChainDecorator$ObservationFilter.doFilter(ObservationFilterChainDecorator.java:227)
	at org.springframework.security.web.ObservationFilterChainDecorator$VirtualFilterChain.doFilter(ObservationFilterChainDecorator.java:137)
	at com.buildingmanager.security.JwtFilter.doFilterInternal(JwtFilter.java:101)
	at org.springframework.web.filter.OncePerRequestFilter.doFilter(OncePerRequestFilter.java:116)
	at org.springframework.security.web.ObservationFilterChainDecorator$ObservationFilter.wrapFilter(ObservationFilterChainDecorator.java:240)
	at org.springframework.security.web.ObservationFilterChainDecorator$ObservationFilter.doFilter(ObservationFilterChainDecorator.java:227)
	at org.springframework.security.web.ObservationFilterChainDecorator$VirtualFilterChain.doFilter(ObservationFilterChainDecorator.java:137)
	at org.springframework.security.web.authentication.logout.LogoutFilter.doFilter(LogoutFilter.java:107)
	at org.springframework.security.web.authentication.logout.LogoutFilter.doFilter(LogoutFilter.java:93)
	at org.springframework.security.web.ObservationFilterChainDecorator$ObservationFilter.wrapFilter(ObservationFilterChainDecorator.java:240)
	at org.springframework.security.web.ObservationFilterChainDecorator$ObservationFilter.doFilter(ObservationFilterChainDecorator.java:227)
	at org.springframework.security.web.ObservationFilterChainDecorator$VirtualFilterChain.doFilter(ObservationFilterChainDecorator.java:137)
	at org.springframework.web.filter.CorsFilter.doFilterInternal(CorsFilter.java:91)
	at org.springframework.web.filter.OncePerRequestFilter.doFilter(OncePerRequestFilter.java:116)
	at org.springframework.security.web.ObservationFilterChainDecorator$ObservationFilter.wrapFilter(ObservationFilterChainDecorator.java:240)
	at org.springframework.security.web.ObservationFilterChainDecorator$ObservationFilter.doFilter(ObservationFilterChainDecorator.java:227)
	at org.springframework.security.web.ObservationFilterChainDecorator$VirtualFilterChain.doFilter(ObservationFilterChainDecorator.java:137)
	at org.springframework.security.web.header.HeaderWriterFilter.doHeadersAfter(HeaderWriterFilter.java:90)
	at org.springframework.security.web.header.HeaderWriterFilter.doFilterInternal(HeaderWriterFilter.java:75)
	at org.springframework.web.filter.OncePerRequestFilter.doFilter(OncePerRequestFilter.java:116)
	at org.springframework.security.web.ObservationFilterChainDecorator$ObservationFilter.wrapFilter(ObservationFilterChainDecorator.java:240)
	at org.springframework.security.web.ObservationFilterChainDecorator$ObservationFilter.doFilter(ObservationFilterChainDecorator.java:227)
	at org.springframework.security.web.ObservationFilterChainDecorator$VirtualFilterChain.doFilter(ObservationFilterChainDecorator.java:137)
	at org.springframework.security.web.context.SecurityContextHolderFilter.doFilter(SecurityContextHolderFilter.java:82)
	at org.springframework.security.web.context.SecurityContextHolderFilter.doFilter(SecurityContextHolderFilter.java:69)
	at org.springframework.security.web.ObservationFilterChainDecorator$ObservationFilter.wrapFilter(ObservationFilterChainDecorator.java:240)
	at org.springframework.security.web.ObservationFilterChainDecorator$ObservationFilter.doFilter(ObservationFilterChainDecorator.java:227)
	at org.springframework.security.web.ObservationFilterChainDecorator$VirtualFilterChain.doFilter(ObservationFilterChainDecorator.java:137)
	at org.springframework.security.web.context.request.async.WebAsyncManagerIntegrationFilter.doFilterInternal(WebAsyncManagerIntegrationFilter.java:62)
	at org.springframework.web.filter.OncePerRequestFilter.doFilter(OncePerRequestFilter.java:116)
	at org.springframework.security.web.ObservationFilterChainDecorator$ObservationFilter.wrapFilter(ObservationFilterChainDecorator.java:240)
	at org.springframework.security.web.ObservationFilterChainDecorator$ObservationFilter.doFilter(ObservationFilterChainDecorator.java:227)
	at org.springframework.security.web.ObservationFilterChainDecorator$VirtualFilterChain.doFilter(ObservationFilterChainDecorator.java:137)
	at org.springframework.security.web.session.DisableEncodeUrlFilter.doFilterInternal(DisableEncodeUrlFilter.java:42)
	at org.springframework.web.filter.OncePerRequestFilter.doFilter(OncePerRequestFilter.java:116)
	at org.springframework.security.web.ObservationFilterChainDecorator$ObservationFilter.wrapFilter(ObservationFilterChainDecorator.java:240)
	at org.springframework.security.web.ObservationFilterChainDecorator$AroundFilterObservation$SimpleAroundFilterObservation.lambda$wrap$0(ObservationFilterChainDecorator.java:323)
	at org.springframework.security.web.ObservationFilterChainDecorator$ObservationFilter.doFilter(ObservationFilterChainDecorator.java:224)
	at org.springframework.security.web.ObservationFilterChainDecorator$VirtualFilterChain.doFilter(ObservationFilterChainDecorator.java:137)
	at org.springframework.security.web.FilterChainProxy.doFilterInternal(FilterChainProxy.java:233)
	at org.springframework.security.web.FilterChainProxy.doFilter(FilterChainProxy.java:191)
	at org.springframework.web.filter.CompositeFilter$VirtualFilterChain.doFilter(CompositeFilter.java:113)
	at org.springframework.web.servlet.handler.HandlerMappingIntrospector.lambda$createCacheFilter$3(HandlerMappingIntrospector.java:195)
	at org.springframework.web.filter.CompositeFilter$VirtualFilterChain.doFilter(CompositeFilter.java:113)
	at org.springframework.web.filter.CompositeFilter.doFilter(CompositeFilter.java:74)
	at org.springframework.security.config.annotation.web.configuration.WebMvcSecurityConfiguration$CompositeFilterChainProxy.doFilter(WebMvcSecurityConfiguration.java:230)
	at org.springframework.web.filter.DelegatingFilterProxy.invokeDelegate(DelegatingFilterProxy.java:352)
	at org.springframework.web.filter.DelegatingFilterProxy.doFilter(DelegatingFilterProxy.java:268)
	at org.apache.catalina.core.ApplicationFilterChain.internalDoFilter(ApplicationFilterChain.java:175)
	at org.apache.catalina.core.ApplicationFilterChain.doFilter(ApplicationFilterChain.java:150)
	at org.springframework.web.filter.RequestContextFilter.doFilterInternal(RequestContextFilter.java:100)
	at org.springframework.web.filter.OncePerRequestFilter.doFilter(OncePerRequestFilter.java:116)
	at org.apache.catalina.core.ApplicationFilterChain.internalDoFilter(ApplicationFilterChain.java:175)
	at org.apache.catalina.core.ApplicationFilterChain.doFilter(ApplicationFilterChain.java:150)
	at org.springframework.web.filter.FormContentFilter.doFilterInternal(FormContentFilter.java:93)
	at org.springframework.web.filter.OncePerRequestFilter.doFilter(OncePerRequestFilter.java:116)
	at org.apache.catalina.core.ApplicationFilterChain.internalDoFilter(ApplicationFilterChain.java:175)
	at org.apache.catalina.core.ApplicationFilterChain.doFilter(ApplicationFilterChain.java:150)
	at org.springframework.web.filter.ServerHttpObservationFilter.doFilterInternal(ServerHttpObservationFilter.java:109)
	at org.springframework.web.filter.OncePerRequestFilter.doFilter(OncePerRequestFilter.java:116)
	at org.apache.catalina.core.ApplicationFilterChain.internalDoFilter(ApplicationFilterChain.java:175)
	at org.apache.catalina.core.ApplicationFilterChain.doFilter(ApplicationFilterChain.java:150)
	at org.springframework.web.filter.CharacterEncodingFilter.doFilterInternal(CharacterEncodingFilter.java:201)
	at org.springframework.web.filter.OncePerRequestFilter.doFilter(OncePerRequestFilter.java:116)
	at org.apache.catalina.core.ApplicationFilterChain.internalDoFilter(ApplicationFilterChain.java:175)
	at org.apache.catalina.core.ApplicationFilterChain.doFilter(ApplicationFilterChain.java:150)
	at org.apache.catalina.core.StandardWrapperValve.invoke(StandardWrapperValve.java:167)
	at org.apache.catalina.core.StandardContextValve.invoke(StandardContextValve.java:90)
	at org.apache.catalina.authenticator.AuthenticatorBase.invoke(AuthenticatorBase.java:482)
	at org.apache.catalina.core.StandardHostValve.invoke(StandardHostValve.java:115)
	at org.apache.catalina.valves.ErrorReportValve.invoke(ErrorReportValve.java:93)
	at org.apache.catalina.core.StandardEngineValve.invoke(StandardEngineValve.java:74)
	at org.apache.catalina.connector.CoyoteAdapter.service(CoyoteAdapter.java:344)
	at org.apache.coyote.http11.Http11Processor.service(Http11Processor.java:391)
	at org.apache.coyote.AbstractProcessorLight.process(AbstractProcessorLight.java:63)
	at org.apache.coyote.AbstractProtocol$ConnectionHandler.process(AbstractProtocol.java:896)
	at org.apache.tomcat.util.net.NioEndpoint$SocketProcessor.doRun(NioEndpoint.java:1736)
	at org.apache.tomcat.util.net.SocketProcessorBase.run(SocketProcessorBase.java:52)
	at org.apache.tomcat.util.threads.ThreadPoolExecutor.runWorker(ThreadPoolExecutor.java:1191)
	at org.apache.tomcat.util.threads.ThreadPoolExecutor$Worker.run(ThreadPoolExecutor.java:659)
	at org.apache.tomcat.util.threads.TaskThread$WrappingRunnable.run(TaskThread.java:63)
	at java.base/java.lang.Thread.run(Thread.java:1575)
Caused by: java.lang.IllegalStateException: Cannot instantiate class 'com.buildingmanager.payment.PaymentDTO' (it has no constructor with signature [java.lang.Integer, java.lang.String, java.math.BigDecimal, java.time.LocalDateTime, com.buildingmanager.payment.PaymentMethod, java.lang.String, java.lang.Integer, java.lang.Integer], and not every argument has an alias)
	at org.hibernate.sql.results.graph.instantiation.internal.DynamicInstantiationResultImpl.resolveAssembler(DynamicInstantiationResultImpl.java:201)
	at org.hibernate.sql.results.graph.instantiation.internal.DynamicInstantiationResultImpl.createResultAssembler(DynamicInstantiationResultImpl.java:107)
	at org.hibernate.sql.results.jdbc.internal.StandardJdbcValuesMapping.resolveAssemblers(StandardJdbcValuesMapping.java:53)
	at org.hibernate.sql.results.internal.ResultsHelper.createRowReader(ResultsHelper.java:77)
	at org.hibernate.sql.results.internal.ResultsHelper.createRowReader(ResultsHelper.java:62)
	at org.hibernate.sql.exec.internal.JdbcSelectExecutorStandardImpl.doExecuteQuery(JdbcSelectExecutorStandardImpl.java:188)
	at org.hibernate.sql.exec.internal.JdbcSelectExecutorStandardImpl.executeQuery(JdbcSelectExecutorStandardImpl.java:83)
	at org.hibernate.sql.exec.spi.JdbcSelectExecutor.list(JdbcSelectExecutor.java:76)
	at org.hibernate.sql.exec.spi.JdbcSelectExecutor.list(JdbcSelectExecutor.java:65)
	at org.hibernate.query.sqm.internal.ConcreteSqmSelectQueryPlan.lambda$new$2(ConcreteSqmSelectQueryPlan.java:137)
	at org.hibernate.query.sqm.internal.ConcreteSqmSelectQueryPlan.withCacheableSqmInterpretation(ConcreteSqmSelectQueryPlan.java:362)
	at org.hibernate.query.sqm.internal.ConcreteSqmSelectQueryPlan.performList(ConcreteSqmSelectQueryPlan.java:303)
	at org.hibernate.query.sqm.internal.QuerySqmImpl.doList(QuerySqmImpl.java:509)
	at org.hibernate.query.spi.AbstractSelectionQuery.list(AbstractSelectionQuery.java:427)
	at org.hibernate.query.Query.getResultList(Query.java:120)
	at org.springframework.data.jpa.repository.query.JpaQueryExecution$CollectionExecution.doExecute(JpaQueryExecution.java:129)
	at org.springframework.data.jpa.repository.query.JpaQueryExecution.execute(JpaQueryExecution.java:92)
	at org.springframework.data.jpa.repository.query.AbstractJpaQuery.doExecute(AbstractJpaQuery.java:149)
	at org.springframework.data.jpa.repository.query.AbstractJpaQuery.execute(AbstractJpaQuery.java:137)
	at org.springframework.data.repository.core.support.RepositoryMethodInvoker.doInvoke(RepositoryMethodInvoker.java:170)
	at org.springframework.data.repository.core.support.RepositoryMethodInvoker.invoke(RepositoryMethodInvoker.java:158)
	at org.springframework.data.repository.core.support.QueryExecutorMethodInterceptor.doInvoke(QueryExecutorMethodInterceptor.java:164)
	at org.springframework.data.repository.core.support.QueryExecutorMethodInterceptor.invoke(QueryExecutorMethodInterceptor.java:143)
	at org.springframework.aop.framework.ReflectiveMethodInvocation.proceed(ReflectiveMethodInvocation.java:184)
	at org.springframework.data.projection.DefaultMethodInvokingMethodInterceptor.invoke(DefaultMethodInvokingMethodInterceptor.java:70)
	at org.springframework.aop.framework.ReflectiveMethodInvocation.proceed(ReflectiveMethodInvocation.java:184)
	at org.springframework.transaction.interceptor.TransactionInterceptor$1.proceedWithInvocation(TransactionInterceptor.java:123)
	at org.springframework.transaction.interceptor.TransactionAspectSupport.invokeWithinTransaction(TransactionAspectSupport.java:392)
	at org.springframework.transaction.interceptor.TransactionInterceptor.invoke(TransactionInterceptor.java:119)
	at org.springframework.aop.framework.ReflectiveMethodInvocation.proceed(ReflectiveMethodInvocation.java:184)
	at org.springframework.dao.support.PersistenceExceptionTranslationInterceptor.invoke(PersistenceExceptionTranslationInterceptor.java:137)
	... 159 common frames omitted
2026-07-29 19:39:10.094 [http-nio-8080-exec-1] INFO  c.b.u.UserDashboardService [6a6a2cae78612e21ae84fd25396496ac,313c18d3081fb3dc] -   Loading dashboard for user 1
2026-07-29 19:39:10.101 [http-nio-8080-exec-1] INFO  c.b.u.UserDashboardService [6a6a2cae78612e21ae84fd25396496ac,313c18d3081fb3dc] - Selected OWNER apartment 1
2026-07-29 19:39:10.104 [http-nio-8080-exec-1] INFO  c.b.u.UserDashboardService [6a6a2cae78612e21ae84fd25396496ac,313c18d3081fb3dc] - Last statement = 8 (2026-06)
2026-07-29 19:39:10.115 [http-nio-8080-exec-9] INFO  c.b.u.UserDashboardService [6a6a2caeb38b264cf2382902fdacd114,888c74b423d8c5aa] - Loading dashboard history for user 1
2026-07-29 19:39:10.118 [http-nio-8080-exec-1] INFO  c.b.u.UserDashboardService [6a6a2cae78612e21ae84fd25396496ac,313c18d3081fb3dc] - Found 3 allocations for apartment 1
2026-07-29 19:39:10.118 [http-nio-8080-exec-1] INFO  c.b.u.UserDashboardService [6a6a2cae78612e21ae84fd25396496ac,313c18d3081fb3dc] - Final amount due: 0
2026-07-29 19:39:10.130 [http-nio-8080-exec-2] INFO  c.b.u.UserDashboardService [6a6a2cae7078c9965a3388a8f849bab3,f125778360d10b8b] -   Loading dashboard for user 1
2026-07-29 19:39:10.135 [http-nio-8080-exec-2] INFO  c.b.u.UserDashboardService [6a6a2cae7078c9965a3388a8f849bab3,f125778360d10b8b] - Selected OWNER apartment 1
2026-07-29 19:39:10.137 [http-nio-8080-exec-2] INFO  c.b.u.UserDashboardService [6a6a2cae7078c9965a3388a8f849bab3,f125778360d10b8b] - Last statement = 8 (2026-06)
2026-07-29 19:39:10.147 [http-nio-8080-exec-2] INFO  c.b.u.UserDashboardService [6a6a2cae7078c9965a3388a8f849bab3,f125778360d10b8b] - Found 3 allocations for apartment 1
2026-07-29 19:39:10.148 [http-nio-8080-exec-2] INFO  c.b.u.UserDashboardService [6a6a2cae7078c9965a3388a8f849bab3,f125778360d10b8b] - Final amount due: 0
2026-07-29 19:40:51.611 [http-nio-8080-exec-2] INFO  c.b.u.UserDashboardService [6a6a2d13a0f66e232f3b91a323f5f443,b1a587dc84f3176f] -   Loading dashboard for user 1
2026-07-29 19:40:51.612 [http-nio-8080-exec-3] INFO  c.b.u.UserDashboardService [6a6a2d138addbdab0a9a69f342792f91,85a2b7c2c9597472] - Loading dashboard history for user 1
2026-07-29 19:40:51.617 [http-nio-8080-exec-2] INFO  c.b.u.UserDashboardService [6a6a2d13a0f66e232f3b91a323f5f443,b1a587dc84f3176f] - Selected OWNER apartment 1
2026-07-29 19:40:51.619 [http-nio-8080-exec-2] INFO  c.b.u.UserDashboardService [6a6a2d13a0f66e232f3b91a323f5f443,b1a587dc84f3176f] - Last statement = 8 (2026-06)
2026-07-29 19:40:51.630 [http-nio-8080-exec-2] INFO  c.b.u.UserDashboardService [6a6a2d13a0f66e232f3b91a323f5f443,b1a587dc84f3176f] - Found 3 allocations for apartment 1
2026-07-29 19:40:51.630 [http-nio-8080-exec-2] INFO  c.b.u.UserDashboardService [6a6a2d13a0f66e232f3b91a323f5f443,b1a587dc84f3176f] - Final amount due: 0
2026-07-29 19:40:51.645 [http-nio-8080-exec-1] INFO  c.b.u.UserDashboardService [6a6a2d13832b7bc75a0889ce2a4e26c1,b8e51a3a80ff29f8] -   Loading dashboard for user 1
2026-07-29 19:40:51.651 [http-nio-8080-exec-1] INFO  c.b.u.UserDashboardService [6a6a2d13832b7bc75a0889ce2a4e26c1,b8e51a3a80ff29f8] - Selected OWNER apartment 1
2026-07-29 19:40:51.652 [http-nio-8080-exec-1] INFO  c.b.u.UserDashboardService [6a6a2d13832b7bc75a0889ce2a4e26c1,b8e51a3a80ff29f8] - Last statement = 8 (2026-06)
2026-07-29 19:40:51.654 [http-nio-8080-exec-1] INFO  c.b.u.UserDashboardService [6a6a2d13832b7bc75a0889ce2a4e26c1,b8e51a3a80ff29f8] - Found 3 allocations for apartment 1
2026-07-29 19:40:51.654 [http-nio-8080-exec-1] INFO  c.b.u.UserDashboardService [6a6a2d13832b7bc75a0889ce2a4e26c1,b8e51a3a80ff29f8] - Final amount due: 0
2026-07-29 19:40:53.474 [http-nio-8080-exec-7] ERROR c.b.handler.GlobalExceptionHandler [6a6a2d15ac5de4481f380fb902c30cc1,a3eab0260bd78ab0] - Unhandled exception
org.springframework.dao.InvalidDataAccessApiUsageException: Cannot instantiate class 'com.buildingmanager.payment.PaymentDTO' (it has no constructor with signature [java.lang.Integer, java.lang.String, java.math.BigDecimal, java.time.LocalDateTime, com.buildingmanager.payment.PaymentMethod, java.lang.String, java.lang.Integer, java.lang.Integer], and not every argument has an alias)
	at org.springframework.orm.jpa.EntityManagerFactoryUtils.convertJpaAccessExceptionIfPossible(EntityManagerFactoryUtils.java:368)
	at org.springframework.orm.jpa.vendor.HibernateJpaDialect.translateExceptionIfPossible(HibernateJpaDialect.java:246)
	at org.springframework.orm.jpa.AbstractEntityManagerFactoryBean.translateExceptionIfPossible(AbstractEntityManagerFactoryBean.java:550)
	at org.springframework.dao.support.ChainedPersistenceExceptionTranslator.translateExceptionIfPossible(ChainedPersistenceExceptionTranslator.java:61)
	at org.springframework.dao.support.DataAccessUtils.translateIfNecessary(DataAccessUtils.java:335)
	at org.springframework.dao.support.PersistenceExceptionTranslationInterceptor.invoke(PersistenceExceptionTranslationInterceptor.java:152)
	at org.springframework.aop.framework.ReflectiveMethodInvocation.proceed(ReflectiveMethodInvocation.java:184)
	at org.springframework.data.jpa.repository.support.CrudMethodMetadataPostProcessor$CrudMethodMetadataPopulatingMethodInterceptor.invoke(CrudMethodMetadataPostProcessor.java:135)
	at org.springframework.aop.framework.ReflectiveMethodInvocation.proceed(ReflectiveMethodInvocation.java:184)
	at org.springframework.aop.interceptor.ExposeInvocationInterceptor.invoke(ExposeInvocationInterceptor.java:97)
	at org.springframework.aop.framework.ReflectiveMethodInvocation.proceed(ReflectiveMethodInvocation.java:184)
	at org.springframework.aop.framework.JdkDynamicAopProxy.invoke(JdkDynamicAopProxy.java:223)
	at jdk.proxy2/jdk.proxy2.$Proxy214.findRecentByBuilding(Unknown Source)
	at com.buildingmanager.payment.PaymentService.getRecentPaymentsByBuilding(PaymentService.java:241)
	at java.base/jdk.internal.reflect.DirectMethodHandleAccessor.invoke(DirectMethodHandleAccessor.java:103)
	at java.base/java.lang.reflect.Method.invoke(Method.java:580)
	at org.springframework.aop.support.AopUtils.invokeJoinpointUsingReflection(AopUtils.java:354)
	at org.springframework.aop.framework.ReflectiveMethodInvocation.invokeJoinpoint(ReflectiveMethodInvocation.java:196)
	at org.springframework.aop.framework.ReflectiveMethodInvocation.proceed(ReflectiveMethodInvocation.java:163)
	at org.springframework.aop.framework.CglibAopProxy$CglibMethodInvocation.proceed(CglibAopProxy.java:768)
	at org.springframework.aop.interceptor.ExposeInvocationInterceptor.invoke(ExposeInvocationInterceptor.java:97)
	at org.springframework.aop.framework.ReflectiveMethodInvocation.proceed(ReflectiveMethodInvocation.java:184)
	at org.springframework.aop.framework.CglibAopProxy$CglibMethodInvocation.proceed(CglibAopProxy.java:768)
	at org.springframework.aop.framework.CglibAopProxy$DynamicAdvisedInterceptor.intercept(CglibAopProxy.java:720)
	at com.buildingmanager.payment.PaymentService$$SpringCGLIB$$0.getRecentPaymentsByBuilding(<generated>)
	at com.buildingmanager.payment.PaymentController.getRecentByBuilding(PaymentController.java:55)
	at java.base/jdk.internal.reflect.DirectMethodHandleAccessor.invoke(DirectMethodHandleAccessor.java:103)
	at java.base/java.lang.reflect.Method.invoke(Method.java:580)
	at org.springframework.web.method.support.InvocableHandlerMethod.doInvoke(InvocableHandlerMethod.java:255)
	at org.springframework.web.method.support.InvocableHandlerMethod.invokeForRequest(InvocableHandlerMethod.java:188)
	at org.springframework.web.servlet.mvc.method.annotation.ServletInvocableHandlerMethod.invokeAndHandle(ServletInvocableHandlerMethod.java:118)
	at org.springframework.web.servlet.mvc.method.annotation.RequestMappingHandlerAdapter.invokeHandlerMethod(RequestMappingHandlerAdapter.java:926)
	at org.springframework.web.servlet.mvc.method.annotation.RequestMappingHandlerAdapter.handleInternal(RequestMappingHandlerAdapter.java:831)
	at org.springframework.web.servlet.mvc.method.AbstractHandlerMethodAdapter.handle(AbstractHandlerMethodAdapter.java:87)
	at org.springframework.web.servlet.DispatcherServlet.doDispatch(DispatcherServlet.java:1089)
	at org.springframework.web.servlet.DispatcherServlet.doService(DispatcherServlet.java:979)
	at org.springframework.web.servlet.FrameworkServlet.processRequest(FrameworkServlet.java:1014)
	at org.springframework.web.servlet.FrameworkServlet.doGet(FrameworkServlet.java:903)
	at jakarta.servlet.http.HttpServlet.service(HttpServlet.java:564)
	at org.springframework.web.servlet.FrameworkServlet.service(FrameworkServlet.java:885)
	at jakarta.servlet.http.HttpServlet.service(HttpServlet.java:658)
	at org.apache.catalina.core.ApplicationFilterChain.internalDoFilter(ApplicationFilterChain.java:206)
	at org.apache.catalina.core.ApplicationFilterChain.doFilter(ApplicationFilterChain.java:150)
	at org.apache.tomcat.websocket.server.WsFilter.doFilter(WsFilter.java:51)
	at org.apache.catalina.core.ApplicationFilterChain.internalDoFilter(ApplicationFilterChain.java:175)
	at org.apache.catalina.core.ApplicationFilterChain.doFilter(ApplicationFilterChain.java:150)
	at org.springframework.web.filter.CorsFilter.doFilterInternal(CorsFilter.java:91)
	at org.springframework.web.filter.OncePerRequestFilter.doFilter(OncePerRequestFilter.java:116)
	at org.apache.catalina.core.ApplicationFilterChain.internalDoFilter(ApplicationFilterChain.java:175)
	at org.apache.catalina.core.ApplicationFilterChain.doFilter(ApplicationFilterChain.java:150)
	at org.springframework.web.filter.OncePerRequestFilter.doFilter(OncePerRequestFilter.java:110)
	at org.apache.catalina.core.ApplicationFilterChain.internalDoFilter(ApplicationFilterChain.java:175)
	at org.apache.catalina.core.ApplicationFilterChain.doFilter(ApplicationFilterChain.java:150)
	at org.springframework.web.filter.CompositeFilter$VirtualFilterChain.doFilter(CompositeFilter.java:108)
	at org.springframework.security.web.FilterChainProxy.lambda$doFilterInternal$3(FilterChainProxy.java:231)
	at org.springframework.security.web.ObservationFilterChainDecorator$FilterObservation$SimpleFilterObservation.lambda$wrap$1(ObservationFilterChainDecorator.java:479)
	at org.springframework.security.web.ObservationFilterChainDecorator$AroundFilterObservation$SimpleAroundFilterObservation.lambda$wrap$1(ObservationFilterChainDecorator.java:340)
	at org.springframework.security.web.ObservationFilterChainDecorator.lambda$wrapSecured$0(ObservationFilterChainDecorator.java:82)
	at org.springframework.security.web.ObservationFilterChainDecorator$VirtualFilterChain.doFilter(ObservationFilterChainDecorator.java:128)
	at org.springframework.security.web.access.intercept.AuthorizationFilter.doFilter(AuthorizationFilter.java:100)
	at org.springframework.security.web.ObservationFilterChainDecorator$ObservationFilter.wrapFilter(ObservationFilterChainDecorator.java:240)
	at org.springframework.security.web.ObservationFilterChainDecorator$ObservationFilter.doFilter(ObservationFilterChainDecorator.java:227)
	at org.springframework.security.web.ObservationFilterChainDecorator$VirtualFilterChain.doFilter(ObservationFilterChainDecorator.java:137)
	at org.springframework.security.web.access.ExceptionTranslationFilter.doFilter(ExceptionTranslationFilter.java:126)
	at org.springframework.security.web.access.ExceptionTranslationFilter.doFilter(ExceptionTranslationFilter.java:120)
	at org.springframework.security.web.ObservationFilterChainDecorator$ObservationFilter.wrapFilter(ObservationFilterChainDecorator.java:240)
	at org.springframework.security.web.ObservationFilterChainDecorator$ObservationFilter.doFilter(ObservationFilterChainDecorator.java:227)
	at org.springframework.security.web.ObservationFilterChainDecorator$VirtualFilterChain.doFilter(ObservationFilterChainDecorator.java:137)
	at org.springframework.security.web.session.SessionManagementFilter.doFilter(SessionManagementFilter.java:131)
	at org.springframework.security.web.session.SessionManagementFilter.doFilter(SessionManagementFilter.java:85)
	at org.springframework.security.web.ObservationFilterChainDecorator$ObservationFilter.wrapFilter(ObservationFilterChainDecorator.java:240)
	at org.springframework.security.web.ObservationFilterChainDecorator$ObservationFilter.doFilter(ObservationFilterChainDecorator.java:227)
	at org.springframework.security.web.ObservationFilterChainDecorator$VirtualFilterChain.doFilter(ObservationFilterChainDecorator.java:137)
	at org.springframework.security.web.authentication.AnonymousAuthenticationFilter.doFilter(AnonymousAuthenticationFilter.java:100)
	at org.springframework.security.web.ObservationFilterChainDecorator$ObservationFilter.wrapFilter(ObservationFilterChainDecorator.java:240)
	at org.springframework.security.web.ObservationFilterChainDecorator$ObservationFilter.doFilter(ObservationFilterChainDecorator.java:227)
	at org.springframework.security.web.ObservationFilterChainDecorator$VirtualFilterChain.doFilter(ObservationFilterChainDecorator.java:137)
	at org.springframework.security.web.servletapi.SecurityContextHolderAwareRequestFilter.doFilter(SecurityContextHolderAwareRequestFilter.java:179)
	at org.springframework.security.web.ObservationFilterChainDecorator$ObservationFilter.wrapFilter(ObservationFilterChainDecorator.java:240)
	at org.springframework.security.web.ObservationFilterChainDecorator$ObservationFilter.doFilter(ObservationFilterChainDecorator.java:227)
	at org.springframework.security.web.ObservationFilterChainDecorator$VirtualFilterChain.doFilter(ObservationFilterChainDecorator.java:137)
	at org.springframework.security.web.savedrequest.RequestCacheAwareFilter.doFilter(RequestCacheAwareFilter.java:63)
	at org.springframework.security.web.ObservationFilterChainDecorator$ObservationFilter.wrapFilter(ObservationFilterChainDecorator.java:240)
	at org.springframework.security.web.ObservationFilterChainDecorator$ObservationFilter.doFilter(ObservationFilterChainDecorator.java:227)
	at org.springframework.security.web.ObservationFilterChainDecorator$VirtualFilterChain.doFilter(ObservationFilterChainDecorator.java:137)
	at com.buildingmanager.security.JwtFilter.doFilterInternal(JwtFilter.java:101)
	at org.springframework.web.filter.OncePerRequestFilter.doFilter(OncePerRequestFilter.java:116)
	at org.springframework.security.web.ObservationFilterChainDecorator$ObservationFilter.wrapFilter(ObservationFilterChainDecorator.java:240)
	at org.springframework.security.web.ObservationFilterChainDecorator$ObservationFilter.doFilter(ObservationFilterChainDecorator.java:227)
	at org.springframework.security.web.ObservationFilterChainDecorator$VirtualFilterChain.doFilter(ObservationFilterChainDecorator.java:137)
	at org.springframework.security.web.authentication.logout.LogoutFilter.doFilter(LogoutFilter.java:107)
	at org.springframework.security.web.authentication.logout.LogoutFilter.doFilter(LogoutFilter.java:93)
	at org.springframework.security.web.ObservationFilterChainDecorator$ObservationFilter.wrapFilter(ObservationFilterChainDecorator.java:240)
	at org.springframework.security.web.ObservationFilterChainDecorator$ObservationFilter.doFilter(ObservationFilterChainDecorator.java:227)
	at org.springframework.security.web.ObservationFilterChainDecorator$VirtualFilterChain.doFilter(ObservationFilterChainDecorator.java:137)
	at org.springframework.web.filter.CorsFilter.doFilterInternal(CorsFilter.java:91)
	at org.springframework.web.filter.OncePerRequestFilter.doFilter(OncePerRequestFilter.java:116)
	at org.springframework.security.web.ObservationFilterChainDecorator$ObservationFilter.wrapFilter(ObservationFilterChainDecorator.java:240)
	at org.springframework.security.web.ObservationFilterChainDecorator$ObservationFilter.doFilter(ObservationFilterChainDecorator.java:227)
	at org.springframework.security.web.ObservationFilterChainDecorator$VirtualFilterChain.doFilter(ObservationFilterChainDecorator.java:137)
	at org.springframework.security.web.header.HeaderWriterFilter.doHeadersAfter(HeaderWriterFilter.java:90)
	at org.springframework.security.web.header.HeaderWriterFilter.doFilterInternal(HeaderWriterFilter.java:75)
	at org.springframework.web.filter.OncePerRequestFilter.doFilter(OncePerRequestFilter.java:116)
	at org.springframework.security.web.ObservationFilterChainDecorator$ObservationFilter.wrapFilter(ObservationFilterChainDecorator.java:240)
	at org.springframework.security.web.ObservationFilterChainDecorator$ObservationFilter.doFilter(ObservationFilterChainDecorator.java:227)
	at org.springframework.security.web.ObservationFilterChainDecorator$VirtualFilterChain.doFilter(ObservationFilterChainDecorator.java:137)
	at org.springframework.security.web.context.SecurityContextHolderFilter.doFilter(SecurityContextHolderFilter.java:82)
	at org.springframework.security.web.context.SecurityContextHolderFilter.doFilter(SecurityContextHolderFilter.java:69)
	at org.springframework.security.web.ObservationFilterChainDecorator$ObservationFilter.wrapFilter(ObservationFilterChainDecorator.java:240)
	at org.springframework.security.web.ObservationFilterChainDecorator$ObservationFilter.doFilter(ObservationFilterChainDecorator.java:227)
	at org.springframework.security.web.ObservationFilterChainDecorator$VirtualFilterChain.doFilter(ObservationFilterChainDecorator.java:137)
	at org.springframework.security.web.context.request.async.WebAsyncManagerIntegrationFilter.doFilterInternal(WebAsyncManagerIntegrationFilter.java:62)
	at org.springframework.web.filter.OncePerRequestFilter.doFilter(OncePerRequestFilter.java:116)
	at org.springframework.security.web.ObservationFilterChainDecorator$ObservationFilter.wrapFilter(ObservationFilterChainDecorator.java:240)
	at org.springframework.security.web.ObservationFilterChainDecorator$ObservationFilter.doFilter(ObservationFilterChainDecorator.java:227)
	at org.springframework.security.web.ObservationFilterChainDecorator$VirtualFilterChain.doFilter(ObservationFilterChainDecorator.java:137)
	at org.springframework.security.web.session.DisableEncodeUrlFilter.doFilterInternal(DisableEncodeUrlFilter.java:42)
	at org.springframework.web.filter.OncePerRequestFilter.doFilter(OncePerRequestFilter.java:116)
	at org.springframework.security.web.ObservationFilterChainDecorator$ObservationFilter.wrapFilter(ObservationFilterChainDecorator.java:240)
	at org.springframework.security.web.ObservationFilterChainDecorator$AroundFilterObservation$SimpleAroundFilterObservation.lambda$wrap$0(ObservationFilterChainDecorator.java:323)
	at org.springframework.security.web.ObservationFilterChainDecorator$ObservationFilter.doFilter(ObservationFilterChainDecorator.java:224)
	at org.springframework.security.web.ObservationFilterChainDecorator$VirtualFilterChain.doFilter(ObservationFilterChainDecorator.java:137)
	at org.springframework.security.web.FilterChainProxy.doFilterInternal(FilterChainProxy.java:233)
	at org.springframework.security.web.FilterChainProxy.doFilter(FilterChainProxy.java:191)
	at org.springframework.web.filter.CompositeFilter$VirtualFilterChain.doFilter(CompositeFilter.java:113)
	at org.springframework.web.servlet.handler.HandlerMappingIntrospector.lambda$createCacheFilter$3(HandlerMappingIntrospector.java:195)
	at org.springframework.web.filter.CompositeFilter$VirtualFilterChain.doFilter(CompositeFilter.java:113)
	at org.springframework.web.filter.CompositeFilter.doFilter(CompositeFilter.java:74)
	at org.springframework.security.config.annotation.web.configuration.WebMvcSecurityConfiguration$CompositeFilterChainProxy.doFilter(WebMvcSecurityConfiguration.java:230)
	at org.springframework.web.filter.DelegatingFilterProxy.invokeDelegate(DelegatingFilterProxy.java:352)
	at org.springframework.web.filter.DelegatingFilterProxy.doFilter(DelegatingFilterProxy.java:268)
	at org.apache.catalina.core.ApplicationFilterChain.internalDoFilter(ApplicationFilterChain.java:175)
	at org.apache.catalina.core.ApplicationFilterChain.doFilter(ApplicationFilterChain.java:150)
	at org.springframework.web.filter.RequestContextFilter.doFilterInternal(RequestContextFilter.java:100)
	at org.springframework.web.filter.OncePerRequestFilter.doFilter(OncePerRequestFilter.java:116)
	at org.apache.catalina.core.ApplicationFilterChain.internalDoFilter(ApplicationFilterChain.java:175)
	at org.apache.catalina.core.ApplicationFilterChain.doFilter(ApplicationFilterChain.java:150)
	at org.springframework.web.filter.FormContentFilter.doFilterInternal(FormContentFilter.java:93)
	at org.springframework.web.filter.OncePerRequestFilter.doFilter(OncePerRequestFilter.java:116)
	at org.apache.catalina.core.ApplicationFilterChain.internalDoFilter(ApplicationFilterChain.java:175)
	at org.apache.catalina.core.ApplicationFilterChain.doFilter(ApplicationFilterChain.java:150)
	at org.springframework.web.filter.ServerHttpObservationFilter.doFilterInternal(ServerHttpObservationFilter.java:109)
	at org.springframework.web.filter.OncePerRequestFilter.doFilter(OncePerRequestFilter.java:116)
	at org.apache.catalina.core.ApplicationFilterChain.internalDoFilter(ApplicationFilterChain.java:175)
	at org.apache.catalina.core.ApplicationFilterChain.doFilter(ApplicationFilterChain.java:150)
	at org.springframework.web.filter.CharacterEncodingFilter.doFilterInternal(CharacterEncodingFilter.java:201)
	at org.springframework.web.filter.OncePerRequestFilter.doFilter(OncePerRequestFilter.java:116)
	at org.apache.catalina.core.ApplicationFilterChain.internalDoFilter(ApplicationFilterChain.java:175)
	at org.apache.catalina.core.ApplicationFilterChain.doFilter(ApplicationFilterChain.java:150)
	at org.apache.catalina.core.StandardWrapperValve.invoke(StandardWrapperValve.java:167)
	at org.apache.catalina.core.StandardContextValve.invoke(StandardContextValve.java:90)
	at org.apache.catalina.authenticator.AuthenticatorBase.invoke(AuthenticatorBase.java:482)
	at org.apache.catalina.core.StandardHostValve.invoke(StandardHostValve.java:115)
	at org.apache.catalina.valves.ErrorReportValve.invoke(ErrorReportValve.java:93)
	at org.apache.catalina.core.StandardEngineValve.invoke(StandardEngineValve.java:74)
	at org.apache.catalina.connector.CoyoteAdapter.service(CoyoteAdapter.java:344)
	at org.apache.coyote.http11.Http11Processor.service(Http11Processor.java:391)
	at org.apache.coyote.AbstractProcessorLight.process(AbstractProcessorLight.java:63)
	at org.apache.coyote.AbstractProtocol$ConnectionHandler.process(AbstractProtocol.java:896)
	at org.apache.tomcat.util.net.NioEndpoint$SocketProcessor.doRun(NioEndpoint.java:1736)
	at org.apache.tomcat.util.net.SocketProcessorBase.run(SocketProcessorBase.java:52)
	at org.apache.tomcat.util.threads.ThreadPoolExecutor.runWorker(ThreadPoolExecutor.java:1191)
	at org.apache.tomcat.util.threads.ThreadPoolExecutor$Worker.run(ThreadPoolExecutor.java:659)
	at org.apache.tomcat.util.threads.TaskThread$WrappingRunnable.run(TaskThread.java:63)
	at java.base/java.lang.Thread.run(Thread.java:1575)
Caused by: java.lang.IllegalStateException: Cannot instantiate class 'com.buildingmanager.payment.PaymentDTO' (it has no constructor with signature [java.lang.Integer, java.lang.String, java.math.BigDecimal, java.time.LocalDateTime, com.buildingmanager.payment.PaymentMethod, java.lang.String, java.lang.Integer, java.lang.Integer], and not every argument has an alias)
	at org.hibernate.sql.results.graph.instantiation.internal.DynamicInstantiationResultImpl.resolveAssembler(DynamicInstantiationResultImpl.java:201)
	at org.hibernate.sql.results.graph.instantiation.internal.DynamicInstantiationResultImpl.createResultAssembler(DynamicInstantiationResultImpl.java:107)
	at org.hibernate.sql.results.jdbc.internal.StandardJdbcValuesMapping.resolveAssemblers(StandardJdbcValuesMapping.java:53)
	at org.hibernate.sql.results.internal.ResultsHelper.createRowReader(ResultsHelper.java:77)
	at org.hibernate.sql.results.internal.ResultsHelper.createRowReader(ResultsHelper.java:62)
	at org.hibernate.sql.exec.internal.JdbcSelectExecutorStandardImpl.doExecuteQuery(JdbcSelectExecutorStandardImpl.java:188)
	at org.hibernate.sql.exec.internal.JdbcSelectExecutorStandardImpl.executeQuery(JdbcSelectExecutorStandardImpl.java:83)
	at org.hibernate.sql.exec.spi.JdbcSelectExecutor.list(JdbcSelectExecutor.java:76)
	at org.hibernate.sql.exec.spi.JdbcSelectExecutor.list(JdbcSelectExecutor.java:65)
	at org.hibernate.query.sqm.internal.ConcreteSqmSelectQueryPlan.lambda$new$2(ConcreteSqmSelectQueryPlan.java:137)
	at org.hibernate.query.sqm.internal.ConcreteSqmSelectQueryPlan.withCacheableSqmInterpretation(ConcreteSqmSelectQueryPlan.java:362)
	at org.hibernate.query.sqm.internal.ConcreteSqmSelectQueryPlan.performList(ConcreteSqmSelectQueryPlan.java:303)
	at org.hibernate.query.sqm.internal.QuerySqmImpl.doList(QuerySqmImpl.java:509)
	at org.hibernate.query.spi.AbstractSelectionQuery.list(AbstractSelectionQuery.java:427)
	at org.hibernate.query.Query.getResultList(Query.java:120)
	at org.springframework.data.jpa.repository.query.JpaQueryExecution$CollectionExecution.doExecute(JpaQueryExecution.java:129)
	at org.springframework.data.jpa.repository.query.JpaQueryExecution.execute(JpaQueryExecution.java:92)
	at org.springframework.data.jpa.repository.query.AbstractJpaQuery.doExecute(AbstractJpaQuery.java:149)
	at org.springframework.data.jpa.repository.query.AbstractJpaQuery.execute(AbstractJpaQuery.java:137)
	at org.springframework.data.repository.core.support.RepositoryMethodInvoker.doInvoke(RepositoryMethodInvoker.java:170)
	at org.springframework.data.repository.core.support.RepositoryMethodInvoker.invoke(RepositoryMethodInvoker.java:158)
	at org.springframework.data.repository.core.support.QueryExecutorMethodInterceptor.doInvoke(QueryExecutorMethodInterceptor.java:164)
	at org.springframework.data.repository.core.support.QueryExecutorMethodInterceptor.invoke(QueryExecutorMethodInterceptor.java:143)
	at org.springframework.aop.framework.ReflectiveMethodInvocation.proceed(ReflectiveMethodInvocation.java:184)
	at org.springframework.data.projection.DefaultMethodInvokingMethodInterceptor.invoke(DefaultMethodInvokingMethodInterceptor.java:70)
	at org.springframework.aop.framework.ReflectiveMethodInvocation.proceed(ReflectiveMethodInvocation.java:184)
	at org.springframework.transaction.interceptor.TransactionInterceptor$1.proceedWithInvocation(TransactionInterceptor.java:123)
	at org.springframework.transaction.interceptor.TransactionAspectSupport.invokeWithinTransaction(TransactionAspectSupport.java:392)
	at org.springframework.transaction.interceptor.TransactionInterceptor.invoke(TransactionInterceptor.java:119)
	at org.springframework.aop.framework.ReflectiveMethodInvocation.proceed(ReflectiveMethodInvocation.java:184)
	at org.springframework.dao.support.PersistenceExceptionTranslationInterceptor.invoke(PersistenceExceptionTranslationInterceptor.java:137)
	... 159 common frames omitted
2026-07-29 19:41:09.498 [http-nio-8080-exec-2] INFO  c.b.u.UserDashboardService [6a6a2d253e881611b347ecd049a6921f,feea275c0570e65e] -   Loading dashboard for user 4
2026-07-29 19:41:09.503 [http-nio-8080-exec-2] INFO  c.b.u.UserDashboardService [6a6a2d253e881611b347ecd049a6921f,feea275c0570e65e] - Selected OWNER apartment 23
2026-07-29 19:41:09.504 [http-nio-8080-exec-2] INFO  c.b.u.UserDashboardService [6a6a2d253e881611b347ecd049a6921f,feea275c0570e65e] - Last statement = 8 (2026-06)
2026-07-29 19:41:09.509 [http-nio-8080-exec-2] INFO  c.b.u.UserDashboardService [6a6a2d253e881611b347ecd049a6921f,feea275c0570e65e] - Found 3 allocations for apartment 23
2026-07-29 19:41:09.509 [http-nio-8080-exec-2] INFO  c.b.u.UserDashboardService [6a6a2d253e881611b347ecd049a6921f,feea275c0570e65e] - Final amount due: 5.80
2026-07-29 19:41:09.509 [http-nio-8080-exec-7] INFO  c.b.u.UserDashboardService [6a6a2d25e2f57de2a35c197d947ebc58,1a6963bf673d11c8] - Loading dashboard history for user 4
2026-07-29 19:41:09.516 [http-nio-8080-exec-4] INFO  c.b.u.UserDashboardService [6a6a2d2542beaffac8c91ece3928708e,effedc101f1d6c69] -   Loading dashboard for user 4
2026-07-29 19:41:09.519 [http-nio-8080-exec-4] INFO  c.b.u.UserDashboardService [6a6a2d2542beaffac8c91ece3928708e,effedc101f1d6c69] - Selected OWNER apartment 23
2026-07-29 19:41:09.520 [http-nio-8080-exec-4] INFO  c.b.u.UserDashboardService [6a6a2d2542beaffac8c91ece3928708e,effedc101f1d6c69] - Last statement = 8 (2026-06)
2026-07-29 19:41:09.522 [http-nio-8080-exec-4] INFO  c.b.u.UserDashboardService [6a6a2d2542beaffac8c91ece3928708e,effedc101f1d6c69] - Found 3 allocations for apartment 23
2026-07-29 19:41:09.522 [http-nio-8080-exec-4] INFO  c.b.u.UserDashboardService [6a6a2d2542beaffac8c91ece3928708e,effedc101f1d6c69] - Final amount due: 5.80
2026-07-29 19:41:39.983 [SpringApplicationShutdownHook] INFO  o.s.o.j.LocalContainerEntityManagerFactoryBean [,] - Closing JPA EntityManagerFactory for persistence unit 'default'
2026-07-29 19:41:39.985 [SpringApplicationShutdownHook] INFO  com.zaxxer.hikari.HikariDataSource [,] - HikariPool-1 - Shutdown initiated...
2026-07-29 19:41:39.987 [SpringApplicationShutdownHook] INFO  com.zaxxer.hikari.HikariDataSource [,] - HikariPool-1 - Shutdown completed.
2026-07-29 19:41:42.243 [background-preinit] INFO  o.h.validator.internal.util.Version [,] - HV000001: Hibernate Validator 8.0.1.Final
2026-07-29 19:41:42.268 [main] INFO  c.b.BuildingManagerNetworkApiApplication [,] - Starting BuildingManagerNetworkApiApplication using Java 23.0.2 with PID 32044 (C:\Users\FotisPamp\Documents\GitHub\building-manager-network\target\classes started by FotisPamp in C:\Users\FotisPamp\Documents\GitHub\building-manager-network)
2026-07-29 19:41:42.269 [main] INFO  c.b.BuildingManagerNetworkApiApplication [,] - The following 1 profile is active: "dev"
2026-07-29 19:41:42.862 [main] INFO  o.s.d.r.c.RepositoryConfigurationDelegate [,] - Bootstrapping Spring Data JPA repositories in DEFAULT mode.
2026-07-29 19:41:42.953 [main] INFO  o.s.d.r.c.RepositoryConfigurationDelegate [,] - Finished Spring Data repository scanning in 85 ms. Found 28 JPA repository interfaces.
2026-07-29 19:41:43.822 [main] INFO  o.s.b.w.e.tomcat.TomcatWebServer [,] - Tomcat initialized with port 8080 (http)
2026-07-29 19:41:43.827 [main] INFO  o.a.coyote.http11.Http11NioProtocol [,] - Initializing ProtocolHandler ["http-nio-8080"]
2026-07-29 19:41:43.828 [main] INFO  o.a.catalina.core.StandardService [,] - Starting service [Tomcat]
2026-07-29 19:41:43.828 [main] INFO  o.a.catalina.core.StandardEngine [,] - Starting Servlet engine: [Apache Tomcat/10.1.20]
2026-07-29 19:41:43.875 [main] INFO  o.a.c.c.C.[Tomcat].[localhost].[/] [,] - Initializing Spring embedded WebApplicationContext
2026-07-29 19:41:43.875 [main] INFO  o.s.b.w.s.c.ServletWebServerApplicationContext [,] - Root WebApplicationContext: initialization completed in 1557 ms
2026-07-29 19:41:44.253 [main] INFO  o.h.jpa.internal.util.LogHelper [,] - HHH000204: Processing PersistenceUnitInfo [name: default]
2026-07-29 19:41:44.289 [main] INFO  org.hibernate.Version [,] - HHH000412: Hibernate ORM core version 6.4.4.Final
2026-07-29 19:41:44.311 [main] INFO  o.h.c.i.RegionFactoryInitiator [,] - HHH000026: Second-level cache disabled
2026-07-29 19:41:44.470 [main] INFO  o.s.o.j.p.SpringPersistenceUnitInfo [,] - No LoadTimeWeaver setup: ignoring JPA class transformer
2026-07-29 19:41:44.489 [main] INFO  com.zaxxer.hikari.HikariDataSource [,] - HikariPool-1 - Starting...
2026-07-29 19:41:44.585 [main] INFO  com.zaxxer.hikari.pool.HikariPool [,] - HikariPool-1 - Added connection org.postgresql.jdbc.PgConnection@618e7761
2026-07-29 19:41:44.586 [main] INFO  com.zaxxer.hikari.HikariDataSource [,] - HikariPool-1 - Start completed.
2026-07-29 19:41:44.610 [main] WARN  org.hibernate.orm.deprecation [,] - HHH90000025: PostgreSQLDialect does not need to be specified explicitly using 'hibernate.dialect' (remove the property setting and it will be selected by default)
2026-07-29 19:41:45.757 [main] INFO  o.h.e.t.j.p.i.JtaPlatformInitiator [,] - HHH000489: No JTA platform available (set 'hibernate.transaction.jta.platform' to enable JTA platform integration)
2026-07-29 19:41:46.065 [main] INFO  o.s.o.j.LocalContainerEntityManagerFactoryBean [,] - Initialized JPA EntityManagerFactory for persistence unit 'default'
2026-07-29 19:41:46.365 [main] INFO  o.s.d.j.r.query.QueryEnhancerFactory [,] - Hibernate is in classpath; If applicable, HQL parser will be used.
2026-07-29 19:41:48.852 [main] WARN  o.s.b.a.o.j.JpaBaseConfiguration$JpaWebConfiguration [,] - spring.jpa.open-in-view is enabled by default. Therefore, database queries may be performed during view rendering. Explicitly configure spring.jpa.open-in-view to disable this warning
2026-07-29 19:41:49.246 [main] INFO  o.s.b.a.e.web.EndpointLinksResolver [,] - Exposing 4 endpoint(s) beneath base path '/actuator'
2026-07-29 19:41:49.322 [main] INFO  o.s.s.web.DefaultSecurityFilterChain [,] - Will secure any request with [org.springframework.security.web.session.DisableEncodeUrlFilter@41ba1bdd, org.springframework.security.web.context.request.async.WebAsyncManagerIntegrationFilter@73bb872a, org.springframework.security.web.context.SecurityContextHolderFilter@67f10455, org.springframework.security.web.header.HeaderWriterFilter@69d0920d, org.springframework.web.filter.CorsFilter@73515210, org.springframework.security.web.authentication.logout.LogoutFilter@24aa32, com.buildingmanager.security.JwtFilter@5c9cc591, org.springframework.security.web.savedrequest.RequestCacheAwareFilter@72dced4a, org.springframework.security.web.servletapi.SecurityContextHolderAwareRequestFilter@4340cb02, org.springframework.security.web.authentication.AnonymousAuthenticationFilter@38d08c4f, org.springframework.security.web.session.SessionManagementFilter@736d7f75, org.springframework.security.web.access.ExceptionTranslationFilter@1c9a7ea3, org.springframework.security.web.access.intercept.AuthorizationFilter@d3aa9f3]
2026-07-29 19:41:49.876 [main] INFO  o.a.coyote.http11.Http11NioProtocol [,] - Starting ProtocolHandler ["http-nio-8080"]
2026-07-29 19:41:49.889 [main] INFO  o.s.b.w.e.tomcat.TomcatWebServer [,] - Tomcat started on port 8080 (http) with context path ''
2026-07-29 19:41:49.899 [main] INFO  c.b.BuildingManagerNetworkApiApplication [,] - Started BuildingManagerNetworkApiApplication in 8.018 seconds (process running for 8.581)
2026-07-29 19:41:50.169 [RMI TCP Connection(1)-192.168.1.9] INFO  o.a.c.c.C.[Tomcat].[localhost].[/] [,] - Initializing Spring DispatcherServlet 'dispatcherServlet'
2026-07-29 19:41:50.170 [RMI TCP Connection(1)-192.168.1.9] INFO  o.s.web.servlet.DispatcherServlet [,] - Initializing Servlet 'dispatcherServlet'
2026-07-29 19:41:50.171 [RMI TCP Connection(1)-192.168.1.9] INFO  o.s.web.servlet.DispatcherServlet [,] - Completed initialization in 1 ms
2026-07-29 19:42:27.027 [AsyncReporter{org.springframework.boot.actuate.autoconfigure.tracing.zipkin.ZipkinRestTemplateSender@72f3acc9}] WARN  z.r.AsyncReporter$BoundedAsyncReporter [,] - Spans were dropped due to exceptions. All subsequent errors will be logged at FINE level.
2026-07-29 19:42:27.027 [AsyncReporter{org.springframework.boot.actuate.autoconfigure.tracing.zipkin.ZipkinRestTemplateSender@72f3acc9}] WARN  z.r.AsyncReporter$BoundedAsyncReporter [,] - Dropped 8 spans due to ResourceAccessException(I/O error on POST request for "http://localhost:9411/api/v2/spans": Connection refused: getsockopt)
org.springframework.web.client.ResourceAccessException: I/O error on POST request for "http://localhost:9411/api/v2/spans": Connection refused: getsockopt
	at org.springframework.web.client.RestTemplate.createResourceAccessException(RestTemplate.java:915)
	at org.springframework.web.client.RestTemplate.doExecute(RestTemplate.java:895)
	at org.springframework.web.client.RestTemplate.execute(RestTemplate.java:790)
	at org.springframework.web.client.RestTemplate.exchange(RestTemplate.java:672)
	at org.springframework.boot.actuate.autoconfigure.tracing.zipkin.ZipkinRestTemplateSender$RestTemplateHttpPostCall.doExecute(ZipkinRestTemplateSender.java:68)
	at org.springframework.boot.actuate.autoconfigure.tracing.zipkin.ZipkinRestTemplateSender$RestTemplateHttpPostCall.doExecute(ZipkinRestTemplateSender.java:48)
	at zipkin2.Call$Base.execute(Call.java:391)
	at zipkin2.reporter.AsyncReporter$BoundedAsyncReporter.flush(AsyncReporter.java:299)
	at zipkin2.reporter.AsyncReporter$Flusher.run(AsyncReporter.java:378)
	at java.base/java.lang.Thread.run(Thread.java:1575)
Caused by: java.net.ConnectException: Connection refused: getsockopt
	at java.base/sun.nio.ch.Net.pollConnect(Native Method)
	at java.base/sun.nio.ch.Net.pollConnectNow(Net.java:682)
	at java.base/sun.nio.ch.NioSocketImpl.timedFinishConnect(NioSocketImpl.java:542)
	at java.base/sun.nio.ch.NioSocketImpl.connect(NioSocketImpl.java:592)
	at java.base/java.net.Socket.connect(Socket.java:760)
	at java.base/sun.net.NetworkClient.doConnect(NetworkClient.java:178)
	at java.base/sun.net.www.http.HttpClient.openServer(HttpClient.java:531)
	at java.base/sun.net.www.http.HttpClient.openServer(HttpClient.java:636)
	at java.base/sun.net.www.http.HttpClient.<init>(HttpClient.java:280)
	at java.base/sun.net.www.http.HttpClient.New(HttpClient.java:386)
	at java.base/sun.net.www.http.HttpClient.New(HttpClient.java:408)
	at java.base/sun.net.www.protocol.http.HttpURLConnection.getNewHttpClient(HttpURLConnection.java:1310)
	at java.base/sun.net.www.protocol.http.HttpURLConnection.plainConnect0(HttpURLConnection.java:1243)
	at java.base/sun.net.www.protocol.http.HttpURLConnection.plainConnect(HttpURLConnection.java:1129)
	at java.base/sun.net.www.protocol.http.HttpURLConnection.connect(HttpURLConnection.java:1058)
	at org.springframework.http.client.SimpleClientHttpRequest.executeInternal(SimpleClientHttpRequest.java:79)
	at org.springframework.http.client.AbstractStreamingClientHttpRequest.executeInternal(AbstractStreamingClientHttpRequest.java:70)
	at org.springframework.http.client.AbstractClientHttpRequest.execute(AbstractClientHttpRequest.java:66)
	at org.springframework.web.client.RestTemplate.doExecute(RestTemplate.java:889)
	... 8 common frames omitted
2026-07-29 19:43:16.821 [RMI TCP Connection(2)-192.168.1.9] WARN  o.s.b.a.mail.MailHealthIndicator [,] - Mail health check failed
jakarta.mail.MessagingException: Got bad greeting from SMTP host: localhost, port: 1080, response: HTTP/1.1 408 Request Timeout

	at org.eclipse.angus.mail.smtp.SMTPTransport.openServer(SMTPTransport.java:2231)
	at org.eclipse.angus.mail.smtp.SMTPTransport.protocolConnect(SMTPTransport.java:729)
	at jakarta.mail.Service.connect(Service.java:345)
	at org.springframework.mail.javamail.JavaMailSenderImpl.connectTransport(JavaMailSenderImpl.java:480)
	at org.springframework.mail.javamail.JavaMailSenderImpl.testConnection(JavaMailSenderImpl.java:360)
	at org.springframework.boot.actuate.mail.MailHealthIndicator.doHealthCheck(MailHealthIndicator.java:52)
	at org.springframework.boot.actuate.health.AbstractHealthIndicator.health(AbstractHealthIndicator.java:82)
	at org.springframework.boot.actuate.health.HealthIndicator.getHealth(HealthIndicator.java:37)
	at org.springframework.boot.actuate.health.HealthEndpoint.getHealth(HealthEndpoint.java:82)
	at org.springframework.boot.actuate.health.HealthEndpoint.getHealth(HealthEndpoint.java:41)
	at org.springframework.boot.actuate.health.HealthEndpointSupport.getLoggedHealth(HealthEndpointSupport.java:172)
	at org.springframework.boot.actuate.health.HealthEndpointSupport.getContribution(HealthEndpointSupport.java:145)
	at org.springframework.boot.actuate.health.HealthEndpointSupport.getAggregateContribution(HealthEndpointSupport.java:156)
	at org.springframework.boot.actuate.health.HealthEndpointSupport.getContribution(HealthEndpointSupport.java:141)
	at org.springframework.boot.actuate.health.HealthEndpointSupport.getHealth(HealthEndpointSupport.java:110)
	at org.springframework.boot.actuate.health.HealthEndpointSupport.getHealth(HealthEndpointSupport.java:81)
	at org.springframework.boot.actuate.health.HealthEndpoint.health(HealthEndpoint.java:76)
	at org.springframework.boot.actuate.health.HealthEndpoint.health(HealthEndpoint.java:66)
	at java.base/jdk.internal.reflect.DirectMethodHandleAccessor.invoke(DirectMethodHandleAccessor.java:103)
	at java.base/java.lang.reflect.Method.invoke(Method.java:580)
	at org.springframework.util.ReflectionUtils.invokeMethod(ReflectionUtils.java:281)
	at org.springframework.boot.actuate.endpoint.invoke.reflect.ReflectiveOperationInvoker.invoke(ReflectiveOperationInvoker.java:74)
	at org.springframework.boot.actuate.endpoint.annotation.AbstractDiscoveredOperation.invoke(AbstractDiscoveredOperation.java:60)
	at org.springframework.boot.actuate.endpoint.jmx.EndpointMBean.invoke(EndpointMBean.java:124)
	at org.springframework.boot.actuate.endpoint.jmx.EndpointMBean.invoke(EndpointMBean.java:97)
	at java.management/com.sun.jmx.interceptor.DefaultMBeanServerInterceptor.invoke(DefaultMBeanServerInterceptor.java:803)
	at java.management/com.sun.jmx.mbeanserver.JmxMBeanServer.invoke(JmxMBeanServer.java:802)
	at java.management.rmi/javax.management.remote.rmi.RMIConnectionImpl.doOperation(RMIConnectionImpl.java:1520)
	at java.management.rmi/javax.management.remote.rmi.RMIConnectionImpl$PrivilegedOperation.run(RMIConnectionImpl.java:1348)
	at java.management.rmi/javax.management.remote.rmi.RMIConnectionImpl.doPrivilegedOperation(RMIConnectionImpl.java:1435)
	at java.management.rmi/javax.management.remote.rmi.RMIConnectionImpl.invoke(RMIConnectionImpl.java:841)
	at java.base/jdk.internal.reflect.DirectMethodHandleAccessor.invoke(DirectMethodHandleAccessor.java:103)
	at java.base/java.lang.reflect.Method.invoke(Method.java:580)
	at java.rmi/sun.rmi.server.UnicastServerRef.dispatch(UnicastServerRef.java:360)
	at java.rmi/sun.rmi.transport.Transport$1.run(Transport.java:200)
	at java.rmi/sun.rmi.transport.Transport$1.run(Transport.java:197)
	at java.base/java.security.AccessController.doPrivileged(AccessController.java:714)
	at java.rmi/sun.rmi.transport.Transport.serviceCall(Transport.java:196)
	at java.rmi/sun.rmi.transport.tcp.TCPTransport.handleMessages(TCPTransport.java:598)
	at java.rmi/sun.rmi.transport.tcp.TCPTransport$ConnectionHandler.run0(TCPTransport.java:844)
	at java.rmi/sun.rmi.transport.tcp.TCPTransport$ConnectionHandler.lambda$run$0(TCPTransport.java:721)
	at java.base/java.security.AccessController.doPrivileged(AccessController.java:400)
	at java.rmi/sun.rmi.transport.tcp.TCPTransport$ConnectionHandler.run(TCPTransport.java:720)
	at java.base/java.util.concurrent.ThreadPoolExecutor.runWorker(ThreadPoolExecutor.java:1144)
	at java.base/java.util.concurrent.ThreadPoolExecutor$Worker.run(ThreadPoolExecutor.java:642)
	at java.base/java.lang.Thread.run(Thread.java:1575)
2026-07-29 19:43:16.825 [RMI TCP Connection(2)-192.168.1.9] WARN  o.s.b.a.health.HealthEndpointSupport [,] - Health contributor org.springframework.boot.actuate.mail.MailHealthIndicator (mail) took 86647ms to respond
2026-07-29 19:49:19.298 [http-nio-8080-exec-1] INFO  c.b.u.UserDashboardService [6a6a2f0fa09be10a168edd2400190fb7,a1dff07ad66831b7] -   Loading dashboard for user 4
2026-07-29 19:49:19.304 [http-nio-8080-exec-3] INFO  c.b.u.UserDashboardService [6a6a2f0fe399a465f19ab4b8c4bb13c4,4c185f523ad4b948] - Loading dashboard history for user 4
2026-07-29 19:49:19.315 [http-nio-8080-exec-1] INFO  c.b.u.UserDashboardService [6a6a2f0fa09be10a168edd2400190fb7,a1dff07ad66831b7] - Selected OWNER apartment 23
2026-07-29 19:49:19.318 [http-nio-8080-exec-1] INFO  c.b.u.UserDashboardService [6a6a2f0fa09be10a168edd2400190fb7,a1dff07ad66831b7] - Last statement = 8 (2026-06)
2026-07-29 19:49:19.341 [http-nio-8080-exec-1] INFO  c.b.u.UserDashboardService [6a6a2f0fa09be10a168edd2400190fb7,a1dff07ad66831b7] - Found 3 allocations for apartment 23
2026-07-29 19:49:19.341 [http-nio-8080-exec-1] INFO  c.b.u.UserDashboardService [6a6a2f0fa09be10a168edd2400190fb7,a1dff07ad66831b7] - Final amount due: 5.80
2026-07-29 19:49:19.364 [http-nio-8080-exec-2] INFO  c.b.u.UserDashboardService [6a6a2f0f291ce33a855d1ca336cee4d1,2305ff99e4cfa246] -   Loading dashboard for user 4
2026-07-29 19:49:19.375 [http-nio-8080-exec-2] INFO  c.b.u.UserDashboardService [6a6a2f0f291ce33a855d1ca336cee4d1,2305ff99e4cfa246] - Selected OWNER apartment 23
2026-07-29 19:49:19.379 [http-nio-8080-exec-2] INFO  c.b.u.UserDashboardService [6a6a2f0f291ce33a855d1ca336cee4d1,2305ff99e4cfa246] - Last statement = 8 (2026-06)
2026-07-29 19:49:19.394 [http-nio-8080-exec-2] INFO  c.b.u.UserDashboardService [6a6a2f0f291ce33a855d1ca336cee4d1,2305ff99e4cfa246] - Found 3 allocations for apartment 23
2026-07-29 19:49:19.395 [http-nio-8080-exec-2] INFO  c.b.u.UserDashboardService [6a6a2f0f291ce33a855d1ca336cee4d1,2305ff99e4cfa246] - Final amount due: 5.80
2026-07-29 19:49:31.293 [http-nio-8080-exec-10] INFO  c.b.u.UserDashboardService [6a6a2f1b1f99d4573b400239b787a2e0,216c59b21acd80f8] -   Loading dashboard for user 4
2026-07-29 19:49:31.302 [http-nio-8080-exec-10] INFO  c.b.u.UserDashboardService [6a6a2f1b1f99d4573b400239b787a2e0,216c59b21acd80f8] - Selected OWNER apartment 23
2026-07-29 19:49:31.303 [http-nio-8080-exec-5] INFO  c.b.u.UserDashboardService [6a6a2f1b0c430e9c86c5eca4568a4ae1,e2b7e603cf578ed9] - Loading dashboard history for user 4
2026-07-29 19:49:31.304 [http-nio-8080-exec-10] INFO  c.b.u.UserDashboardService [6a6a2f1b1f99d4573b400239b787a2e0,216c59b21acd80f8] - Last statement = 8 (2026-06)
2026-07-29 19:49:31.319 [http-nio-8080-exec-10] INFO  c.b.u.UserDashboardService [6a6a2f1b1f99d4573b400239b787a2e0,216c59b21acd80f8] - Found 3 allocations for apartment 23
2026-07-29 19:49:31.320 [http-nio-8080-exec-10] INFO  c.b.u.UserDashboardService [6a6a2f1b1f99d4573b400239b787a2e0,216c59b21acd80f8] - Final amount due: 5.80
2026-07-29 19:49:31.336 [http-nio-8080-exec-9] INFO  c.b.u.UserDashboardService [6a6a2f1b2550131b5c88d256c0458956,e0aa58eb334dd6c9] -   Loading dashboard for user 4
2026-07-29 19:49:31.344 [http-nio-8080-exec-9] INFO  c.b.u.UserDashboardService [6a6a2f1b2550131b5c88d256c0458956,e0aa58eb334dd6c9] - Selected OWNER apartment 23
2026-07-29 19:49:31.346 [http-nio-8080-exec-9] INFO  c.b.u.UserDashboardService [6a6a2f1b2550131b5c88d256c0458956,e0aa58eb334dd6c9] - Last statement = 8 (2026-06)
2026-07-29 19:49:31.358 [http-nio-8080-exec-9] INFO  c.b.u.UserDashboardService [6a6a2f1b2550131b5c88d256c0458956,e0aa58eb334dd6c9] - Found 3 allocations for apartment 23
2026-07-29 19:49:31.359 [http-nio-8080-exec-9] INFO  c.b.u.UserDashboardService [6a6a2f1b2550131b5c88d256c0458956,e0aa58eb334dd6c9] - Final amount due: 5.80
2026-07-29 19:49:46.050 [http-nio-8080-exec-9] INFO  c.b.u.UserDashboardService [6a6a2f2a2950d5056f60807a567f372e,11b0dbb68a081eeb] -   Loading dashboard for user 4
2026-07-29 19:49:46.054 [http-nio-8080-exec-9] INFO  c.b.u.UserDashboardService [6a6a2f2a2950d5056f60807a567f372e,11b0dbb68a081eeb] - Selected OWNER apartment 23
2026-07-29 19:49:46.056 [http-nio-8080-exec-9] INFO  c.b.u.UserDashboardService [6a6a2f2a2950d5056f60807a567f372e,11b0dbb68a081eeb] - Last statement = 8 (2026-06)
2026-07-29 19:49:46.065 [http-nio-8080-exec-3] INFO  c.b.u.UserDashboardService [6a6a2f2a66900ff0effd23a518802a25,16517812027e8388] - Loading dashboard history for user 4
2026-07-29 19:49:46.066 [http-nio-8080-exec-9] INFO  c.b.u.UserDashboardService [6a6a2f2a2950d5056f60807a567f372e,11b0dbb68a081eeb] - Found 3 allocations for apartment 23
2026-07-29 19:49:46.066 [http-nio-8080-exec-9] INFO  c.b.u.UserDashboardService [6a6a2f2a2950d5056f60807a567f372e,11b0dbb68a081eeb] - Final amount due: 5.80
2026-07-29 19:49:46.076 [http-nio-8080-exec-8] INFO  c.b.u.UserDashboardService [6a6a2f2a1bdfc7079ff121ecd1834717,19f176e39b38bf32] -   Loading dashboard for user 4
2026-07-29 19:49:46.082 [http-nio-8080-exec-8] INFO  c.b.u.UserDashboardService [6a6a2f2a1bdfc7079ff121ecd1834717,19f176e39b38bf32] - Selected OWNER apartment 23
2026-07-29 19:49:46.083 [http-nio-8080-exec-8] INFO  c.b.u.UserDashboardService [6a6a2f2a1bdfc7079ff121ecd1834717,19f176e39b38bf32] - Last statement = 8 (2026-06)
2026-07-29 19:49:46.085 [http-nio-8080-exec-8] INFO  c.b.u.UserDashboardService [6a6a2f2a1bdfc7079ff121ecd1834717,19f176e39b38bf32] - Found 3 allocations for apartment 23
2026-07-29 19:49:46.086 [http-nio-8080-exec-8] INFO  c.b.u.UserDashboardService [6a6a2f2a1bdfc7079ff121ecd1834717,19f176e39b38bf32] - Final amount due: 5.80
2026-07-29 19:54:23.349 [http-nio-8080-exec-3] INFO  c.b.u.UserDashboardService [6a6a303fe8374137a9765fa7adfc8608,6fb1de019491f223] -   Loading dashboard for user 4
2026-07-29 19:54:23.355 [http-nio-8080-exec-3] INFO  c.b.u.UserDashboardService [6a6a303fe8374137a9765fa7adfc8608,6fb1de019491f223] - Selected OWNER apartment 23
2026-07-29 19:54:23.356 [http-nio-8080-exec-8] INFO  c.b.u.UserDashboardService [6a6a303f6386838eaf40dd3ed2c78d14,29e6c60b43531a36] - Loading dashboard history for user 4
2026-07-29 19:54:23.356 [http-nio-8080-exec-3] INFO  c.b.u.UserDashboardService [6a6a303fe8374137a9765fa7adfc8608,6fb1de019491f223] - Last statement = 8 (2026-06)
2026-07-29 19:54:23.362 [http-nio-8080-exec-3] INFO  c.b.u.UserDashboardService [6a6a303fe8374137a9765fa7adfc8608,6fb1de019491f223] - Found 3 allocations for apartment 23
2026-07-29 19:54:23.362 [http-nio-8080-exec-3] INFO  c.b.u.UserDashboardService [6a6a303fe8374137a9765fa7adfc8608,6fb1de019491f223] - Final amount due: 5.80
2026-07-29 19:54:23.375 [http-nio-8080-exec-10] INFO  c.b.u.UserDashboardService [6a6a303f91dabfbbf8fa2b0847c52dac,c4fa1543513ab6f9] -   Loading dashboard for user 4
2026-07-29 19:54:23.383 [http-nio-8080-exec-10] INFO  c.b.u.UserDashboardService [6a6a303f91dabfbbf8fa2b0847c52dac,c4fa1543513ab6f9] - Selected OWNER apartment 23
2026-07-29 19:54:23.385 [http-nio-8080-exec-10] INFO  c.b.u.UserDashboardService [6a6a303f91dabfbbf8fa2b0847c52dac,c4fa1543513ab6f9] - Last statement = 8 (2026-06)
2026-07-29 19:54:23.399 [http-nio-8080-exec-10] INFO  c.b.u.UserDashboardService [6a6a303f91dabfbbf8fa2b0847c52dac,c4fa1543513ab6f9] - Found 3 allocations for apartment 23
2026-07-29 19:54:23.399 [http-nio-8080-exec-10] INFO  c.b.u.UserDashboardService [6a6a303f91dabfbbf8fa2b0847c52dac,c4fa1543513ab6f9] - Final amount due: 5.80
2026-07-29 19:55:09.352 [http-nio-8080-exec-1] INFO  c.b.u.UserDashboardService [6a6a306da7115f60bafd8f52c32ad4dc,5abc304e1f2794f7] -   Loading dashboard for user 4
2026-07-29 19:55:09.357 [http-nio-8080-exec-1] INFO  c.b.u.UserDashboardService [6a6a306da7115f60bafd8f52c32ad4dc,5abc304e1f2794f7] - Selected OWNER apartment 23
2026-07-29 19:55:09.358 [http-nio-8080-exec-1] INFO  c.b.u.UserDashboardService [6a6a306da7115f60bafd8f52c32ad4dc,5abc304e1f2794f7] - Last statement = 8 (2026-06)
2026-07-29 19:55:09.362 [http-nio-8080-exec-1] INFO  c.b.u.UserDashboardService [6a6a306da7115f60bafd8f52c32ad4dc,5abc304e1f2794f7] - Found 3 allocations for apartment 23
2026-07-29 19:55:09.362 [http-nio-8080-exec-1] INFO  c.b.u.UserDashboardService [6a6a306da7115f60bafd8f52c32ad4dc,5abc304e1f2794f7] - Final amount due: 5.80
2026-07-29 19:55:09.366 [http-nio-8080-exec-5] INFO  c.b.u.UserDashboardService [6a6a306ddd184fd898e3c67b4a3dd92c,43354c232c7261f1] - Loading dashboard history for user 4
2026-07-29 19:55:09.368 [http-nio-8080-exec-2] INFO  c.b.u.UserDashboardService [6a6a306d07084716c1d141f7132de73e,098b064eb8ecf2e7] -   Loading dashboard for user 4
2026-07-29 19:55:09.374 [http-nio-8080-exec-2] INFO  c.b.u.UserDashboardService [6a6a306d07084716c1d141f7132de73e,098b064eb8ecf2e7] - Selected OWNER apartment 23
2026-07-29 19:55:09.375 [http-nio-8080-exec-2] INFO  c.b.u.UserDashboardService [6a6a306d07084716c1d141f7132de73e,098b064eb8ecf2e7] - Last statement = 8 (2026-06)
2026-07-29 19:55:09.378 [http-nio-8080-exec-2] INFO  c.b.u.UserDashboardService [6a6a306d07084716c1d141f7132de73e,098b064eb8ecf2e7] - Found 3 allocations for apartment 23
2026-07-29 19:55:09.378 [http-nio-8080-exec-2] INFO  c.b.u.UserDashboardService [6a6a306d07084716c1d141f7132de73e,098b064eb8ecf2e7] - Final amount due: 5.80
2026-07-29 21:05:30.162 [http-nio-8080-exec-2] INFO  c.b.u.UserDashboardService [6a6a40eaa2e898859157f44faf4a8c61,a91fd71694d0724e] -   Loading dashboard for user 4
2026-07-29 21:05:30.167 [http-nio-8080-exec-7] INFO  c.b.u.UserDashboardService [6a6a40eab62cef4f998bff8d674cad71,5d59be894d93a3ac] - Loading dashboard history for user 4
2026-07-29 21:05:30.177 [http-nio-8080-exec-2] INFO  c.b.u.UserDashboardService [6a6a40eaa2e898859157f44faf4a8c61,a91fd71694d0724e] - Selected OWNER apartment 23
2026-07-29 21:05:30.180 [http-nio-8080-exec-2] INFO  c.b.u.UserDashboardService [6a6a40eaa2e898859157f44faf4a8c61,a91fd71694d0724e] - Last statement = 8 (2026-06)
2026-07-29 21:05:30.201 [http-nio-8080-exec-2] INFO  c.b.u.UserDashboardService [6a6a40eaa2e898859157f44faf4a8c61,a91fd71694d0724e] - Found 3 allocations for apartment 23
2026-07-29 21:05:30.202 [http-nio-8080-exec-2] INFO  c.b.u.UserDashboardService [6a6a40eaa2e898859157f44faf4a8c61,a91fd71694d0724e] - Final amount due: 5.80
2026-07-29 21:05:30.214 [http-nio-8080-exec-10] INFO  c.b.u.UserDashboardService [6a6a40eaba49e95bd9ec9dd81bb7350d,5b347bf53e4530be] -   Loading dashboard for user 4
2026-07-29 21:05:30.218 [http-nio-8080-exec-10] INFO  c.b.u.UserDashboardService [6a6a40eaba49e95bd9ec9dd81bb7350d,5b347bf53e4530be] - Selected OWNER apartment 23
2026-07-29 21:05:30.220 [http-nio-8080-exec-10] INFO  c.b.u.UserDashboardService [6a6a40eaba49e95bd9ec9dd81bb7350d,5b347bf53e4530be] - Last statement = 8 (2026-06)
2026-07-29 21:05:30.232 [http-nio-8080-exec-10] INFO  c.b.u.UserDashboardService [6a6a40eaba49e95bd9ec9dd81bb7350d,5b347bf53e4530be] - Found 3 allocations for apartment 23
2026-07-29 21:05:30.232 [http-nio-8080-exec-10] INFO  c.b.u.UserDashboardService [6a6a40eaba49e95bd9ec9dd81bb7350d,5b347bf53e4530be] - Final amount due: 5.80
2026-07-29 21:05:49.452 [http-nio-8080-exec-9] WARN  c.b.handler.GlobalExceptionHandler [6a6a40fdfe41d24e3cbd7a9f67735a12,e0262e7ec4d07cd5] - Entity not found: Apartment not found
2026-07-29 21:05:51.722 [http-nio-8080-exec-6] WARN  c.b.handler.GlobalExceptionHandler [6a6a40ff84fe815abcd1a7e9454a0c74,6fa904a3669370a5] - Invalid argument
java.lang.IllegalArgumentException: Unsupported gateway: viva
	at com.buildingmanager.payment.PaymentController.createPaymentIntent(PaymentController.java:37)
	at java.base/jdk.internal.reflect.DirectMethodHandleAccessor.invoke(DirectMethodHandleAccessor.java:103)
	at java.base/java.lang.reflect.Method.invoke(Method.java:580)
	at org.springframework.web.method.support.InvocableHandlerMethod.doInvoke(InvocableHandlerMethod.java:255)
	at org.springframework.web.method.support.InvocableHandlerMethod.invokeForRequest(InvocableHandlerMethod.java:188)
	at org.springframework.web.servlet.mvc.method.annotation.ServletInvocableHandlerMethod.invokeAndHandle(ServletInvocableHandlerMethod.java:118)
	at org.springframework.web.servlet.mvc.method.annotation.RequestMappingHandlerAdapter.invokeHandlerMethod(RequestMappingHandlerAdapter.java:926)
	at org.springframework.web.servlet.mvc.method.annotation.RequestMappingHandlerAdapter.handleInternal(RequestMappingHandlerAdapter.java:831)
	at org.springframework.web.servlet.mvc.method.AbstractHandlerMethodAdapter.handle(AbstractHandlerMethodAdapter.java:87)
	at org.springframework.web.servlet.DispatcherServlet.doDispatch(DispatcherServlet.java:1089)
	at org.springframework.web.servlet.DispatcherServlet.doService(DispatcherServlet.java:979)
	at org.springframework.web.servlet.FrameworkServlet.processRequest(FrameworkServlet.java:1014)
	at org.springframework.web.servlet.FrameworkServlet.doPost(FrameworkServlet.java:914)
	at jakarta.servlet.http.HttpServlet.service(HttpServlet.java:590)
	at org.springframework.web.servlet.FrameworkServlet.service(FrameworkServlet.java:885)
	at jakarta.servlet.http.HttpServlet.service(HttpServlet.java:658)
	at org.apache.catalina.core.ApplicationFilterChain.internalDoFilter(ApplicationFilterChain.java:206)
	at org.apache.catalina.core.ApplicationFilterChain.doFilter(ApplicationFilterChain.java:150)
	at org.apache.tomcat.websocket.server.WsFilter.doFilter(WsFilter.java:51)
	at org.apache.catalina.core.ApplicationFilterChain.internalDoFilter(ApplicationFilterChain.java:175)
	at org.apache.catalina.core.ApplicationFilterChain.doFilter(ApplicationFilterChain.java:150)
	at org.springframework.web.filter.CorsFilter.doFilterInternal(CorsFilter.java:91)
	at org.springframework.web.filter.OncePerRequestFilter.doFilter(OncePerRequestFilter.java:116)
	at org.apache.catalina.core.ApplicationFilterChain.internalDoFilter(ApplicationFilterChain.java:175)
	at org.apache.catalina.core.ApplicationFilterChain.doFilter(ApplicationFilterChain.java:150)
	at org.springframework.web.filter.OncePerRequestFilter.doFilter(OncePerRequestFilter.java:110)
	at org.apache.catalina.core.ApplicationFilterChain.internalDoFilter(ApplicationFilterChain.java:175)
	at org.apache.catalina.core.ApplicationFilterChain.doFilter(ApplicationFilterChain.java:150)
	at org.springframework.web.filter.CompositeFilter$VirtualFilterChain.doFilter(CompositeFilter.java:108)
	at org.springframework.security.web.FilterChainProxy.lambda$doFilterInternal$3(FilterChainProxy.java:231)
	at org.springframework.security.web.ObservationFilterChainDecorator$FilterObservation$SimpleFilterObservation.lambda$wrap$1(ObservationFilterChainDecorator.java:479)
	at org.springframework.security.web.ObservationFilterChainDecorator$AroundFilterObservation$SimpleAroundFilterObservation.lambda$wrap$1(ObservationFilterChainDecorator.java:340)
	at org.springframework.security.web.ObservationFilterChainDecorator.lambda$wrapSecured$0(ObservationFilterChainDecorator.java:82)
	at org.springframework.security.web.ObservationFilterChainDecorator$VirtualFilterChain.doFilter(ObservationFilterChainDecorator.java:128)
	at org.springframework.security.web.access.intercept.AuthorizationFilter.doFilter(AuthorizationFilter.java:100)
	at org.springframework.security.web.ObservationFilterChainDecorator$ObservationFilter.wrapFilter(ObservationFilterChainDecorator.java:240)
	at org.springframework.security.web.ObservationFilterChainDecorator$ObservationFilter.doFilter(ObservationFilterChainDecorator.java:227)
	at org.springframework.security.web.ObservationFilterChainDecorator$VirtualFilterChain.doFilter(ObservationFilterChainDecorator.java:137)
	at org.springframework.security.web.access.ExceptionTranslationFilter.doFilter(ExceptionTranslationFilter.java:126)
	at org.springframework.security.web.access.ExceptionTranslationFilter.doFilter(ExceptionTranslationFilter.java:120)
	at org.springframework.security.web.ObservationFilterChainDecorator$ObservationFilter.wrapFilter(ObservationFilterChainDecorator.java:240)
	at org.springframework.security.web.ObservationFilterChainDecorator$ObservationFilter.doFilter(ObservationFilterChainDecorator.java:227)
	at org.springframework.security.web.ObservationFilterChainDecorator$VirtualFilterChain.doFilter(ObservationFilterChainDecorator.java:137)
	at org.springframework.security.web.session.SessionManagementFilter.doFilter(SessionManagementFilter.java:131)
	at org.springframework.security.web.session.SessionManagementFilter.doFilter(SessionManagementFilter.java:85)
	at org.springframework.security.web.ObservationFilterChainDecorator$ObservationFilter.wrapFilter(ObservationFilterChainDecorator.java:240)
	at org.springframework.security.web.ObservationFilterChainDecorator$ObservationFilter.doFilter(ObservationFilterChainDecorator.java:227)
	at org.springframework.security.web.ObservationFilterChainDecorator$VirtualFilterChain.doFilter(ObservationFilterChainDecorator.java:137)
	at org.springframework.security.web.authentication.AnonymousAuthenticationFilter.doFilter(AnonymousAuthenticationFilter.java:100)
	at org.springframework.security.web.ObservationFilterChainDecorator$ObservationFilter.wrapFilter(ObservationFilterChainDecorator.java:240)
	at org.springframework.security.web.ObservationFilterChainDecorator$ObservationFilter.doFilter(ObservationFilterChainDecorator.java:227)
	at org.springframework.security.web.ObservationFilterChainDecorator$VirtualFilterChain.doFilter(ObservationFilterChainDecorator.java:137)
	at org.springframework.security.web.servletapi.SecurityContextHolderAwareRequestFilter.doFilter(SecurityContextHolderAwareRequestFilter.java:179)
	at org.springframework.security.web.ObservationFilterChainDecorator$ObservationFilter.wrapFilter(ObservationFilterChainDecorator.java:240)
	at org.springframework.security.web.ObservationFilterChainDecorator$ObservationFilter.doFilter(ObservationFilterChainDecorator.java:227)
	at org.springframework.security.web.ObservationFilterChainDecorator$VirtualFilterChain.doFilter(ObservationFilterChainDecorator.java:137)
	at org.springframework.security.web.savedrequest.RequestCacheAwareFilter.doFilter(RequestCacheAwareFilter.java:63)
	at org.springframework.security.web.ObservationFilterChainDecorator$ObservationFilter.wrapFilter(ObservationFilterChainDecorator.java:240)
	at org.springframework.security.web.ObservationFilterChainDecorator$ObservationFilter.doFilter(ObservationFilterChainDecorator.java:227)
	at org.springframework.security.web.ObservationFilterChainDecorator$VirtualFilterChain.doFilter(ObservationFilterChainDecorator.java:137)
	at com.buildingmanager.security.JwtFilter.doFilterInternal(JwtFilter.java:101)
	at org.springframework.web.filter.OncePerRequestFilter.doFilter(OncePerRequestFilter.java:116)
	at org.springframework.security.web.ObservationFilterChainDecorator$ObservationFilter.wrapFilter(ObservationFilterChainDecorator.java:240)
	at org.springframework.security.web.ObservationFilterChainDecorator$ObservationFilter.doFilter(ObservationFilterChainDecorator.java:227)
	at org.springframework.security.web.ObservationFilterChainDecorator$VirtualFilterChain.doFilter(ObservationFilterChainDecorator.java:137)
	at org.springframework.security.web.authentication.logout.LogoutFilter.doFilter(LogoutFilter.java:107)
	at org.springframework.security.web.authentication.logout.LogoutFilter.doFilter(LogoutFilter.java:93)
	at org.springframework.security.web.ObservationFilterChainDecorator$ObservationFilter.wrapFilter(ObservationFilterChainDecorator.java:240)
	at org.springframework.security.web.ObservationFilterChainDecorator$ObservationFilter.doFilter(ObservationFilterChainDecorator.java:227)
	at org.springframework.security.web.ObservationFilterChainDecorator$VirtualFilterChain.doFilter(ObservationFilterChainDecorator.java:137)
	at org.springframework.web.filter.CorsFilter.doFilterInternal(CorsFilter.java:91)
	at org.springframework.web.filter.OncePerRequestFilter.doFilter(OncePerRequestFilter.java:116)
	at org.springframework.security.web.ObservationFilterChainDecorator$ObservationFilter.wrapFilter(ObservationFilterChainDecorator.java:240)
	at org.springframework.security.web.ObservationFilterChainDecorator$ObservationFilter.doFilter(ObservationFilterChainDecorator.java:227)
	at org.springframework.security.web.ObservationFilterChainDecorator$VirtualFilterChain.doFilter(ObservationFilterChainDecorator.java:137)
	at org.springframework.security.web.header.HeaderWriterFilter.doHeadersAfter(HeaderWriterFilter.java:90)
	at org.springframework.security.web.header.HeaderWriterFilter.doFilterInternal(HeaderWriterFilter.java:75)
	at org.springframework.web.filter.OncePerRequestFilter.doFilter(OncePerRequestFilter.java:116)
	at org.springframework.security.web.ObservationFilterChainDecorator$ObservationFilter.wrapFilter(ObservationFilterChainDecorator.java:240)
	at org.springframework.security.web.ObservationFilterChainDecorator$ObservationFilter.doFilter(ObservationFilterChainDecorator.java:227)
	at org.springframework.security.web.ObservationFilterChainDecorator$VirtualFilterChain.doFilter(ObservationFilterChainDecorator.java:137)
	at org.springframework.security.web.context.SecurityContextHolderFilter.doFilter(SecurityContextHolderFilter.java:82)
	at org.springframework.security.web.context.SecurityContextHolderFilter.doFilter(SecurityContextHolderFilter.java:69)
	at org.springframework.security.web.ObservationFilterChainDecorator$ObservationFilter.wrapFilter(ObservationFilterChainDecorator.java:240)
	at org.springframework.security.web.ObservationFilterChainDecorator$ObservationFilter.doFilter(ObservationFilterChainDecorator.java:227)
	at org.springframework.security.web.ObservationFilterChainDecorator$VirtualFilterChain.doFilter(ObservationFilterChainDecorator.java:137)
	at org.springframework.security.web.context.request.async.WebAsyncManagerIntegrationFilter.doFilterInternal(WebAsyncManagerIntegrationFilter.java:62)
	at org.springframework.web.filter.OncePerRequestFilter.doFilter(OncePerRequestFilter.java:116)
	at org.springframework.security.web.ObservationFilterChainDecorator$ObservationFilter.wrapFilter(ObservationFilterChainDecorator.java:240)
	at org.springframework.security.web.ObservationFilterChainDecorator$ObservationFilter.doFilter(ObservationFilterChainDecorator.java:227)
	at org.springframework.security.web.ObservationFilterChainDecorator$VirtualFilterChain.doFilter(ObservationFilterChainDecorator.java:137)
	at org.springframework.security.web.session.DisableEncodeUrlFilter.doFilterInternal(DisableEncodeUrlFilter.java:42)
	at org.springframework.web.filter.OncePerRequestFilter.doFilter(OncePerRequestFilter.java:116)
	at org.springframework.security.web.ObservationFilterChainDecorator$ObservationFilter.wrapFilter(ObservationFilterChainDecorator.java:240)
	at org.springframework.security.web.ObservationFilterChainDecorator$AroundFilterObservation$SimpleAroundFilterObservation.lambda$wrap$0(ObservationFilterChainDecorator.java:323)
	at org.springframework.security.web.ObservationFilterChainDecorator$ObservationFilter.doFilter(ObservationFilterChainDecorator.java:224)
	at org.springframework.security.web.ObservationFilterChainDecorator$VirtualFilterChain.doFilter(ObservationFilterChainDecorator.java:137)
	at org.springframework.security.web.FilterChainProxy.doFilterInternal(FilterChainProxy.java:233)
	at org.springframework.security.web.FilterChainProxy.doFilter(FilterChainProxy.java:191)
	at org.springframework.web.filter.CompositeFilter$VirtualFilterChain.doFilter(CompositeFilter.java:113)
	at org.springframework.web.servlet.handler.HandlerMappingIntrospector.lambda$createCacheFilter$3(HandlerMappingIntrospector.java:195)
	at org.springframework.web.filter.CompositeFilter$VirtualFilterChain.doFilter(CompositeFilter.java:113)
	at org.springframework.web.filter.CompositeFilter.doFilter(CompositeFilter.java:74)
	at org.springframework.security.config.annotation.web.configuration.WebMvcSecurityConfiguration$CompositeFilterChainProxy.doFilter(WebMvcSecurityConfiguration.java:230)
	at org.springframework.web.filter.DelegatingFilterProxy.invokeDelegate(DelegatingFilterProxy.java:352)
	at org.springframework.web.filter.DelegatingFilterProxy.doFilter(DelegatingFilterProxy.java:268)
	at org.apache.catalina.core.ApplicationFilterChain.internalDoFilter(ApplicationFilterChain.java:175)
	at org.apache.catalina.core.ApplicationFilterChain.doFilter(ApplicationFilterChain.java:150)
	at org.springframework.web.filter.RequestContextFilter.doFilterInternal(RequestContextFilter.java:100)
	at org.springframework.web.filter.OncePerRequestFilter.doFilter(OncePerRequestFilter.java:116)
	at org.apache.catalina.core.ApplicationFilterChain.internalDoFilter(ApplicationFilterChain.java:175)
	at org.apache.catalina.core.ApplicationFilterChain.doFilter(ApplicationFilterChain.java:150)
	at org.springframework.web.filter.FormContentFilter.doFilterInternal(FormContentFilter.java:93)
	at org.springframework.web.filter.OncePerRequestFilter.doFilter(OncePerRequestFilter.java:116)
	at org.apache.catalina.core.ApplicationFilterChain.internalDoFilter(ApplicationFilterChain.java:175)
	at org.apache.catalina.core.ApplicationFilterChain.doFilter(ApplicationFilterChain.java:150)
	at org.springframework.web.filter.ServerHttpObservationFilter.doFilterInternal(ServerHttpObservationFilter.java:109)
	at org.springframework.web.filter.OncePerRequestFilter.doFilter(OncePerRequestFilter.java:116)
	at org.apache.catalina.core.ApplicationFilterChain.internalDoFilter(ApplicationFilterChain.java:175)
	at org.apache.catalina.core.ApplicationFilterChain.doFilter(ApplicationFilterChain.java:150)
	at org.springframework.web.filter.CharacterEncodingFilter.doFilterInternal(CharacterEncodingFilter.java:201)
	at org.springframework.web.filter.OncePerRequestFilter.doFilter(OncePerRequestFilter.java:116)
	at org.apache.catalina.core.ApplicationFilterChain.internalDoFilter(ApplicationFilterChain.java:175)
	at org.apache.catalina.core.ApplicationFilterChain.doFilter(ApplicationFilterChain.java:150)
	at org.apache.catalina.core.StandardWrapperValve.invoke(StandardWrapperValve.java:167)
	at org.apache.catalina.core.StandardContextValve.invoke(StandardContextValve.java:90)
	at org.apache.catalina.authenticator.AuthenticatorBase.invoke(AuthenticatorBase.java:482)
	at org.apache.catalina.core.StandardHostValve.invoke(StandardHostValve.java:115)
	at org.apache.catalina.valves.ErrorReportValve.invoke(ErrorReportValve.java:93)
	at org.apache.catalina.core.StandardEngineValve.invoke(StandardEngineValve.java:74)
	at org.apache.catalina.connector.CoyoteAdapter.service(CoyoteAdapter.java:344)
	at org.apache.coyote.http11.Http11Processor.service(Http11Processor.java:391)
	at org.apache.coyote.AbstractProcessorLight.process(AbstractProcessorLight.java:63)
	at org.apache.coyote.AbstractProtocol$ConnectionHandler.process(AbstractProtocol.java:896)
	at org.apache.tomcat.util.net.NioEndpoint$SocketProcessor.doRun(NioEndpoint.java:1736)
	at org.apache.tomcat.util.net.SocketProcessorBase.run(SocketProcessorBase.java:52)
	at org.apache.tomcat.util.threads.ThreadPoolExecutor.runWorker(ThreadPoolExecutor.java:1191)
	at org.apache.tomcat.util.threads.ThreadPoolExecutor$Worker.run(ThreadPoolExecutor.java:659)
	at org.apache.tomcat.util.threads.TaskThread$WrappingRunnable.run(TaskThread.java:63)
	at java.base/java.lang.Thread.run(Thread.java:1575)
2026-07-29 21:05:56.675 [SpringApplicationShutdownHook] INFO  o.s.o.j.LocalContainerEntityManagerFactoryBean [,] - Closing JPA EntityManagerFactory for persistence unit 'default'
2026-07-29 21:05:56.676 [SpringApplicationShutdownHook] INFO  com.zaxxer.hikari.HikariDataSource [,] - HikariPool-1 - Shutdown initiated...
2026-07-29 21:05:56.678 [SpringApplicationShutdownHook] INFO  com.zaxxer.hikari.HikariDataSource [,] - HikariPool-1 - Shutdown completed.
2026-07-29 21:05:58.735 [background-preinit] INFO  o.h.validator.internal.util.Version [,] - HV000001: Hibernate Validator 8.0.1.Final
2026-07-29 21:05:58.760 [main] INFO  c.b.BuildingManagerNetworkApiApplication [,] - Starting BuildingManagerNetworkApiApplication using Java 23.0.2 with PID 3856 (C:\Users\FotisPamp\Documents\GitHub\building-manager-network\target\classes started by FotisPamp in C:\Users\FotisPamp\Documents\GitHub\building-manager-network)
2026-07-29 21:05:58.761 [main] INFO  c.b.BuildingManagerNetworkApiApplication [,] - The following 1 profile is active: "dev"
2026-07-29 21:05:59.362 [main] INFO  o.s.d.r.c.RepositoryConfigurationDelegate [,] - Bootstrapping Spring Data JPA repositories in DEFAULT mode.
2026-07-29 21:05:59.455 [main] INFO  o.s.d.r.c.RepositoryConfigurationDelegate [,] - Finished Spring Data repository scanning in 84 ms. Found 28 JPA repository interfaces.
2026-07-29 21:06:00.326 [main] INFO  o.s.b.w.e.tomcat.TomcatWebServer [,] - Tomcat initialized with port 8080 (http)
2026-07-29 21:06:00.332 [main] INFO  o.a.coyote.http11.Http11NioProtocol [,] - Initializing ProtocolHandler ["http-nio-8080"]
2026-07-29 21:06:00.334 [main] INFO  o.a.catalina.core.StandardService [,] - Starting service [Tomcat]
2026-07-29 21:06:00.334 [main] INFO  o.a.catalina.core.StandardEngine [,] - Starting Servlet engine: [Apache Tomcat/10.1.20]
2026-07-29 21:06:00.378 [main] INFO  o.a.c.c.C.[Tomcat].[localhost].[/] [,] - Initializing Spring embedded WebApplicationContext
2026-07-29 21:06:00.378 [main] INFO  o.s.b.w.s.c.ServletWebServerApplicationContext [,] - Root WebApplicationContext: initialization completed in 1569 ms
2026-07-29 21:06:00.737 [main] INFO  o.h.jpa.internal.util.LogHelper [,] - HHH000204: Processing PersistenceUnitInfo [name: default]
2026-07-29 21:06:00.772 [main] INFO  org.hibernate.Version [,] - HHH000412: Hibernate ORM core version 6.4.4.Final
2026-07-29 21:06:00.795 [main] INFO  o.h.c.i.RegionFactoryInitiator [,] - HHH000026: Second-level cache disabled
2026-07-29 21:06:00.953 [main] INFO  o.s.o.j.p.SpringPersistenceUnitInfo [,] - No LoadTimeWeaver setup: ignoring JPA class transformer
2026-07-29 21:06:00.972 [main] INFO  com.zaxxer.hikari.HikariDataSource [,] - HikariPool-1 - Starting...
2026-07-29 21:06:01.163 [main] INFO  com.zaxxer.hikari.pool.HikariPool [,] - HikariPool-1 - Added connection org.postgresql.jdbc.PgConnection@37ab1b10
2026-07-29 21:06:01.164 [main] INFO  com.zaxxer.hikari.HikariDataSource [,] - HikariPool-1 - Start completed.
2026-07-29 21:06:01.189 [main] WARN  org.hibernate.orm.deprecation [,] - HHH90000025: PostgreSQLDialect does not need to be specified explicitly using 'hibernate.dialect' (remove the property setting and it will be selected by default)
2026-07-29 21:06:02.305 [main] INFO  o.h.e.t.j.p.i.JtaPlatformInitiator [,] - HHH000489: No JTA platform available (set 'hibernate.transaction.jta.platform' to enable JTA platform integration)
2026-07-29 21:06:02.595 [main] INFO  o.s.o.j.LocalContainerEntityManagerFactoryBean [,] - Initialized JPA EntityManagerFactory for persistence unit 'default'
2026-07-29 21:06:02.835 [main] INFO  o.s.d.j.r.query.QueryEnhancerFactory [,] - Hibernate is in classpath; If applicable, HQL parser will be used.
2026-07-29 21:06:05.114 [main] WARN  o.s.b.a.o.j.JpaBaseConfiguration$JpaWebConfiguration [,] - spring.jpa.open-in-view is enabled by default. Therefore, database queries may be performed during view rendering. Explicitly configure spring.jpa.open-in-view to disable this warning
2026-07-29 21:06:05.498 [main] INFO  o.s.b.a.e.web.EndpointLinksResolver [,] - Exposing 4 endpoint(s) beneath base path '/actuator'
2026-07-29 21:06:05.571 [main] INFO  o.s.s.web.DefaultSecurityFilterChain [,] - Will secure any request with [org.springframework.security.web.session.DisableEncodeUrlFilter@4022f06f, org.springframework.security.web.context.request.async.WebAsyncManagerIntegrationFilter@5b4d9f14, org.springframework.security.web.context.SecurityContextHolderFilter@3f94d3ee, org.springframework.security.web.header.HeaderWriterFilter@5dd47067, org.springframework.web.filter.CorsFilter@55fec68d, org.springframework.security.web.authentication.logout.LogoutFilter@14fc1fc5, com.buildingmanager.security.JwtFilter@17dfa412, org.springframework.security.web.savedrequest.RequestCacheAwareFilter@9c4de5a, org.springframework.security.web.servletapi.SecurityContextHolderAwareRequestFilter@471e4acf, org.springframework.security.web.authentication.AnonymousAuthenticationFilter@37a380b6, org.springframework.security.web.session.SessionManagementFilter@590636cb, org.springframework.security.web.access.ExceptionTranslationFilter@75820776, org.springframework.security.web.access.intercept.AuthorizationFilter@a0994aa]
2026-07-29 21:06:06.124 [main] INFO  o.a.coyote.http11.Http11NioProtocol [,] - Starting ProtocolHandler ["http-nio-8080"]
2026-07-29 21:06:06.137 [main] INFO  o.s.b.w.e.tomcat.TomcatWebServer [,] - Tomcat started on port 8080 (http) with context path ''
2026-07-29 21:06:06.146 [main] INFO  c.b.BuildingManagerNetworkApiApplication [,] - Started BuildingManagerNetworkApiApplication in 7.78 seconds (process running for 8.309)
2026-07-29 21:06:06.615 [RMI TCP Connection(2)-192.168.1.9] INFO  o.a.c.c.C.[Tomcat].[localhost].[/] [,] - Initializing Spring DispatcherServlet 'dispatcherServlet'
2026-07-29 21:06:06.615 [RMI TCP Connection(2)-192.168.1.9] INFO  o.s.web.servlet.DispatcherServlet [,] - Initializing Servlet 'dispatcherServlet'
2026-07-29 21:06:06.616 [RMI TCP Connection(2)-192.168.1.9] INFO  o.s.web.servlet.DispatcherServlet [,] - Completed initialization in 0 ms
2026-07-29 21:06:22.361 [http-nio-8080-exec-6] INFO  c.b.u.UserDashboardService [6a6a411e1a99cf7c3b7e32591f2986c2,58fddf495bb918e4] -   Loading dashboard for user 4
2026-07-29 21:06:22.361 [http-nio-8080-exec-9] INFO  c.b.u.UserDashboardService [6a6a411e0b7cc0b8c72da0f74663ccd7,9d562516040d425b] - Loading dashboard history for user 4
2026-07-29 21:06:22.381 [http-nio-8080-exec-6] INFO  c.b.u.UserDashboardService [6a6a411e1a99cf7c3b7e32591f2986c2,58fddf495bb918e4] - Selected OWNER apartment 23
2026-07-29 21:06:22.387 [http-nio-8080-exec-6] INFO  c.b.u.UserDashboardService [6a6a411e1a99cf7c3b7e32591f2986c2,58fddf495bb918e4] - Last statement = 8 (2026-06)
2026-07-29 21:06:22.407 [http-nio-8080-exec-6] INFO  c.b.u.UserDashboardService [6a6a411e1a99cf7c3b7e32591f2986c2,58fddf495bb918e4] - Found 3 allocations for apartment 23
2026-07-29 21:06:22.407 [http-nio-8080-exec-6] INFO  c.b.u.UserDashboardService [6a6a411e1a99cf7c3b7e32591f2986c2,58fddf495bb918e4] - Final amount due: 5.80
2026-07-29 21:06:22.533 [http-nio-8080-exec-1] INFO  c.b.u.UserDashboardService [6a6a411ef14af55af253aa45147d9670,555ec2212e7f0613] -   Loading dashboard for user 4
2026-07-29 21:06:22.543 [http-nio-8080-exec-1] INFO  c.b.u.UserDashboardService [6a6a411ef14af55af253aa45147d9670,555ec2212e7f0613] - Selected OWNER apartment 23
2026-07-29 21:06:22.546 [http-nio-8080-exec-1] INFO  c.b.u.UserDashboardService [6a6a411ef14af55af253aa45147d9670,555ec2212e7f0613] - Last statement = 8 (2026-06)
2026-07-29 21:06:22.563 [http-nio-8080-exec-1] INFO  c.b.u.UserDashboardService [6a6a411ef14af55af253aa45147d9670,555ec2212e7f0613] - Found 3 allocations for apartment 23
2026-07-29 21:06:22.564 [http-nio-8080-exec-1] INFO  c.b.u.UserDashboardService [6a6a411ef14af55af253aa45147d9670,555ec2212e7f0613] - Final amount due: 5.80
2026-07-29 21:06:23.293 [AsyncReporter{org.springframework.boot.actuate.autoconfigure.tracing.zipkin.ZipkinRestTemplateSender@72f3acc9}] WARN  z.r.AsyncReporter$BoundedAsyncReporter [,] - Spans were dropped due to exceptions. All subsequent errors will be logged at FINE level.
2026-07-29 21:06:23.294 [AsyncReporter{org.springframework.boot.actuate.autoconfigure.tracing.zipkin.ZipkinRestTemplateSender@72f3acc9}] WARN  z.r.AsyncReporter$BoundedAsyncReporter [,] - Dropped 80 spans due to ResourceAccessException(I/O error on POST request for "http://localhost:9411/api/v2/spans": Connection refused: getsockopt)
org.springframework.web.client.ResourceAccessException: I/O error on POST request for "http://localhost:9411/api/v2/spans": Connection refused: getsockopt
	at org.springframework.web.client.RestTemplate.createResourceAccessException(RestTemplate.java:915)
	at org.springframework.web.client.RestTemplate.doExecute(RestTemplate.java:895)
	at org.springframework.web.client.RestTemplate.execute(RestTemplate.java:790)
	at org.springframework.web.client.RestTemplate.exchange(RestTemplate.java:672)
	at org.springframework.boot.actuate.autoconfigure.tracing.zipkin.ZipkinRestTemplateSender$RestTemplateHttpPostCall.doExecute(ZipkinRestTemplateSender.java:68)
	at org.springframework.boot.actuate.autoconfigure.tracing.zipkin.ZipkinRestTemplateSender$RestTemplateHttpPostCall.doExecute(ZipkinRestTemplateSender.java:48)
	at zipkin2.Call$Base.execute(Call.java:391)
	at zipkin2.reporter.AsyncReporter$BoundedAsyncReporter.flush(AsyncReporter.java:299)
	at zipkin2.reporter.AsyncReporter$Flusher.run(AsyncReporter.java:378)
	at java.base/java.lang.Thread.run(Thread.java:1575)
Caused by: java.net.ConnectException: Connection refused: getsockopt
	at java.base/sun.nio.ch.Net.pollConnect(Native Method)
	at java.base/sun.nio.ch.Net.pollConnectNow(Net.java:682)
	at java.base/sun.nio.ch.NioSocketImpl.timedFinishConnect(NioSocketImpl.java:542)
	at java.base/sun.nio.ch.NioSocketImpl.connect(NioSocketImpl.java:592)
	at java.base/java.net.Socket.connect(Socket.java:760)
	at java.base/sun.net.NetworkClient.doConnect(NetworkClient.java:178)
	at java.base/sun.net.www.http.HttpClient.openServer(HttpClient.java:531)
	at java.base/sun.net.www.http.HttpClient.openServer(HttpClient.java:636)
	at java.base/sun.net.www.http.HttpClient.<init>(HttpClient.java:280)
	at java.base/sun.net.www.http.HttpClient.New(HttpClient.java:386)
	at java.base/sun.net.www.http.HttpClient.New(HttpClient.java:408)
	at java.base/sun.net.www.protocol.http.HttpURLConnection.getNewHttpClient(HttpURLConnection.java:1310)
	at java.base/sun.net.www.protocol.http.HttpURLConnection.plainConnect0(HttpURLConnection.java:1243)
	at java.base/sun.net.www.protocol.http.HttpURLConnection.plainConnect(HttpURLConnection.java:1129)
	at java.base/sun.net.www.protocol.http.HttpURLConnection.connect(HttpURLConnection.java:1058)
	at org.springframework.http.client.SimpleClientHttpRequest.executeInternal(SimpleClientHttpRequest.java:79)
	at org.springframework.http.client.AbstractStreamingClientHttpRequest.executeInternal(AbstractStreamingClientHttpRequest.java:70)
	at org.springframework.http.client.AbstractClientHttpRequest.execute(AbstractClientHttpRequest.java:66)
	at org.springframework.web.client.RestTemplate.doExecute(RestTemplate.java:889)
	... 8 common frames omitted
2026-07-29 21:06:39.049 [http-nio-8080-exec-10] WARN  c.b.handler.GlobalExceptionHandler [6a6a412e652ef539760a9aaa076c1539,f220c6ac19fdf2d4] - Entity not found: Apartment not found
2026-07-29 21:06:58.785 [http-nio-8080-exec-3] INFO  c.b.u.UserDashboardService [6a6a41421c0b68aca220aec68935cc32,780121cf0e145637] -   Loading dashboard for user 5
2026-07-29 21:06:58.788 [http-nio-8080-exec-1] INFO  c.b.u.UserDashboardService [6a6a41429adf8c589ccb5a76039af79e,d03c97b94e7a66f4] - Loading dashboard history for user 5
2026-07-29 21:06:58.796 [http-nio-8080-exec-3] INFO  c.b.u.UserDashboardService [6a6a41421c0b68aca220aec68935cc32,780121cf0e145637] - Selected RESIDENT apartment 24
2026-07-29 21:06:58.799 [http-nio-8080-exec-3] INFO  c.b.u.UserDashboardService [6a6a41421c0b68aca220aec68935cc32,780121cf0e145637] - Last statement = 8 (2026-06)
2026-07-29 21:06:58.814 [http-nio-8080-exec-3] INFO  c.b.u.UserDashboardService [6a6a41421c0b68aca220aec68935cc32,780121cf0e145637] - Found 3 allocations for apartment 24
2026-07-29 21:06:58.815 [http-nio-8080-exec-3] INFO  c.b.u.UserDashboardService [6a6a41421c0b68aca220aec68935cc32,780121cf0e145637] - Final amount due: 9.50
2026-07-29 21:06:58.827 [http-nio-8080-exec-5] INFO  c.b.u.UserDashboardService [6a6a4142e4d4c2d1a98c0894fb97add4,6cc29ab7bd5ef0c1] -   Loading dashboard for user 5
2026-07-29 21:06:58.832 [http-nio-8080-exec-5] INFO  c.b.u.UserDashboardService [6a6a4142e4d4c2d1a98c0894fb97add4,6cc29ab7bd5ef0c1] - Selected RESIDENT apartment 24
2026-07-29 21:06:58.834 [http-nio-8080-exec-5] INFO  c.b.u.UserDashboardService [6a6a4142e4d4c2d1a98c0894fb97add4,6cc29ab7bd5ef0c1] - Last statement = 8 (2026-06)
2026-07-29 21:06:58.846 [http-nio-8080-exec-5] INFO  c.b.u.UserDashboardService [6a6a4142e4d4c2d1a98c0894fb97add4,6cc29ab7bd5ef0c1] - Found 3 allocations for apartment 24
2026-07-29 21:06:58.846 [http-nio-8080-exec-5] INFO  c.b.u.UserDashboardService [6a6a4142e4d4c2d1a98c0894fb97add4,6cc29ab7bd5ef0c1] - Final amount due: 9.50
2026-07-29 21:07:10.939 [http-nio-8080-exec-3] WARN  c.b.handler.GlobalExceptionHandler [6a6a414e5cc9f49c5267524f4f148658,cf4ee13a07a3b96e] - Entity not found: Apartment not found
2026-07-29 21:07:17.076 [http-nio-8080-exec-6] WARN  c.b.handler.GlobalExceptionHandler [6a6a4155c004718a8ac272bd7e29dc43,3fe7122672c75f98] - Invalid argument
java.lang.IllegalArgumentException: Unsupported gateway: viva
	at com.buildingmanager.payment.PaymentController.createPaymentIntent(PaymentController.java:37)
	at java.base/jdk.internal.reflect.DirectMethodHandleAccessor.invoke(DirectMethodHandleAccessor.java:103)
	at java.base/java.lang.reflect.Method.invoke(Method.java:580)
	at org.springframework.web.method.support.InvocableHandlerMethod.doInvoke(InvocableHandlerMethod.java:255)
	at org.springframework.web.method.support.InvocableHandlerMethod.invokeForRequest(InvocableHandlerMethod.java:188)
	at org.springframework.web.servlet.mvc.method.annotation.ServletInvocableHandlerMethod.invokeAndHandle(ServletInvocableHandlerMethod.java:118)
	at org.springframework.web.servlet.mvc.method.annotation.RequestMappingHandlerAdapter.invokeHandlerMethod(RequestMappingHandlerAdapter.java:926)
	at org.springframework.web.servlet.mvc.method.annotation.RequestMappingHandlerAdapter.handleInternal(RequestMappingHandlerAdapter.java:831)
	at org.springframework.web.servlet.mvc.method.AbstractHandlerMethodAdapter.handle(AbstractHandlerMethodAdapter.java:87)
	at org.springframework.web.servlet.DispatcherServlet.doDispatch(DispatcherServlet.java:1089)
	at org.springframework.web.servlet.DispatcherServlet.doService(DispatcherServlet.java:979)
	at org.springframework.web.servlet.FrameworkServlet.processRequest(FrameworkServlet.java:1014)
	at org.springframework.web.servlet.FrameworkServlet.doPost(FrameworkServlet.java:914)
	at jakarta.servlet.http.HttpServlet.service(HttpServlet.java:590)
	at org.springframework.web.servlet.FrameworkServlet.service(FrameworkServlet.java:885)
	at jakarta.servlet.http.HttpServlet.service(HttpServlet.java:658)
	at org.apache.catalina.core.ApplicationFilterChain.internalDoFilter(ApplicationFilterChain.java:206)
	at org.apache.catalina.core.ApplicationFilterChain.doFilter(ApplicationFilterChain.java:150)
	at org.apache.tomcat.websocket.server.WsFilter.doFilter(WsFilter.java:51)
	at org.apache.catalina.core.ApplicationFilterChain.internalDoFilter(ApplicationFilterChain.java:175)
	at org.apache.catalina.core.ApplicationFilterChain.doFilter(ApplicationFilterChain.java:150)
	at org.springframework.web.filter.CorsFilter.doFilterInternal(CorsFilter.java:91)
	at org.springframework.web.filter.OncePerRequestFilter.doFilter(OncePerRequestFilter.java:116)
	at org.apache.catalina.core.ApplicationFilterChain.internalDoFilter(ApplicationFilterChain.java:175)
	at org.apache.catalina.core.ApplicationFilterChain.doFilter(ApplicationFilterChain.java:150)
	at org.springframework.web.filter.OncePerRequestFilter.doFilter(OncePerRequestFilter.java:110)
	at org.apache.catalina.core.ApplicationFilterChain.internalDoFilter(ApplicationFilterChain.java:175)
	at org.apache.catalina.core.ApplicationFilterChain.doFilter(ApplicationFilterChain.java:150)
	at org.springframework.web.filter.CompositeFilter$VirtualFilterChain.doFilter(CompositeFilter.java:108)
	at org.springframework.security.web.FilterChainProxy.lambda$doFilterInternal$3(FilterChainProxy.java:231)
	at org.springframework.security.web.ObservationFilterChainDecorator$FilterObservation$SimpleFilterObservation.lambda$wrap$1(ObservationFilterChainDecorator.java:479)
	at org.springframework.security.web.ObservationFilterChainDecorator$AroundFilterObservation$SimpleAroundFilterObservation.lambda$wrap$1(ObservationFilterChainDecorator.java:340)
	at org.springframework.security.web.ObservationFilterChainDecorator.lambda$wrapSecured$0(ObservationFilterChainDecorator.java:82)
	at org.springframework.security.web.ObservationFilterChainDecorator$VirtualFilterChain.doFilter(ObservationFilterChainDecorator.java:128)
	at org.springframework.security.web.access.intercept.AuthorizationFilter.doFilter(AuthorizationFilter.java:100)
	at org.springframework.security.web.ObservationFilterChainDecorator$ObservationFilter.wrapFilter(ObservationFilterChainDecorator.java:240)
	at org.springframework.security.web.ObservationFilterChainDecorator$ObservationFilter.doFilter(ObservationFilterChainDecorator.java:227)
	at org.springframework.security.web.ObservationFilterChainDecorator$VirtualFilterChain.doFilter(ObservationFilterChainDecorator.java:137)
	at org.springframework.security.web.access.ExceptionTranslationFilter.doFilter(ExceptionTranslationFilter.java:126)
	at org.springframework.security.web.access.ExceptionTranslationFilter.doFilter(ExceptionTranslationFilter.java:120)
	at org.springframework.security.web.ObservationFilterChainDecorator$ObservationFilter.wrapFilter(ObservationFilterChainDecorator.java:240)
	at org.springframework.security.web.ObservationFilterChainDecorator$ObservationFilter.doFilter(ObservationFilterChainDecorator.java:227)
	at org.springframework.security.web.ObservationFilterChainDecorator$VirtualFilterChain.doFilter(ObservationFilterChainDecorator.java:137)
	at org.springframework.security.web.session.SessionManagementFilter.doFilter(SessionManagementFilter.java:131)
	at org.springframework.security.web.session.SessionManagementFilter.doFilter(SessionManagementFilter.java:85)
	at org.springframework.security.web.ObservationFilterChainDecorator$ObservationFilter.wrapFilter(ObservationFilterChainDecorator.java:240)
	at org.springframework.security.web.ObservationFilterChainDecorator$ObservationFilter.doFilter(ObservationFilterChainDecorator.java:227)
	at org.springframework.security.web.ObservationFilterChainDecorator$VirtualFilterChain.doFilter(ObservationFilterChainDecorator.java:137)
	at org.springframework.security.web.authentication.AnonymousAuthenticationFilter.doFilter(AnonymousAuthenticationFilter.java:100)
	at org.springframework.security.web.ObservationFilterChainDecorator$ObservationFilter.wrapFilter(ObservationFilterChainDecorator.java:240)
	at org.springframework.security.web.ObservationFilterChainDecorator$ObservationFilter.doFilter(ObservationFilterChainDecorator.java:227)
	at org.springframework.security.web.ObservationFilterChainDecorator$VirtualFilterChain.doFilter(ObservationFilterChainDecorator.java:137)
	at org.springframework.security.web.servletapi.SecurityContextHolderAwareRequestFilter.doFilter(SecurityContextHolderAwareRequestFilter.java:179)
	at org.springframework.security.web.ObservationFilterChainDecorator$ObservationFilter.wrapFilter(ObservationFilterChainDecorator.java:240)
	at org.springframework.security.web.ObservationFilterChainDecorator$ObservationFilter.doFilter(ObservationFilterChainDecorator.java:227)
	at org.springframework.security.web.ObservationFilterChainDecorator$VirtualFilterChain.doFilter(ObservationFilterChainDecorator.java:137)
	at org.springframework.security.web.savedrequest.RequestCacheAwareFilter.doFilter(RequestCacheAwareFilter.java:63)
	at org.springframework.security.web.ObservationFilterChainDecorator$ObservationFilter.wrapFilter(ObservationFilterChainDecorator.java:240)
	at org.springframework.security.web.ObservationFilterChainDecorator$ObservationFilter.doFilter(ObservationFilterChainDecorator.java:227)
	at org.springframework.security.web.ObservationFilterChainDecorator$VirtualFilterChain.doFilter(ObservationFilterChainDecorator.java:137)
	at com.buildingmanager.security.JwtFilter.doFilterInternal(JwtFilter.java:101)
	at org.springframework.web.filter.OncePerRequestFilter.doFilter(OncePerRequestFilter.java:116)
	at org.springframework.security.web.ObservationFilterChainDecorator$ObservationFilter.wrapFilter(ObservationFilterChainDecorator.java:240)
	at org.springframework.security.web.ObservationFilterChainDecorator$ObservationFilter.doFilter(ObservationFilterChainDecorator.java:227)
	at org.springframework.security.web.ObservationFilterChainDecorator$VirtualFilterChain.doFilter(ObservationFilterChainDecorator.java:137)
	at org.springframework.security.web.authentication.logout.LogoutFilter.doFilter(LogoutFilter.java:107)
	at org.springframework.security.web.authentication.logout.LogoutFilter.doFilter(LogoutFilter.java:93)
	at org.springframework.security.web.ObservationFilterChainDecorator$ObservationFilter.wrapFilter(ObservationFilterChainDecorator.java:240)
	at org.springframework.security.web.ObservationFilterChainDecorator$ObservationFilter.doFilter(ObservationFilterChainDecorator.java:227)
	at org.springframework.security.web.ObservationFilterChainDecorator$VirtualFilterChain.doFilter(ObservationFilterChainDecorator.java:137)
	at org.springframework.web.filter.CorsFilter.doFilterInternal(CorsFilter.java:91)
	at org.springframework.web.filter.OncePerRequestFilter.doFilter(OncePerRequestFilter.java:116)
	at org.springframework.security.web.ObservationFilterChainDecorator$ObservationFilter.wrapFilter(ObservationFilterChainDecorator.java:240)
	at org.springframework.security.web.ObservationFilterChainDecorator$ObservationFilter.doFilter(ObservationFilterChainDecorator.java:227)
	at org.springframework.security.web.ObservationFilterChainDecorator$VirtualFilterChain.doFilter(ObservationFilterChainDecorator.java:137)
	at org.springframework.security.web.header.HeaderWriterFilter.doHeadersAfter(HeaderWriterFilter.java:90)
	at org.springframework.security.web.header.HeaderWriterFilter.doFilterInternal(HeaderWriterFilter.java:75)
	at org.springframework.web.filter.OncePerRequestFilter.doFilter(OncePerRequestFilter.java:116)
	at org.springframework.security.web.ObservationFilterChainDecorator$ObservationFilter.wrapFilter(ObservationFilterChainDecorator.java:240)
	at org.springframework.security.web.ObservationFilterChainDecorator$ObservationFilter.doFilter(ObservationFilterChainDecorator.java:227)
	at org.springframework.security.web.ObservationFilterChainDecorator$VirtualFilterChain.doFilter(ObservationFilterChainDecorator.java:137)
	at org.springframework.security.web.context.SecurityContextHolderFilter.doFilter(SecurityContextHolderFilter.java:82)
	at org.springframework.security.web.context.SecurityContextHolderFilter.doFilter(SecurityContextHolderFilter.java:69)
	at org.springframework.security.web.ObservationFilterChainDecorator$ObservationFilter.wrapFilter(ObservationFilterChainDecorator.java:240)
	at org.springframework.security.web.ObservationFilterChainDecorator$ObservationFilter.doFilter(ObservationFilterChainDecorator.java:227)
	at org.springframework.security.web.ObservationFilterChainDecorator$VirtualFilterChain.doFilter(ObservationFilterChainDecorator.java:137)
	at org.springframework.security.web.context.request.async.WebAsyncManagerIntegrationFilter.doFilterInternal(WebAsyncManagerIntegrationFilter.java:62)
	at org.springframework.web.filter.OncePerRequestFilter.doFilter(OncePerRequestFilter.java:116)
	at org.springframework.security.web.ObservationFilterChainDecorator$ObservationFilter.wrapFilter(ObservationFilterChainDecorator.java:240)
	at org.springframework.security.web.ObservationFilterChainDecorator$ObservationFilter.doFilter(ObservationFilterChainDecorator.java:227)
	at org.springframework.security.web.ObservationFilterChainDecorator$VirtualFilterChain.doFilter(ObservationFilterChainDecorator.java:137)
	at org.springframework.security.web.session.DisableEncodeUrlFilter.doFilterInternal(DisableEncodeUrlFilter.java:42)
	at org.springframework.web.filter.OncePerRequestFilter.doFilter(OncePerRequestFilter.java:116)
	at org.springframework.security.web.ObservationFilterChainDecorator$ObservationFilter.wrapFilter(ObservationFilterChainDecorator.java:240)
	at org.springframework.security.web.ObservationFilterChainDecorator$AroundFilterObservation$SimpleAroundFilterObservation.lambda$wrap$0(ObservationFilterChainDecorator.java:323)
	at org.springframework.security.web.ObservationFilterChainDecorator$ObservationFilter.doFilter(ObservationFilterChainDecorator.java:224)
	at org.springframework.security.web.ObservationFilterChainDecorator$VirtualFilterChain.doFilter(ObservationFilterChainDecorator.java:137)
	at org.springframework.security.web.FilterChainProxy.doFilterInternal(FilterChainProxy.java:233)
	at org.springframework.security.web.FilterChainProxy.doFilter(FilterChainProxy.java:191)
	at org.springframework.web.filter.CompositeFilter$VirtualFilterChain.doFilter(CompositeFilter.java:113)
	at org.springframework.web.servlet.handler.HandlerMappingIntrospector.lambda$createCacheFilter$3(HandlerMappingIntrospector.java:195)
	at org.springframework.web.filter.CompositeFilter$VirtualFilterChain.doFilter(CompositeFilter.java:113)
	at org.springframework.web.filter.CompositeFilter.doFilter(CompositeFilter.java:74)
	at org.springframework.security.config.annotation.web.configuration.WebMvcSecurityConfiguration$CompositeFilterChainProxy.doFilter(WebMvcSecurityConfiguration.java:230)
	at org.springframework.web.filter.DelegatingFilterProxy.invokeDelegate(DelegatingFilterProxy.java:352)
	at org.springframework.web.filter.DelegatingFilterProxy.doFilter(DelegatingFilterProxy.java:268)
	at org.apache.catalina.core.ApplicationFilterChain.internalDoFilter(ApplicationFilterChain.java:175)
	at org.apache.catalina.core.ApplicationFilterChain.doFilter(ApplicationFilterChain.java:150)
	at org.springframework.web.filter.RequestContextFilter.doFilterInternal(RequestContextFilter.java:100)
	at org.springframework.web.filter.OncePerRequestFilter.doFilter(OncePerRequestFilter.java:116)
	at org.apache.catalina.core.ApplicationFilterChain.internalDoFilter(ApplicationFilterChain.java:175)
	at org.apache.catalina.core.ApplicationFilterChain.doFilter(ApplicationFilterChain.java:150)
	at org.springframework.web.filter.FormContentFilter.doFilterInternal(FormContentFilter.java:93)
	at org.springframework.web.filter.OncePerRequestFilter.doFilter(OncePerRequestFilter.java:116)
	at org.apache.catalina.core.ApplicationFilterChain.internalDoFilter(ApplicationFilterChain.java:175)
	at org.apache.catalina.core.ApplicationFilterChain.doFilter(ApplicationFilterChain.java:150)
	at org.springframework.web.filter.ServerHttpObservationFilter.doFilterInternal(ServerHttpObservationFilter.java:109)
	at org.springframework.web.filter.OncePerRequestFilter.doFilter(OncePerRequestFilter.java:116)
	at org.apache.catalina.core.ApplicationFilterChain.internalDoFilter(ApplicationFilterChain.java:175)
	at org.apache.catalina.core.ApplicationFilterChain.doFilter(ApplicationFilterChain.java:150)
	at org.springframework.web.filter.CharacterEncodingFilter.doFilterInternal(CharacterEncodingFilter.java:201)
	at org.springframework.web.filter.OncePerRequestFilter.doFilter(OncePerRequestFilter.java:116)
	at org.apache.catalina.core.ApplicationFilterChain.internalDoFilter(ApplicationFilterChain.java:175)
	at org.apache.catalina.core.ApplicationFilterChain.doFilter(ApplicationFilterChain.java:150)
	at org.apache.catalina.core.StandardWrapperValve.invoke(StandardWrapperValve.java:167)
	at org.apache.catalina.core.StandardContextValve.invoke(StandardContextValve.java:90)
	at org.apache.catalina.authenticator.AuthenticatorBase.invoke(AuthenticatorBase.java:482)
	at org.apache.catalina.core.StandardHostValve.invoke(StandardHostValve.java:115)
	at org.apache.catalina.valves.ErrorReportValve.invoke(ErrorReportValve.java:93)
	at org.apache.catalina.core.StandardEngineValve.invoke(StandardEngineValve.java:74)
	at org.apache.catalina.connector.CoyoteAdapter.service(CoyoteAdapter.java:344)
	at org.apache.coyote.http11.Http11Processor.service(Http11Processor.java:391)
	at org.apache.coyote.AbstractProcessorLight.process(AbstractProcessorLight.java:63)
	at org.apache.coyote.AbstractProtocol$ConnectionHandler.process(AbstractProtocol.java:896)
	at org.apache.tomcat.util.net.NioEndpoint$SocketProcessor.doRun(NioEndpoint.java:1736)
	at org.apache.tomcat.util.net.SocketProcessorBase.run(SocketProcessorBase.java:52)
	at org.apache.tomcat.util.threads.ThreadPoolExecutor.runWorker(ThreadPoolExecutor.java:1191)
	at org.apache.tomcat.util.threads.ThreadPoolExecutor$Worker.run(ThreadPoolExecutor.java:659)
	at org.apache.tomcat.util.threads.TaskThread$WrappingRunnable.run(TaskThread.java:63)
	at java.base/java.lang.Thread.run(Thread.java:1575)
2026-07-29 21:07:17.176 [RMI TCP Connection(3)-192.168.1.9] WARN  o.s.b.a.mail.MailHealthIndicator [,] - Mail health check failed
jakarta.mail.MessagingException: Got bad greeting from SMTP host: localhost, port: 1080, response: HTTP/1.1 408 Request Timeout

	at org.eclipse.angus.mail.smtp.SMTPTransport.openServer(SMTPTransport.java:2231)
	at org.eclipse.angus.mail.smtp.SMTPTransport.protocolConnect(SMTPTransport.java:729)
	at jakarta.mail.Service.connect(Service.java:345)
	at org.springframework.mail.javamail.JavaMailSenderImpl.connectTransport(JavaMailSenderImpl.java:480)
	at org.springframework.mail.javamail.JavaMailSenderImpl.testConnection(JavaMailSenderImpl.java:360)
	at org.springframework.boot.actuate.mail.MailHealthIndicator.doHealthCheck(MailHealthIndicator.java:52)
	at org.springframework.boot.actuate.health.AbstractHealthIndicator.health(AbstractHealthIndicator.java:82)
	at org.springframework.boot.actuate.health.HealthIndicator.getHealth(HealthIndicator.java:37)
	at org.springframework.boot.actuate.health.HealthEndpoint.getHealth(HealthEndpoint.java:82)
	at org.springframework.boot.actuate.health.HealthEndpoint.getHealth(HealthEndpoint.java:41)
	at org.springframework.boot.actuate.health.HealthEndpointSupport.getLoggedHealth(HealthEndpointSupport.java:172)
	at org.springframework.boot.actuate.health.HealthEndpointSupport.getContribution(HealthEndpointSupport.java:145)
	at org.springframework.boot.actuate.health.HealthEndpointSupport.getAggregateContribution(HealthEndpointSupport.java:156)
	at org.springframework.boot.actuate.health.HealthEndpointSupport.getContribution(HealthEndpointSupport.java:141)
	at org.springframework.boot.actuate.health.HealthEndpointSupport.getHealth(HealthEndpointSupport.java:110)
	at org.springframework.boot.actuate.health.HealthEndpointSupport.getHealth(HealthEndpointSupport.java:81)
	at org.springframework.boot.actuate.health.HealthEndpoint.health(HealthEndpoint.java:76)
	at org.springframework.boot.actuate.health.HealthEndpoint.health(HealthEndpoint.java:66)
	at java.base/jdk.internal.reflect.DirectMethodHandleAccessor.invoke(DirectMethodHandleAccessor.java:103)
	at java.base/java.lang.reflect.Method.invoke(Method.java:580)
	at org.springframework.util.ReflectionUtils.invokeMethod(ReflectionUtils.java:281)
	at org.springframework.boot.actuate.endpoint.invoke.reflect.ReflectiveOperationInvoker.invoke(ReflectiveOperationInvoker.java:74)
	at org.springframework.boot.actuate.endpoint.annotation.AbstractDiscoveredOperation.invoke(AbstractDiscoveredOperation.java:60)
	at org.springframework.boot.actuate.endpoint.jmx.EndpointMBean.invoke(EndpointMBean.java:124)
	at org.springframework.boot.actuate.endpoint.jmx.EndpointMBean.invoke(EndpointMBean.java:97)
	at java.management/com.sun.jmx.interceptor.DefaultMBeanServerInterceptor.invoke(DefaultMBeanServerInterceptor.java:803)
	at java.management/com.sun.jmx.mbeanserver.JmxMBeanServer.invoke(JmxMBeanServer.java:802)
	at java.management.rmi/javax.management.remote.rmi.RMIConnectionImpl.doOperation(RMIConnectionImpl.java:1520)
	at java.management.rmi/javax.management.remote.rmi.RMIConnectionImpl$PrivilegedOperation.run(RMIConnectionImpl.java:1348)
	at java.management.rmi/javax.management.remote.rmi.RMIConnectionImpl.doPrivilegedOperation(RMIConnectionImpl.java:1435)
	at java.management.rmi/javax.management.remote.rmi.RMIConnectionImpl.invoke(RMIConnectionImpl.java:841)
	at java.base/jdk.internal.reflect.DirectMethodHandleAccessor.invoke(DirectMethodHandleAccessor.java:103)
	at java.base/java.lang.reflect.Method.invoke(Method.java:580)
	at java.rmi/sun.rmi.server.UnicastServerRef.dispatch(UnicastServerRef.java:360)
	at java.rmi/sun.rmi.transport.Transport$1.run(Transport.java:200)
	at java.rmi/sun.rmi.transport.Transport$1.run(Transport.java:197)
	at java.base/java.security.AccessController.doPrivileged(AccessController.java:714)
	at java.rmi/sun.rmi.transport.Transport.serviceCall(Transport.java:196)
	at java.rmi/sun.rmi.transport.tcp.TCPTransport.handleMessages(TCPTransport.java:598)
	at java.rmi/sun.rmi.transport.tcp.TCPTransport$ConnectionHandler.run0(TCPTransport.java:844)
	at java.rmi/sun.rmi.transport.tcp.TCPTransport$ConnectionHandler.lambda$run$0(TCPTransport.java:721)
	at java.base/java.security.AccessController.doPrivileged(AccessController.java:400)
	at java.rmi/sun.rmi.transport.tcp.TCPTransport$ConnectionHandler.run(TCPTransport.java:720)
	at java.base/java.util.concurrent.ThreadPoolExecutor.runWorker(ThreadPoolExecutor.java:1144)
	at java.base/java.util.concurrent.ThreadPoolExecutor$Worker.run(ThreadPoolExecutor.java:642)
	at java.base/java.lang.Thread.run(Thread.java:1575)
2026-07-29 21:07:17.180 [RMI TCP Connection(3)-192.168.1.9] WARN  o.s.b.a.health.HealthEndpointSupport [,] - Health contributor org.springframework.boot.actuate.mail.MailHealthIndicator (mail) took 70559ms to respond
2026-07-29 21:15:01.765 [http-nio-8080-exec-8] ERROR c.b.handler.GlobalExceptionHandler [6a6a4325da863a3af5908f4b90418937,0b22da144f9ab54b] - Unhandled exception
org.springframework.web.servlet.resource.NoResourceFoundException: No static resource api/v1/finance/my-building.
	at org.springframework.web.servlet.resource.ResourceHttpRequestHandler.handleRequest(ResourceHttpRequestHandler.java:585)
	at org.springframework.web.servlet.mvc.HttpRequestHandlerAdapter.handle(HttpRequestHandlerAdapter.java:52)
	at org.springframework.web.servlet.DispatcherServlet.doDispatch(DispatcherServlet.java:1089)
	at org.springframework.web.servlet.DispatcherServlet.doService(DispatcherServlet.java:979)
	at org.springframework.web.servlet.FrameworkServlet.processRequest(FrameworkServlet.java:1014)
	at org.springframework.web.servlet.FrameworkServlet.doGet(FrameworkServlet.java:903)
	at jakarta.servlet.http.HttpServlet.service(HttpServlet.java:564)
	at org.springframework.web.servlet.FrameworkServlet.service(FrameworkServlet.java:885)
	at jakarta.servlet.http.HttpServlet.service(HttpServlet.java:658)
	at org.apache.catalina.core.ApplicationFilterChain.internalDoFilter(ApplicationFilterChain.java:206)
	at org.apache.catalina.core.ApplicationFilterChain.doFilter(ApplicationFilterChain.java:150)
	at org.apache.tomcat.websocket.server.WsFilter.doFilter(WsFilter.java:51)
	at org.apache.catalina.core.ApplicationFilterChain.internalDoFilter(ApplicationFilterChain.java:175)
	at org.apache.catalina.core.ApplicationFilterChain.doFilter(ApplicationFilterChain.java:150)
	at org.springframework.web.filter.CorsFilter.doFilterInternal(CorsFilter.java:91)
	at org.springframework.web.filter.OncePerRequestFilter.doFilter(OncePerRequestFilter.java:116)
	at org.apache.catalina.core.ApplicationFilterChain.internalDoFilter(ApplicationFilterChain.java:175)
	at org.apache.catalina.core.ApplicationFilterChain.doFilter(ApplicationFilterChain.java:150)
	at org.springframework.web.filter.OncePerRequestFilter.doFilter(OncePerRequestFilter.java:110)
	at org.apache.catalina.core.ApplicationFilterChain.internalDoFilter(ApplicationFilterChain.java:175)
	at org.apache.catalina.core.ApplicationFilterChain.doFilter(ApplicationFilterChain.java:150)
	at org.springframework.web.filter.CompositeFilter$VirtualFilterChain.doFilter(CompositeFilter.java:108)
	at org.springframework.security.web.FilterChainProxy.lambda$doFilterInternal$3(FilterChainProxy.java:231)
	at org.springframework.security.web.ObservationFilterChainDecorator$FilterObservation$SimpleFilterObservation.lambda$wrap$1(ObservationFilterChainDecorator.java:479)
	at org.springframework.security.web.ObservationFilterChainDecorator$AroundFilterObservation$SimpleAroundFilterObservation.lambda$wrap$1(ObservationFilterChainDecorator.java:340)
	at org.springframework.security.web.ObservationFilterChainDecorator.lambda$wrapSecured$0(ObservationFilterChainDecorator.java:82)
	at org.springframework.security.web.ObservationFilterChainDecorator$VirtualFilterChain.doFilter(ObservationFilterChainDecorator.java:128)
	at org.springframework.security.web.access.intercept.AuthorizationFilter.doFilter(AuthorizationFilter.java:100)
	at org.springframework.security.web.ObservationFilterChainDecorator$ObservationFilter.wrapFilter(ObservationFilterChainDecorator.java:240)
	at org.springframework.security.web.ObservationFilterChainDecorator$ObservationFilter.doFilter(ObservationFilterChainDecorator.java:227)
	at org.springframework.security.web.ObservationFilterChainDecorator$VirtualFilterChain.doFilter(ObservationFilterChainDecorator.java:137)
	at org.springframework.security.web.access.ExceptionTranslationFilter.doFilter(ExceptionTranslationFilter.java:126)
	at org.springframework.security.web.access.ExceptionTranslationFilter.doFilter(ExceptionTranslationFilter.java:120)
	at org.springframework.security.web.ObservationFilterChainDecorator$ObservationFilter.wrapFilter(ObservationFilterChainDecorator.java:240)
	at org.springframework.security.web.ObservationFilterChainDecorator$ObservationFilter.doFilter(ObservationFilterChainDecorator.java:227)
	at org.springframework.security.web.ObservationFilterChainDecorator$VirtualFilterChain.doFilter(ObservationFilterChainDecorator.java:137)
	at org.springframework.security.web.session.SessionManagementFilter.doFilter(SessionManagementFilter.java:131)
	at org.springframework.security.web.session.SessionManagementFilter.doFilter(SessionManagementFilter.java:85)
	at org.springframework.security.web.ObservationFilterChainDecorator$ObservationFilter.wrapFilter(ObservationFilterChainDecorator.java:240)
	at org.springframework.security.web.ObservationFilterChainDecorator$ObservationFilter.doFilter(ObservationFilterChainDecorator.java:227)
	at org.springframework.security.web.ObservationFilterChainDecorator$VirtualFilterChain.doFilter(ObservationFilterChainDecorator.java:137)
	at org.springframework.security.web.authentication.AnonymousAuthenticationFilter.doFilter(AnonymousAuthenticationFilter.java:100)
	at org.springframework.security.web.ObservationFilterChainDecorator$ObservationFilter.wrapFilter(ObservationFilterChainDecorator.java:240)
	at org.springframework.security.web.ObservationFilterChainDecorator$ObservationFilter.doFilter(ObservationFilterChainDecorator.java:227)
	at org.springframework.security.web.ObservationFilterChainDecorator$VirtualFilterChain.doFilter(ObservationFilterChainDecorator.java:137)
	at org.springframework.security.web.servletapi.SecurityContextHolderAwareRequestFilter.doFilter(SecurityContextHolderAwareRequestFilter.java:179)
	at org.springframework.security.web.ObservationFilterChainDecorator$ObservationFilter.wrapFilter(ObservationFilterChainDecorator.java:240)
	at org.springframework.security.web.ObservationFilterChainDecorator$ObservationFilter.doFilter(ObservationFilterChainDecorator.java:227)
	at org.springframework.security.web.ObservationFilterChainDecorator$VirtualFilterChain.doFilter(ObservationFilterChainDecorator.java:137)
	at org.springframework.security.web.savedrequest.RequestCacheAwareFilter.doFilter(RequestCacheAwareFilter.java:63)
	at org.springframework.security.web.ObservationFilterChainDecorator$ObservationFilter.wrapFilter(ObservationFilterChainDecorator.java:240)
	at org.springframework.security.web.ObservationFilterChainDecorator$ObservationFilter.doFilter(ObservationFilterChainDecorator.java:227)
	at org.springframework.security.web.ObservationFilterChainDecorator$VirtualFilterChain.doFilter(ObservationFilterChainDecorator.java:137)
	at com.buildingmanager.security.JwtFilter.doFilterInternal(JwtFilter.java:101)
	at org.springframework.web.filter.OncePerRequestFilter.doFilter(OncePerRequestFilter.java:116)
	at org.springframework.security.web.ObservationFilterChainDecorator$ObservationFilter.wrapFilter(ObservationFilterChainDecorator.java:240)
	at org.springframework.security.web.ObservationFilterChainDecorator$ObservationFilter.doFilter(ObservationFilterChainDecorator.java:227)
	at org.springframework.security.web.ObservationFilterChainDecorator$VirtualFilterChain.doFilter(ObservationFilterChainDecorator.java:137)
	at org.springframework.security.web.authentication.logout.LogoutFilter.doFilter(LogoutFilter.java:107)
	at org.springframework.security.web.authentication.logout.LogoutFilter.doFilter(LogoutFilter.java:93)
	at org.springframework.security.web.ObservationFilterChainDecorator$ObservationFilter.wrapFilter(ObservationFilterChainDecorator.java:240)
	at org.springframework.security.web.ObservationFilterChainDecorator$ObservationFilter.doFilter(ObservationFilterChainDecorator.java:227)
	at org.springframework.security.web.ObservationFilterChainDecorator$VirtualFilterChain.doFilter(ObservationFilterChainDecorator.java:137)
	at org.springframework.web.filter.CorsFilter.doFilterInternal(CorsFilter.java:91)
	at org.springframework.web.filter.OncePerRequestFilter.doFilter(OncePerRequestFilter.java:116)
	at org.springframework.security.web.ObservationFilterChainDecorator$ObservationFilter.wrapFilter(ObservationFilterChainDecorator.java:240)
	at org.springframework.security.web.ObservationFilterChainDecorator$ObservationFilter.doFilter(ObservationFilterChainDecorator.java:227)
	at org.springframework.security.web.ObservationFilterChainDecorator$VirtualFilterChain.doFilter(ObservationFilterChainDecorator.java:137)
	at org.springframework.security.web.header.HeaderWriterFilter.doHeadersAfter(HeaderWriterFilter.java:90)
	at org.springframework.security.web.header.HeaderWriterFilter.doFilterInternal(HeaderWriterFilter.java:75)
	at org.springframework.web.filter.OncePerRequestFilter.doFilter(OncePerRequestFilter.java:116)
	at org.springframework.security.web.ObservationFilterChainDecorator$ObservationFilter.wrapFilter(ObservationFilterChainDecorator.java:240)
	at org.springframework.security.web.ObservationFilterChainDecorator$ObservationFilter.doFilter(ObservationFilterChainDecorator.java:227)
	at org.springframework.security.web.ObservationFilterChainDecorator$VirtualFilterChain.doFilter(ObservationFilterChainDecorator.java:137)
	at org.springframework.security.web.context.SecurityContextHolderFilter.doFilter(SecurityContextHolderFilter.java:82)
	at org.springframework.security.web.context.SecurityContextHolderFilter.doFilter(SecurityContextHolderFilter.java:69)
	at org.springframework.security.web.ObservationFilterChainDecorator$ObservationFilter.wrapFilter(ObservationFilterChainDecorator.java:240)
	at org.springframework.security.web.ObservationFilterChainDecorator$ObservationFilter.doFilter(ObservationFilterChainDecorator.java:227)
	at org.springframework.security.web.ObservationFilterChainDecorator$VirtualFilterChain.doFilter(ObservationFilterChainDecorator.java:137)
	at org.springframework.security.web.context.request.async.WebAsyncManagerIntegrationFilter.doFilterInternal(WebAsyncManagerIntegrationFilter.java:62)
	at org.springframework.web.filter.OncePerRequestFilter.doFilter(OncePerRequestFilter.java:116)
	at org.springframework.security.web.ObservationFilterChainDecorator$ObservationFilter.wrapFilter(ObservationFilterChainDecorator.java:240)
	at org.springframework.security.web.ObservationFilterChainDecorator$ObservationFilter.doFilter(ObservationFilterChainDecorator.java:227)
	at org.springframework.security.web.ObservationFilterChainDecorator$VirtualFilterChain.doFilter(ObservationFilterChainDecorator.java:137)
	at org.springframework.security.web.session.DisableEncodeUrlFilter.doFilterInternal(DisableEncodeUrlFilter.java:42)
	at org.springframework.web.filter.OncePerRequestFilter.doFilter(OncePerRequestFilter.java:116)
	at org.springframework.security.web.ObservationFilterChainDecorator$ObservationFilter.wrapFilter(ObservationFilterChainDecorator.java:240)
	at org.springframework.security.web.ObservationFilterChainDecorator$AroundFilterObservation$SimpleAroundFilterObservation.lambda$wrap$0(ObservationFilterChainDecorator.java:323)
	at org.springframework.security.web.ObservationFilterChainDecorator$ObservationFilter.doFilter(ObservationFilterChainDecorator.java:224)
	at org.springframework.security.web.ObservationFilterChainDecorator$VirtualFilterChain.doFilter(ObservationFilterChainDecorator.java:137)
	at org.springframework.security.web.FilterChainProxy.doFilterInternal(FilterChainProxy.java:233)
	at org.springframework.security.web.FilterChainProxy.doFilter(FilterChainProxy.java:191)
	at org.springframework.web.filter.CompositeFilter$VirtualFilterChain.doFilter(CompositeFilter.java:113)
	at org.springframework.web.servlet.handler.HandlerMappingIntrospector.lambda$createCacheFilter$3(HandlerMappingIntrospector.java:195)
	at org.springframework.web.filter.CompositeFilter$VirtualFilterChain.doFilter(CompositeFilter.java:113)
	at org.springframework.web.filter.CompositeFilter.doFilter(CompositeFilter.java:74)
	at org.springframework.security.config.annotation.web.configuration.WebMvcSecurityConfiguration$CompositeFilterChainProxy.doFilter(WebMvcSecurityConfiguration.java:230)
	at org.springframework.web.filter.DelegatingFilterProxy.invokeDelegate(DelegatingFilterProxy.java:352)
	at org.springframework.web.filter.DelegatingFilterProxy.doFilter(DelegatingFilterProxy.java:268)
	at org.apache.catalina.core.ApplicationFilterChain.internalDoFilter(ApplicationFilterChain.java:175)
	at org.apache.catalina.core.ApplicationFilterChain.doFilter(ApplicationFilterChain.java:150)
	at org.springframework.web.filter.RequestContextFilter.doFilterInternal(RequestContextFilter.java:100)
	at org.springframework.web.filter.OncePerRequestFilter.doFilter(OncePerRequestFilter.java:116)
	at org.apache.catalina.core.ApplicationFilterChain.internalDoFilter(ApplicationFilterChain.java:175)
	at org.apache.catalina.core.ApplicationFilterChain.doFilter(ApplicationFilterChain.java:150)
	at org.springframework.web.filter.FormContentFilter.doFilterInternal(FormContentFilter.java:93)
	at org.springframework.web.filter.OncePerRequestFilter.doFilter(OncePerRequestFilter.java:116)
	at org.apache.catalina.core.ApplicationFilterChain.internalDoFilter(ApplicationFilterChain.java:175)
	at org.apache.catalina.core.ApplicationFilterChain.doFilter(ApplicationFilterChain.java:150)
	at org.springframework.web.filter.ServerHttpObservationFilter.doFilterInternal(ServerHttpObservationFilter.java:109)
	at org.springframework.web.filter.OncePerRequestFilter.doFilter(OncePerRequestFilter.java:116)
	at org.apache.catalina.core.ApplicationFilterChain.internalDoFilter(ApplicationFilterChain.java:175)
	at org.apache.catalina.core.ApplicationFilterChain.doFilter(ApplicationFilterChain.java:150)
	at org.springframework.web.filter.CharacterEncodingFilter.doFilterInternal(CharacterEncodingFilter.java:201)
	at org.springframework.web.filter.OncePerRequestFilter.doFilter(OncePerRequestFilter.java:116)
	at org.apache.catalina.core.ApplicationFilterChain.internalDoFilter(ApplicationFilterChain.java:175)
	at org.apache.catalina.core.ApplicationFilterChain.doFilter(ApplicationFilterChain.java:150)
	at org.apache.catalina.core.StandardWrapperValve.invoke(StandardWrapperValve.java:167)
	at org.apache.catalina.core.StandardContextValve.invoke(StandardContextValve.java:90)
	at org.apache.catalina.authenticator.AuthenticatorBase.invoke(AuthenticatorBase.java:482)
	at org.apache.catalina.core.StandardHostValve.invoke(StandardHostValve.java:115)
	at org.apache.catalina.valves.ErrorReportValve.invoke(ErrorReportValve.java:93)
	at org.apache.catalina.core.StandardEngineValve.invoke(StandardEngineValve.java:74)
	at org.apache.catalina.connector.CoyoteAdapter.service(CoyoteAdapter.java:344)
	at org.apache.coyote.http11.Http11Processor.service(Http11Processor.java:391)
	at org.apache.coyote.AbstractProcessorLight.process(AbstractProcessorLight.java:63)
	at org.apache.coyote.AbstractProtocol$ConnectionHandler.process(AbstractProtocol.java:896)
	at org.apache.tomcat.util.net.NioEndpoint$SocketProcessor.doRun(NioEndpoint.java:1736)
	at org.apache.tomcat.util.net.SocketProcessorBase.run(SocketProcessorBase.java:52)
	at org.apache.tomcat.util.threads.ThreadPoolExecutor.runWorker(ThreadPoolExecutor.java:1191)
	at org.apache.tomcat.util.threads.ThreadPoolExecutor$Worker.run(ThreadPoolExecutor.java:659)
	at org.apache.tomcat.util.threads.TaskThread$WrappingRunnable.run(TaskThread.java:63)
	at java.base/java.lang.Thread.run(Thread.java:1575)
2026-07-29 21:17:01.131 [background-preinit] INFO  o.h.validator.internal.util.Version [,] - HV000001: Hibernate Validator 8.0.1.Final
2026-07-29 21:17:01.168 [main] INFO  c.b.BuildingManagerNetworkApiApplicationTests [,] - Starting BuildingManagerNetworkApiApplicationTests using Java 21.0.5 with PID 7780 (started by FotisPamp in C:\Users\FotisPamp\Documents\GitHub\building-manager-network)
2026-07-29 21:17:01.169 [main] INFO  c.b.BuildingManagerNetworkApiApplicationTests [,] - The following 1 profile is active: "dev"
2026-07-29 21:17:03.647 [main] INFO  o.s.d.r.c.RepositoryConfigurationDelegate [,] - Bootstrapping Spring Data JPA repositories in DEFAULT mode.
2026-07-29 21:17:03.772 [main] INFO  o.s.d.r.c.RepositoryConfigurationDelegate [,] - Finished Spring Data repository scanning in 119 ms. Found 28 JPA repository interfaces.
2026-07-29 21:17:05.550 [main] INFO  o.h.jpa.internal.util.LogHelper [,] - HHH000204: Processing PersistenceUnitInfo [name: default]
2026-07-29 21:17:05.782 [main] INFO  org.hibernate.Version [,] - HHH000412: Hibernate ORM core version 6.4.4.Final
2026-07-29 21:17:05.837 [main] INFO  o.h.c.i.RegionFactoryInitiator [,] - HHH000026: Second-level cache disabled
2026-07-29 21:17:05.969 [main] INFO  o.s.o.j.p.SpringPersistenceUnitInfo [,] - No LoadTimeWeaver setup: ignoring JPA class transformer
2026-07-29 21:17:05.996 [main] INFO  com.zaxxer.hikari.HikariDataSource [,] - HikariPool-1 - Starting...
2026-07-29 21:17:06.099 [main] INFO  com.zaxxer.hikari.pool.HikariPool [,] - HikariPool-1 - Added connection org.postgresql.jdbc.PgConnection@1b4bc7b9
2026-07-29 21:17:06.101 [main] INFO  com.zaxxer.hikari.HikariDataSource [,] - HikariPool-1 - Start completed.
2026-07-29 21:17:06.129 [main] WARN  org.hibernate.orm.deprecation [,] - HHH90000025: PostgreSQLDialect does not need to be specified explicitly using 'hibernate.dialect' (remove the property setting and it will be selected by default)
2026-07-29 21:17:07.610 [main] INFO  o.h.e.t.j.p.i.JtaPlatformInitiator [,] - HHH000489: No JTA platform available (set 'hibernate.transaction.jta.platform' to enable JTA platform integration)
2026-07-29 21:17:07.945 [main] INFO  o.s.o.j.LocalContainerEntityManagerFactoryBean [,] - Initialized JPA EntityManagerFactory for persistence unit 'default'
2026-07-29 21:17:08.583 [main] INFO  o.s.d.j.r.query.QueryEnhancerFactory [,] - Hibernate is in classpath; If applicable, HQL parser will be used.
2026-07-29 21:17:12.186 [main] WARN  o.s.b.a.o.j.JpaBaseConfiguration$JpaWebConfiguration [,] - spring.jpa.open-in-view is enabled by default. Therefore, database queries may be performed during view rendering. Explicitly configure spring.jpa.open-in-view to disable this warning
2026-07-29 21:17:12.923 [main] INFO  o.s.b.a.e.web.EndpointLinksResolver [,] - Exposing 3 endpoint(s) beneath base path '/actuator'
2026-07-29 21:17:12.995 [main] INFO  o.s.s.web.DefaultSecurityFilterChain [,] - Will secure any request with [org.springframework.security.web.session.DisableEncodeUrlFilter@7dc02e85, org.springframework.security.web.context.request.async.WebAsyncManagerIntegrationFilter@2e096cb7, org.springframework.security.web.context.SecurityContextHolderFilter@19ce509a, org.springframework.security.web.header.HeaderWriterFilter@44a7b0fb, org.springframework.web.filter.CorsFilter@32007f5, org.springframework.security.web.authentication.logout.LogoutFilter@40e4a604, com.buildingmanager.security.JwtFilter@139a3241, org.springframework.security.web.savedrequest.RequestCacheAwareFilter@3a6b8171, org.springframework.security.web.servletapi.SecurityContextHolderAwareRequestFilter@b2059aa, org.springframework.security.web.authentication.AnonymousAuthenticationFilter@45fa90fc, org.springframework.security.web.session.SessionManagementFilter@24708741, org.springframework.security.web.access.ExceptionTranslationFilter@6a958e06, org.springframework.security.web.access.intercept.AuthorizationFilter@7482d26a]
2026-07-29 21:17:13.652 [main] INFO  c.b.BuildingManagerNetworkApiApplicationTests [,] - Started BuildingManagerNetworkApiApplicationTests in 12.847 seconds (process running for 15.424)
2026-07-29 21:17:14.245 [main] INFO  o.s.mock.web.MockServletContext [,] - Initializing Spring TestDispatcherServlet ''
2026-07-29 21:17:14.245 [main] INFO  o.s.t.w.s.TestDispatcherServlet [,] - Initializing Servlet ''
2026-07-29 21:17:14.246 [main] INFO  o.s.t.w.s.TestDispatcherServlet [,] - Completed initialization in 1 ms
2026-07-29 21:17:14.325 [main] INFO  o.s.mock.web.MockServletContext [,] - Initializing Spring TestDispatcherServlet ''
2026-07-29 21:17:14.326 [main] INFO  o.s.t.w.s.TestDispatcherServlet [,] - Initializing Servlet ''
2026-07-29 21:17:14.326 [main] INFO  o.s.t.w.s.TestDispatcherServlet [,] - Completed initialization in 0 ms
2026-07-29 21:17:14.460 [main] INFO  o.s.mock.web.MockServletContext [,] - Initializing Spring TestDispatcherServlet ''
2026-07-29 21:17:14.461 [main] INFO  o.s.t.w.s.TestDispatcherServlet [,] - Initializing Servlet ''
2026-07-29 21:17:14.461 [main] INFO  o.s.t.w.s.TestDispatcherServlet [,] - Completed initialization in 0 ms
2026-07-29 21:17:14.487 [main] INFO  o.s.mock.web.MockServletContext [,] - Initializing Spring TestDispatcherServlet ''
2026-07-29 21:17:14.488 [main] INFO  o.s.t.w.s.TestDispatcherServlet [,] - Initializing Servlet ''
2026-07-29 21:17:14.488 [main] INFO  o.s.t.w.s.TestDispatcherServlet [,] - Completed initialization in 0 ms
2026-07-29 21:17:14.514 [main] INFO  o.s.mock.web.MockServletContext [,] - Initializing Spring TestDispatcherServlet ''
2026-07-29 21:17:14.514 [main] INFO  o.s.t.w.s.TestDispatcherServlet [,] - Initializing Servlet ''
2026-07-29 21:17:14.515 [main] INFO  o.s.t.w.s.TestDispatcherServlet [,] - Completed initialization in 1 ms
2026-07-29 21:17:14.526 [main] INFO  o.s.mock.web.MockServletContext [,] - Initializing Spring TestDispatcherServlet ''
2026-07-29 21:17:14.526 [main] INFO  o.s.t.w.s.TestDispatcherServlet [,] - Initializing Servlet ''
2026-07-29 21:17:14.526 [main] INFO  o.s.t.w.s.TestDispatcherServlet [,] - Completed initialization in 0 ms
2026-07-29 21:17:14.539 [main] INFO  o.s.mock.web.MockServletContext [,] - Initializing Spring TestDispatcherServlet ''
2026-07-29 21:17:14.539 [main] INFO  o.s.t.w.s.TestDispatcherServlet [,] - Initializing Servlet ''
2026-07-29 21:17:14.539 [main] INFO  o.s.t.w.s.TestDispatcherServlet [,] - Completed initialization in 0 ms
2026-07-29 21:17:14.558 [main] INFO  o.s.mock.web.MockServletContext [,] - Initializing Spring TestDispatcherServlet ''
2026-07-29 21:17:14.558 [main] INFO  o.s.t.w.s.TestDispatcherServlet [,] - Initializing Servlet ''
2026-07-29 21:17:14.558 [main] INFO  o.s.t.w.s.TestDispatcherServlet [,] - Completed initialization in 0 ms
2026-07-29 21:17:14.575 [main] INFO  o.s.mock.web.MockServletContext [,] - Initializing Spring TestDispatcherServlet ''
2026-07-29 21:17:14.575 [main] INFO  o.s.t.w.s.TestDispatcherServlet [,] - Initializing Servlet ''
2026-07-29 21:17:14.576 [main] INFO  o.s.t.w.s.TestDispatcherServlet [,] - Completed initialization in 1 ms
2026-07-29 21:17:14.599 [main] INFO  o.s.mock.web.MockServletContext [,] - Initializing Spring TestDispatcherServlet ''
2026-07-29 21:17:14.599 [main] INFO  o.s.t.w.s.TestDispatcherServlet [,] - Initializing Servlet ''
2026-07-29 21:17:14.599 [main] INFO  o.s.t.w.s.TestDispatcherServlet [,] - Completed initialization in 0 ms
2026-07-29 21:17:14.618 [main] INFO  o.s.mock.web.MockServletContext [,] - Initializing Spring TestDispatcherServlet ''
2026-07-29 21:17:14.618 [main] INFO  o.s.t.w.s.TestDispatcherServlet [,] - Initializing Servlet ''
2026-07-29 21:17:14.618 [main] INFO  o.s.t.w.s.TestDispatcherServlet [,] - Completed initialization in 0 ms
2026-07-29 21:17:16.173 [SpringApplicationShutdownHook] INFO  o.s.o.j.LocalContainerEntityManagerFactoryBean [,] - Closing JPA EntityManagerFactory for persistence unit 'default'
2026-07-29 21:17:16.176 [SpringApplicationShutdownHook] INFO  com.zaxxer.hikari.HikariDataSource [,] - HikariPool-1 - Shutdown initiated...
2026-07-29 21:17:16.178 [SpringApplicationShutdownHook] INFO  com.zaxxer.hikari.HikariDataSource [,] - HikariPool-1 - Shutdown completed.
2026-07-29 21:17:36.267 [background-preinit] INFO  o.h.validator.internal.util.Version [,] - HV000001: Hibernate Validator 8.0.1.Final
2026-07-29 21:17:36.303 [main] INFO  c.b.BuildingManagerNetworkApiApplicationTests [,] - Starting BuildingManagerNetworkApiApplicationTests using Java 21.0.5 with PID 8844 (started by FotisPamp in C:\Users\FotisPamp\Documents\GitHub\building-manager-network)
2026-07-29 21:17:36.304 [main] INFO  c.b.BuildingManagerNetworkApiApplicationTests [,] - The following 1 profile is active: "dev"
2026-07-29 21:17:38.140 [main] INFO  o.s.d.r.c.RepositoryConfigurationDelegate [,] - Bootstrapping Spring Data JPA repositories in DEFAULT mode.
2026-07-29 21:17:38.264 [main] INFO  o.s.d.r.c.RepositoryConfigurationDelegate [,] - Finished Spring Data repository scanning in 117 ms. Found 28 JPA repository interfaces.
2026-07-29 21:17:39.951 [main] INFO  o.h.jpa.internal.util.LogHelper [,] - HHH000204: Processing PersistenceUnitInfo [name: default]
2026-07-29 21:17:40.163 [main] INFO  org.hibernate.Version [,] - HHH000412: Hibernate ORM core version 6.4.4.Final
2026-07-29 21:17:40.260 [main] INFO  o.h.c.i.RegionFactoryInitiator [,] - HHH000026: Second-level cache disabled
2026-07-29 21:17:40.377 [main] INFO  o.s.o.j.p.SpringPersistenceUnitInfo [,] - No LoadTimeWeaver setup: ignoring JPA class transformer
2026-07-29 21:17:40.402 [main] INFO  com.zaxxer.hikari.HikariDataSource [,] - HikariPool-1 - Starting...
2026-07-29 21:17:40.503 [main] INFO  com.zaxxer.hikari.pool.HikariPool [,] - HikariPool-1 - Added connection org.postgresql.jdbc.PgConnection@538fb761
2026-07-29 21:17:40.504 [main] INFO  com.zaxxer.hikari.HikariDataSource [,] - HikariPool-1 - Start completed.
2026-07-29 21:17:40.532 [main] WARN  org.hibernate.orm.deprecation [,] - HHH90000025: PostgreSQLDialect does not need to be specified explicitly using 'hibernate.dialect' (remove the property setting and it will be selected by default)
2026-07-29 21:17:42.078 [main] INFO  o.h.e.t.j.p.i.JtaPlatformInitiator [,] - HHH000489: No JTA platform available (set 'hibernate.transaction.jta.platform' to enable JTA platform integration)
2026-07-29 21:17:42.411 [main] INFO  o.s.o.j.LocalContainerEntityManagerFactoryBean [,] - Initialized JPA EntityManagerFactory for persistence unit 'default'
2026-07-29 21:17:43.017 [main] INFO  o.s.d.j.r.query.QueryEnhancerFactory [,] - Hibernate is in classpath; If applicable, HQL parser will be used.
2026-07-29 21:17:46.715 [main] WARN  o.s.b.a.o.j.JpaBaseConfiguration$JpaWebConfiguration [,] - spring.jpa.open-in-view is enabled by default. Therefore, database queries may be performed during view rendering. Explicitly configure spring.jpa.open-in-view to disable this warning
2026-07-29 21:17:47.351 [main] INFO  o.s.b.a.e.web.EndpointLinksResolver [,] - Exposing 3 endpoint(s) beneath base path '/actuator'
2026-07-29 21:17:47.419 [main] INFO  o.s.s.web.DefaultSecurityFilterChain [,] - Will secure any request with [org.springframework.security.web.session.DisableEncodeUrlFilter@66f9dc13, org.springframework.security.web.context.request.async.WebAsyncManagerIntegrationFilter@1db1f65e, org.springframework.security.web.context.SecurityContextHolderFilter@1471aa39, org.springframework.security.web.header.HeaderWriterFilter@8c79275, org.springframework.web.filter.CorsFilter@53d02c29, org.springframework.security.web.authentication.logout.LogoutFilter@7540ce95, com.buildingmanager.security.JwtFilter@71baf9e3, org.springframework.security.web.savedrequest.RequestCacheAwareFilter@614827fb, org.springframework.security.web.servletapi.SecurityContextHolderAwareRequestFilter@2fbe071f, org.springframework.security.web.authentication.AnonymousAuthenticationFilter@4ffe4b98, org.springframework.security.web.session.SessionManagementFilter@6d0e8e8e, org.springframework.security.web.access.ExceptionTranslationFilter@2d4bca23, org.springframework.security.web.access.intercept.AuthorizationFilter@699af4b7]
2026-07-29 21:17:48.047 [main] INFO  c.b.BuildingManagerNetworkApiApplicationTests [,] - Started BuildingManagerNetworkApiApplicationTests in 12.094 seconds (process running for 14.649)
2026-07-29 21:17:48.725 [main] INFO  o.s.mock.web.MockServletContext [,] - Initializing Spring TestDispatcherServlet ''
2026-07-29 21:17:48.726 [main] INFO  o.s.t.w.s.TestDispatcherServlet [,] - Initializing Servlet ''
2026-07-29 21:17:48.726 [main] INFO  o.s.t.w.s.TestDispatcherServlet [,] - Completed initialization in 0 ms
2026-07-29 21:17:48.813 [main] INFO  o.s.mock.web.MockServletContext [,] - Initializing Spring TestDispatcherServlet ''
2026-07-29 21:17:48.813 [main] INFO  o.s.t.w.s.TestDispatcherServlet [,] - Initializing Servlet ''
2026-07-29 21:17:48.813 [main] INFO  o.s.t.w.s.TestDispatcherServlet [,] - Completed initialization in 0 ms
2026-07-29 21:17:48.959 [main] INFO  o.s.mock.web.MockServletContext [,] - Initializing Spring TestDispatcherServlet ''
2026-07-29 21:17:48.959 [main] INFO  o.s.t.w.s.TestDispatcherServlet [,] - Initializing Servlet ''
2026-07-29 21:17:48.959 [main] INFO  o.s.t.w.s.TestDispatcherServlet [,] - Completed initialization in 0 ms
2026-07-29 21:17:48.987 [main] INFO  o.s.mock.web.MockServletContext [,] - Initializing Spring TestDispatcherServlet ''
2026-07-29 21:17:48.988 [main] INFO  o.s.t.w.s.TestDispatcherServlet [,] - Initializing Servlet ''
2026-07-29 21:17:48.988 [main] INFO  o.s.t.w.s.TestDispatcherServlet [,] - Completed initialization in 0 ms
2026-07-29 21:17:49.010 [main] INFO  o.s.mock.web.MockServletContext [,] - Initializing Spring TestDispatcherServlet ''
2026-07-29 21:17:49.010 [main] INFO  o.s.t.w.s.TestDispatcherServlet [,] - Initializing Servlet ''
2026-07-29 21:17:49.010 [main] INFO  o.s.t.w.s.TestDispatcherServlet [,] - Completed initialization in 0 ms
2026-07-29 21:17:49.019 [main] INFO  o.s.mock.web.MockServletContext [,] - Initializing Spring TestDispatcherServlet ''
2026-07-29 21:17:49.019 [main] INFO  o.s.t.w.s.TestDispatcherServlet [,] - Initializing Servlet ''
2026-07-29 21:17:49.019 [main] INFO  o.s.t.w.s.TestDispatcherServlet [,] - Completed initialization in 0 ms
2026-07-29 21:17:49.032 [main] INFO  o.s.mock.web.MockServletContext [,] - Initializing Spring TestDispatcherServlet ''
2026-07-29 21:17:49.032 [main] INFO  o.s.t.w.s.TestDispatcherServlet [,] - Initializing Servlet ''
2026-07-29 21:17:49.033 [main] INFO  o.s.t.w.s.TestDispatcherServlet [,] - Completed initialization in 0 ms
2026-07-29 21:17:49.050 [main] INFO  o.s.mock.web.MockServletContext [,] - Initializing Spring TestDispatcherServlet ''
2026-07-29 21:17:49.050 [main] INFO  o.s.t.w.s.TestDispatcherServlet [,] - Initializing Servlet ''
2026-07-29 21:17:49.050 [main] INFO  o.s.t.w.s.TestDispatcherServlet [,] - Completed initialization in 0 ms
2026-07-29 21:17:49.068 [main] INFO  o.s.mock.web.MockServletContext [,] - Initializing Spring TestDispatcherServlet ''
2026-07-29 21:17:49.068 [main] INFO  o.s.t.w.s.TestDispatcherServlet [,] - Initializing Servlet ''
2026-07-29 21:17:49.069 [main] INFO  o.s.t.w.s.TestDispatcherServlet [,] - Completed initialization in 1 ms
2026-07-29 21:17:49.090 [main] INFO  o.s.mock.web.MockServletContext [,] - Initializing Spring TestDispatcherServlet ''
2026-07-29 21:17:49.090 [main] INFO  o.s.t.w.s.TestDispatcherServlet [,] - Initializing Servlet ''
2026-07-29 21:17:49.090 [main] INFO  o.s.t.w.s.TestDispatcherServlet [,] - Completed initialization in 0 ms
2026-07-29 21:17:49.106 [main] INFO  o.s.mock.web.MockServletContext [,] - Initializing Spring TestDispatcherServlet ''
2026-07-29 21:17:49.106 [main] INFO  o.s.t.w.s.TestDispatcherServlet [,] - Initializing Servlet ''
2026-07-29 21:17:49.106 [main] INFO  o.s.t.w.s.TestDispatcherServlet [,] - Completed initialization in 0 ms
2026-07-29 21:17:50.642 [SpringApplicationShutdownHook] INFO  o.s.o.j.LocalContainerEntityManagerFactoryBean [,] - Closing JPA EntityManagerFactory for persistence unit 'default'
2026-07-29 21:17:50.644 [SpringApplicationShutdownHook] INFO  com.zaxxer.hikari.HikariDataSource [,] - HikariPool-1 - Shutdown initiated...
2026-07-29 21:17:50.646 [SpringApplicationShutdownHook] INFO  com.zaxxer.hikari.HikariDataSource [,] - HikariPool-1 - Shutdown completed.
2026-07-29 21:26:48.657 [SpringApplicationShutdownHook] INFO  o.s.o.j.LocalContainerEntityManagerFactoryBean [,] - Closing JPA EntityManagerFactory for persistence unit 'default'
2026-07-29 21:26:48.659 [SpringApplicationShutdownHook] INFO  com.zaxxer.hikari.HikariDataSource [,] - HikariPool-1 - Shutdown initiated...
2026-07-29 21:26:48.661 [SpringApplicationShutdownHook] INFO  com.zaxxer.hikari.HikariDataSource [,] - HikariPool-1 - Shutdown completed.
2026-07-29 21:26:54.880 [background-preinit] INFO  o.h.validator.internal.util.Version [,] - HV000001: Hibernate Validator 8.0.1.Final
2026-07-29 21:26:54.904 [main] INFO  c.b.BuildingManagerNetworkApiApplication [,] - Starting BuildingManagerNetworkApiApplication using Java 23.0.2 with PID 26628 (C:\Users\FotisPamp\Documents\GitHub\building-manager-network\target\classes started by FotisPamp in C:\Users\FotisPamp\Documents\GitHub\building-manager-network)
2026-07-29 21:26:54.905 [main] INFO  c.b.BuildingManagerNetworkApiApplication [,] - The following 1 profile is active: "dev"
2026-07-29 21:26:55.524 [main] INFO  o.s.d.r.c.RepositoryConfigurationDelegate [,] - Bootstrapping Spring Data JPA repositories in DEFAULT mode.
2026-07-29 21:26:55.622 [main] INFO  o.s.d.r.c.RepositoryConfigurationDelegate [,] - Finished Spring Data repository scanning in 88 ms. Found 28 JPA repository interfaces.
2026-07-29 21:26:56.471 [main] INFO  o.s.b.w.e.tomcat.TomcatWebServer [,] - Tomcat initialized with port 8080 (http)
2026-07-29 21:26:56.477 [main] INFO  o.a.coyote.http11.Http11NioProtocol [,] - Initializing ProtocolHandler ["http-nio-8080"]
2026-07-29 21:26:56.478 [main] INFO  o.a.catalina.core.StandardService [,] - Starting service [Tomcat]
2026-07-29 21:26:56.478 [main] INFO  o.a.catalina.core.StandardEngine [,] - Starting Servlet engine: [Apache Tomcat/10.1.20]
2026-07-29 21:26:56.520 [main] INFO  o.a.c.c.C.[Tomcat].[localhost].[/] [,] - Initializing Spring embedded WebApplicationContext
2026-07-29 21:26:56.520 [main] INFO  o.s.b.w.s.c.ServletWebServerApplicationContext [,] - Root WebApplicationContext: initialization completed in 1564 ms
2026-07-29 21:26:56.869 [main] INFO  o.h.jpa.internal.util.LogHelper [,] - HHH000204: Processing PersistenceUnitInfo [name: default]
2026-07-29 21:26:56.909 [main] INFO  org.hibernate.Version [,] - HHH000412: Hibernate ORM core version 6.4.4.Final
2026-07-29 21:26:56.931 [main] INFO  o.h.c.i.RegionFactoryInitiator [,] - HHH000026: Second-level cache disabled
2026-07-29 21:26:57.088 [main] INFO  o.s.o.j.p.SpringPersistenceUnitInfo [,] - No LoadTimeWeaver setup: ignoring JPA class transformer
2026-07-29 21:26:57.107 [main] INFO  com.zaxxer.hikari.HikariDataSource [,] - HikariPool-1 - Starting...
2026-07-29 21:26:57.202 [main] INFO  com.zaxxer.hikari.pool.HikariPool [,] - HikariPool-1 - Added connection org.postgresql.jdbc.PgConnection@27234b7c
2026-07-29 21:26:57.203 [main] INFO  com.zaxxer.hikari.HikariDataSource [,] - HikariPool-1 - Start completed.
2026-07-29 21:26:57.229 [main] WARN  org.hibernate.orm.deprecation [,] - HHH90000025: PostgreSQLDialect does not need to be specified explicitly using 'hibernate.dialect' (remove the property setting and it will be selected by default)
2026-07-29 21:26:58.436 [main] INFO  o.h.e.t.j.p.i.JtaPlatformInitiator [,] - HHH000489: No JTA platform available (set 'hibernate.transaction.jta.platform' to enable JTA platform integration)
2026-07-29 21:26:58.722 [main] INFO  o.s.o.j.LocalContainerEntityManagerFactoryBean [,] - Initialized JPA EntityManagerFactory for persistence unit 'default'
2026-07-29 21:26:58.980 [main] INFO  o.s.d.j.r.query.QueryEnhancerFactory [,] - Hibernate is in classpath; If applicable, HQL parser will be used.
2026-07-29 21:27:01.415 [main] WARN  o.s.b.a.o.j.JpaBaseConfiguration$JpaWebConfiguration [,] - spring.jpa.open-in-view is enabled by default. Therefore, database queries may be performed during view rendering. Explicitly configure spring.jpa.open-in-view to disable this warning
2026-07-29 21:27:01.801 [main] INFO  o.s.b.a.e.web.EndpointLinksResolver [,] - Exposing 4 endpoint(s) beneath base path '/actuator'
2026-07-29 21:27:01.877 [main] INFO  o.s.s.web.DefaultSecurityFilterChain [,] - Will secure any request with [org.springframework.security.web.session.DisableEncodeUrlFilter@2d410ec7, org.springframework.security.web.context.request.async.WebAsyncManagerIntegrationFilter@62783d21, org.springframework.security.web.context.SecurityContextHolderFilter@60ef736c, org.springframework.security.web.header.HeaderWriterFilter@46fef13b, org.springframework.web.filter.CorsFilter@2a20a1da, org.springframework.security.web.authentication.logout.LogoutFilter@77928ca9, com.buildingmanager.security.JwtFilter@23a24fea, org.springframework.security.web.savedrequest.RequestCacheAwareFilter@37a380b6, org.springframework.security.web.servletapi.SecurityContextHolderAwareRequestFilter@12d67b88, org.springframework.security.web.authentication.AnonymousAuthenticationFilter@40f1642b, org.springframework.security.web.session.SessionManagementFilter@23406705, org.springframework.security.web.access.ExceptionTranslationFilter@d59065b, org.springframework.security.web.access.intercept.AuthorizationFilter@1800ef93]
2026-07-29 21:27:02.452 [main] INFO  o.a.coyote.http11.Http11NioProtocol [,] - Starting ProtocolHandler ["http-nio-8080"]
2026-07-29 21:27:02.466 [main] INFO  o.s.b.w.e.tomcat.TomcatWebServer [,] - Tomcat started on port 8080 (http) with context path ''
2026-07-29 21:27:02.479 [main] INFO  c.b.BuildingManagerNetworkApiApplication [,] - Started BuildingManagerNetworkApiApplication in 7.97 seconds (process running for 8.407)
2026-07-29 21:27:03.046 [RMI TCP Connection(3)-192.168.1.9] INFO  o.a.c.c.C.[Tomcat].[localhost].[/] [,] - Initializing Spring DispatcherServlet 'dispatcherServlet'
2026-07-29 21:27:03.047 [RMI TCP Connection(3)-192.168.1.9] INFO  o.s.web.servlet.DispatcherServlet [,] - Initializing Servlet 'dispatcherServlet'
2026-07-29 21:27:03.049 [RMI TCP Connection(3)-192.168.1.9] INFO  o.s.web.servlet.DispatcherServlet [,] - Completed initialization in 1 ms
2026-07-29 21:27:13.135 [http-nio-8080-exec-3] ERROR c.b.handler.GlobalExceptionHandler [6a6a460059149bf3d9b5066681aa633b,8880341f39651e3c] - Unhandled exception
org.springframework.dao.InvalidDataAccessApiUsageException: Cannot instantiate class 'com.buildingmanager.payment.PaymentDTO' (it has no constructor with signature [java.lang.Integer, java.lang.String, java.math.BigDecimal, java.time.LocalDateTime, com.buildingmanager.payment.PaymentMethod, java.lang.String, java.lang.Integer, java.lang.Integer], and not every argument has an alias)
	at org.springframework.orm.jpa.EntityManagerFactoryUtils.convertJpaAccessExceptionIfPossible(EntityManagerFactoryUtils.java:368)
	at org.springframework.orm.jpa.vendor.HibernateJpaDialect.translateExceptionIfPossible(HibernateJpaDialect.java:246)
	at org.springframework.orm.jpa.AbstractEntityManagerFactoryBean.translateExceptionIfPossible(AbstractEntityManagerFactoryBean.java:550)
	at org.springframework.dao.support.ChainedPersistenceExceptionTranslator.translateExceptionIfPossible(ChainedPersistenceExceptionTranslator.java:61)
	at org.springframework.dao.support.DataAccessUtils.translateIfNecessary(DataAccessUtils.java:335)
	at org.springframework.dao.support.PersistenceExceptionTranslationInterceptor.invoke(PersistenceExceptionTranslationInterceptor.java:152)
	at org.springframework.aop.framework.ReflectiveMethodInvocation.proceed(ReflectiveMethodInvocation.java:184)
	at org.springframework.data.jpa.repository.support.CrudMethodMetadataPostProcessor$CrudMethodMetadataPopulatingMethodInterceptor.invoke(CrudMethodMetadataPostProcessor.java:135)
	at org.springframework.aop.framework.ReflectiveMethodInvocation.proceed(ReflectiveMethodInvocation.java:184)
	at org.springframework.aop.interceptor.ExposeInvocationInterceptor.invoke(ExposeInvocationInterceptor.java:97)
	at org.springframework.aop.framework.ReflectiveMethodInvocation.proceed(ReflectiveMethodInvocation.java:184)
	at org.springframework.aop.framework.JdkDynamicAopProxy.invoke(JdkDynamicAopProxy.java:223)
	at jdk.proxy2/jdk.proxy2.$Proxy213.findRecentByBuilding(Unknown Source)
	at com.buildingmanager.finance.FinanceService.getBuildingFinance(FinanceService.java:78)
	at com.buildingmanager.finance.FinanceController.getMyBuildingFinance(FinanceController.java:37)
	at java.base/jdk.internal.reflect.DirectMethodHandleAccessor.invoke(DirectMethodHandleAccessor.java:103)
	at java.base/java.lang.reflect.Method.invoke(Method.java:580)
	at org.springframework.web.method.support.InvocableHandlerMethod.doInvoke(InvocableHandlerMethod.java:255)
	at org.springframework.web.method.support.InvocableHandlerMethod.invokeForRequest(InvocableHandlerMethod.java:188)
	at org.springframework.web.servlet.mvc.method.annotation.ServletInvocableHandlerMethod.invokeAndHandle(ServletInvocableHandlerMethod.java:118)
	at org.springframework.web.servlet.mvc.method.annotation.RequestMappingHandlerAdapter.invokeHandlerMethod(RequestMappingHandlerAdapter.java:926)
	at org.springframework.web.servlet.mvc.method.annotation.RequestMappingHandlerAdapter.handleInternal(RequestMappingHandlerAdapter.java:831)
	at org.springframework.web.servlet.mvc.method.AbstractHandlerMethodAdapter.handle(AbstractHandlerMethodAdapter.java:87)
	at org.springframework.web.servlet.DispatcherServlet.doDispatch(DispatcherServlet.java:1089)
	at org.springframework.web.servlet.DispatcherServlet.doService(DispatcherServlet.java:979)
	at org.springframework.web.servlet.FrameworkServlet.processRequest(FrameworkServlet.java:1014)
	at org.springframework.web.servlet.FrameworkServlet.doGet(FrameworkServlet.java:903)
	at jakarta.servlet.http.HttpServlet.service(HttpServlet.java:564)
	at org.springframework.web.servlet.FrameworkServlet.service(FrameworkServlet.java:885)
	at jakarta.servlet.http.HttpServlet.service(HttpServlet.java:658)
	at org.apache.catalina.core.ApplicationFilterChain.internalDoFilter(ApplicationFilterChain.java:206)
	at org.apache.catalina.core.ApplicationFilterChain.doFilter(ApplicationFilterChain.java:150)
	at org.apache.tomcat.websocket.server.WsFilter.doFilter(WsFilter.java:51)
	at org.apache.catalina.core.ApplicationFilterChain.internalDoFilter(ApplicationFilterChain.java:175)
	at org.apache.catalina.core.ApplicationFilterChain.doFilter(ApplicationFilterChain.java:150)
	at org.springframework.web.filter.CorsFilter.doFilterInternal(CorsFilter.java:91)
	at org.springframework.web.filter.OncePerRequestFilter.doFilter(OncePerRequestFilter.java:116)
	at org.apache.catalina.core.ApplicationFilterChain.internalDoFilter(ApplicationFilterChain.java:175)
	at org.apache.catalina.core.ApplicationFilterChain.doFilter(ApplicationFilterChain.java:150)
	at org.springframework.web.filter.OncePerRequestFilter.doFilter(OncePerRequestFilter.java:110)
	at org.apache.catalina.core.ApplicationFilterChain.internalDoFilter(ApplicationFilterChain.java:175)
	at org.apache.catalina.core.ApplicationFilterChain.doFilter(ApplicationFilterChain.java:150)
	at org.springframework.web.filter.CompositeFilter$VirtualFilterChain.doFilter(CompositeFilter.java:108)
	at org.springframework.security.web.FilterChainProxy.lambda$doFilterInternal$3(FilterChainProxy.java:231)
	at org.springframework.security.web.ObservationFilterChainDecorator$FilterObservation$SimpleFilterObservation.lambda$wrap$1(ObservationFilterChainDecorator.java:479)
	at org.springframework.security.web.ObservationFilterChainDecorator$AroundFilterObservation$SimpleAroundFilterObservation.lambda$wrap$1(ObservationFilterChainDecorator.java:340)
	at org.springframework.security.web.ObservationFilterChainDecorator.lambda$wrapSecured$0(ObservationFilterChainDecorator.java:82)
	at org.springframework.security.web.ObservationFilterChainDecorator$VirtualFilterChain.doFilter(ObservationFilterChainDecorator.java:128)
	at org.springframework.security.web.access.intercept.AuthorizationFilter.doFilter(AuthorizationFilter.java:100)
	at org.springframework.security.web.ObservationFilterChainDecorator$ObservationFilter.wrapFilter(ObservationFilterChainDecorator.java:240)
	at org.springframework.security.web.ObservationFilterChainDecorator$ObservationFilter.doFilter(ObservationFilterChainDecorator.java:227)
	at org.springframework.security.web.ObservationFilterChainDecorator$VirtualFilterChain.doFilter(ObservationFilterChainDecorator.java:137)
	at org.springframework.security.web.access.ExceptionTranslationFilter.doFilter(ExceptionTranslationFilter.java:126)
	at org.springframework.security.web.access.ExceptionTranslationFilter.doFilter(ExceptionTranslationFilter.java:120)
	at org.springframework.security.web.ObservationFilterChainDecorator$ObservationFilter.wrapFilter(ObservationFilterChainDecorator.java:240)
	at org.springframework.security.web.ObservationFilterChainDecorator$ObservationFilter.doFilter(ObservationFilterChainDecorator.java:227)
	at org.springframework.security.web.ObservationFilterChainDecorator$VirtualFilterChain.doFilter(ObservationFilterChainDecorator.java:137)
	at org.springframework.security.web.session.SessionManagementFilter.doFilter(SessionManagementFilter.java:131)
	at org.springframework.security.web.session.SessionManagementFilter.doFilter(SessionManagementFilter.java:85)
	at org.springframework.security.web.ObservationFilterChainDecorator$ObservationFilter.wrapFilter(ObservationFilterChainDecorator.java:240)
	at org.springframework.security.web.ObservationFilterChainDecorator$ObservationFilter.doFilter(ObservationFilterChainDecorator.java:227)
	at org.springframework.security.web.ObservationFilterChainDecorator$VirtualFilterChain.doFilter(ObservationFilterChainDecorator.java:137)
	at org.springframework.security.web.authentication.AnonymousAuthenticationFilter.doFilter(AnonymousAuthenticationFilter.java:100)
	at org.springframework.security.web.ObservationFilterChainDecorator$ObservationFilter.wrapFilter(ObservationFilterChainDecorator.java:240)
	at org.springframework.security.web.ObservationFilterChainDecorator$ObservationFilter.doFilter(ObservationFilterChainDecorator.java:227)
	at org.springframework.security.web.ObservationFilterChainDecorator$VirtualFilterChain.doFilter(ObservationFilterChainDecorator.java:137)
	at org.springframework.security.web.servletapi.SecurityContextHolderAwareRequestFilter.doFilter(SecurityContextHolderAwareRequestFilter.java:179)
	at org.springframework.security.web.ObservationFilterChainDecorator$ObservationFilter.wrapFilter(ObservationFilterChainDecorator.java:240)
	at org.springframework.security.web.ObservationFilterChainDecorator$ObservationFilter.doFilter(ObservationFilterChainDecorator.java:227)
	at org.springframework.security.web.ObservationFilterChainDecorator$VirtualFilterChain.doFilter(ObservationFilterChainDecorator.java:137)
	at org.springframework.security.web.savedrequest.RequestCacheAwareFilter.doFilter(RequestCacheAwareFilter.java:63)
	at org.springframework.security.web.ObservationFilterChainDecorator$ObservationFilter.wrapFilter(ObservationFilterChainDecorator.java:240)
	at org.springframework.security.web.ObservationFilterChainDecorator$ObservationFilter.doFilter(ObservationFilterChainDecorator.java:227)
	at org.springframework.security.web.ObservationFilterChainDecorator$VirtualFilterChain.doFilter(ObservationFilterChainDecorator.java:137)
	at com.buildingmanager.security.JwtFilter.doFilterInternal(JwtFilter.java:101)
	at org.springframework.web.filter.OncePerRequestFilter.doFilter(OncePerRequestFilter.java:116)
	at org.springframework.security.web.ObservationFilterChainDecorator$ObservationFilter.wrapFilter(ObservationFilterChainDecorator.java:240)
	at org.springframework.security.web.ObservationFilterChainDecorator$ObservationFilter.doFilter(ObservationFilterChainDecorator.java:227)
	at org.springframework.security.web.ObservationFilterChainDecorator$VirtualFilterChain.doFilter(ObservationFilterChainDecorator.java:137)
	at org.springframework.security.web.authentication.logout.LogoutFilter.doFilter(LogoutFilter.java:107)
	at org.springframework.security.web.authentication.logout.LogoutFilter.doFilter(LogoutFilter.java:93)
	at org.springframework.security.web.ObservationFilterChainDecorator$ObservationFilter.wrapFilter(ObservationFilterChainDecorator.java:240)
	at org.springframework.security.web.ObservationFilterChainDecorator$ObservationFilter.doFilter(ObservationFilterChainDecorator.java:227)
	at org.springframework.security.web.ObservationFilterChainDecorator$VirtualFilterChain.doFilter(ObservationFilterChainDecorator.java:137)
	at org.springframework.web.filter.CorsFilter.doFilterInternal(CorsFilter.java:91)
	at org.springframework.web.filter.OncePerRequestFilter.doFilter(OncePerRequestFilter.java:116)
	at org.springframework.security.web.ObservationFilterChainDecorator$ObservationFilter.wrapFilter(ObservationFilterChainDecorator.java:240)
	at org.springframework.security.web.ObservationFilterChainDecorator$ObservationFilter.doFilter(ObservationFilterChainDecorator.java:227)
	at org.springframework.security.web.ObservationFilterChainDecorator$VirtualFilterChain.doFilter(ObservationFilterChainDecorator.java:137)
	at org.springframework.security.web.header.HeaderWriterFilter.doHeadersAfter(HeaderWriterFilter.java:90)
	at org.springframework.security.web.header.HeaderWriterFilter.doFilterInternal(HeaderWriterFilter.java:75)
	at org.springframework.web.filter.OncePerRequestFilter.doFilter(OncePerRequestFilter.java:116)
	at org.springframework.security.web.ObservationFilterChainDecorator$ObservationFilter.wrapFilter(ObservationFilterChainDecorator.java:240)
	at org.springframework.security.web.ObservationFilterChainDecorator$ObservationFilter.doFilter(ObservationFilterChainDecorator.java:227)
	at org.springframework.security.web.ObservationFilterChainDecorator$VirtualFilterChain.doFilter(ObservationFilterChainDecorator.java:137)
	at org.springframework.security.web.context.SecurityContextHolderFilter.doFilter(SecurityContextHolderFilter.java:82)
	at org.springframework.security.web.context.SecurityContextHolderFilter.doFilter(SecurityContextHolderFilter.java:69)
	at org.springframework.security.web.ObservationFilterChainDecorator$ObservationFilter.wrapFilter(ObservationFilterChainDecorator.java:240)
	at org.springframework.security.web.ObservationFilterChainDecorator$ObservationFilter.doFilter(ObservationFilterChainDecorator.java:227)
	at org.springframework.security.web.ObservationFilterChainDecorator$VirtualFilterChain.doFilter(ObservationFilterChainDecorator.java:137)
	at org.springframework.security.web.context.request.async.WebAsyncManagerIntegrationFilter.doFilterInternal(WebAsyncManagerIntegrationFilter.java:62)
	at org.springframework.web.filter.OncePerRequestFilter.doFilter(OncePerRequestFilter.java:116)
	at org.springframework.security.web.ObservationFilterChainDecorator$ObservationFilter.wrapFilter(ObservationFilterChainDecorator.java:240)
	at org.springframework.security.web.ObservationFilterChainDecorator$ObservationFilter.doFilter(ObservationFilterChainDecorator.java:227)
	at org.springframework.security.web.ObservationFilterChainDecorator$VirtualFilterChain.doFilter(ObservationFilterChainDecorator.java:137)
	at org.springframework.security.web.session.DisableEncodeUrlFilter.doFilterInternal(DisableEncodeUrlFilter.java:42)
	at org.springframework.web.filter.OncePerRequestFilter.doFilter(OncePerRequestFilter.java:116)
	at org.springframework.security.web.ObservationFilterChainDecorator$ObservationFilter.wrapFilter(ObservationFilterChainDecorator.java:240)
	at org.springframework.security.web.ObservationFilterChainDecorator$AroundFilterObservation$SimpleAroundFilterObservation.lambda$wrap$0(ObservationFilterChainDecorator.java:323)
	at org.springframework.security.web.ObservationFilterChainDecorator$ObservationFilter.doFilter(ObservationFilterChainDecorator.java:224)
	at org.springframework.security.web.ObservationFilterChainDecorator$VirtualFilterChain.doFilter(ObservationFilterChainDecorator.java:137)
	at org.springframework.security.web.FilterChainProxy.doFilterInternal(FilterChainProxy.java:233)
	at org.springframework.security.web.FilterChainProxy.doFilter(FilterChainProxy.java:191)
	at org.springframework.web.filter.CompositeFilter$VirtualFilterChain.doFilter(CompositeFilter.java:113)
	at org.springframework.web.servlet.handler.HandlerMappingIntrospector.lambda$createCacheFilter$3(HandlerMappingIntrospector.java:195)
	at org.springframework.web.filter.CompositeFilter$VirtualFilterChain.doFilter(CompositeFilter.java:113)
	at org.springframework.web.filter.CompositeFilter.doFilter(CompositeFilter.java:74)
	at org.springframework.security.config.annotation.web.configuration.WebMvcSecurityConfiguration$CompositeFilterChainProxy.doFilter(WebMvcSecurityConfiguration.java:230)
	at org.springframework.web.filter.DelegatingFilterProxy.invokeDelegate(DelegatingFilterProxy.java:352)
	at org.springframework.web.filter.DelegatingFilterProxy.doFilter(DelegatingFilterProxy.java:268)
	at org.apache.catalina.core.ApplicationFilterChain.internalDoFilter(ApplicationFilterChain.java:175)
	at org.apache.catalina.core.ApplicationFilterChain.doFilter(ApplicationFilterChain.java:150)
	at org.springframework.web.filter.RequestContextFilter.doFilterInternal(RequestContextFilter.java:100)
	at org.springframework.web.filter.OncePerRequestFilter.doFilter(OncePerRequestFilter.java:116)
	at org.apache.catalina.core.ApplicationFilterChain.internalDoFilter(ApplicationFilterChain.java:175)
	at org.apache.catalina.core.ApplicationFilterChain.doFilter(ApplicationFilterChain.java:150)
	at org.springframework.web.filter.FormContentFilter.doFilterInternal(FormContentFilter.java:93)
	at org.springframework.web.filter.OncePerRequestFilter.doFilter(OncePerRequestFilter.java:116)
	at org.apache.catalina.core.ApplicationFilterChain.internalDoFilter(ApplicationFilterChain.java:175)
	at org.apache.catalina.core.ApplicationFilterChain.doFilter(ApplicationFilterChain.java:150)
	at org.springframework.web.filter.ServerHttpObservationFilter.doFilterInternal(ServerHttpObservationFilter.java:109)
	at org.springframework.web.filter.OncePerRequestFilter.doFilter(OncePerRequestFilter.java:116)
	at org.apache.catalina.core.ApplicationFilterChain.internalDoFilter(ApplicationFilterChain.java:175)
	at org.apache.catalina.core.ApplicationFilterChain.doFilter(ApplicationFilterChain.java:150)
	at org.springframework.web.filter.CharacterEncodingFilter.doFilterInternal(CharacterEncodingFilter.java:201)
	at org.springframework.web.filter.OncePerRequestFilter.doFilter(OncePerRequestFilter.java:116)
	at org.apache.catalina.core.ApplicationFilterChain.internalDoFilter(ApplicationFilterChain.java:175)
	at org.apache.catalina.core.ApplicationFilterChain.doFilter(ApplicationFilterChain.java:150)
	at org.apache.catalina.core.StandardWrapperValve.invoke(StandardWrapperValve.java:167)
	at org.apache.catalina.core.StandardContextValve.invoke(StandardContextValve.java:90)
	at org.apache.catalina.authenticator.AuthenticatorBase.invoke(AuthenticatorBase.java:482)
	at org.apache.catalina.core.StandardHostValve.invoke(StandardHostValve.java:115)
	at org.apache.catalina.valves.ErrorReportValve.invoke(ErrorReportValve.java:93)
	at org.apache.catalina.core.StandardEngineValve.invoke(StandardEngineValve.java:74)
	at org.apache.catalina.connector.CoyoteAdapter.service(CoyoteAdapter.java:344)
	at org.apache.coyote.http11.Http11Processor.service(Http11Processor.java:391)
	at org.apache.coyote.AbstractProcessorLight.process(AbstractProcessorLight.java:63)
	at org.apache.coyote.AbstractProtocol$ConnectionHandler.process(AbstractProtocol.java:896)
	at org.apache.tomcat.util.net.NioEndpoint$SocketProcessor.doRun(NioEndpoint.java:1736)
	at org.apache.tomcat.util.net.SocketProcessorBase.run(SocketProcessorBase.java:52)
	at org.apache.tomcat.util.threads.ThreadPoolExecutor.runWorker(ThreadPoolExecutor.java:1191)
	at org.apache.tomcat.util.threads.ThreadPoolExecutor$Worker.run(ThreadPoolExecutor.java:659)
	at org.apache.tomcat.util.threads.TaskThread$WrappingRunnable.run(TaskThread.java:63)
	at java.base/java.lang.Thread.run(Thread.java:1575)
Caused by: java.lang.IllegalStateException: Cannot instantiate class 'com.buildingmanager.payment.PaymentDTO' (it has no constructor with signature [java.lang.Integer, java.lang.String, java.math.BigDecimal, java.time.LocalDateTime, com.buildingmanager.payment.PaymentMethod, java.lang.String, java.lang.Integer, java.lang.Integer], and not every argument has an alias)
	at org.hibernate.sql.results.graph.instantiation.internal.DynamicInstantiationResultImpl.resolveAssembler(DynamicInstantiationResultImpl.java:201)
	at org.hibernate.sql.results.graph.instantiation.internal.DynamicInstantiationResultImpl.createResultAssembler(DynamicInstantiationResultImpl.java:107)
	at org.hibernate.sql.results.jdbc.internal.StandardJdbcValuesMapping.resolveAssemblers(StandardJdbcValuesMapping.java:53)
	at org.hibernate.sql.results.internal.ResultsHelper.createRowReader(ResultsHelper.java:77)
	at org.hibernate.sql.results.internal.ResultsHelper.createRowReader(ResultsHelper.java:62)
	at org.hibernate.sql.exec.internal.JdbcSelectExecutorStandardImpl.doExecuteQuery(JdbcSelectExecutorStandardImpl.java:188)
	at org.hibernate.sql.exec.internal.JdbcSelectExecutorStandardImpl.executeQuery(JdbcSelectExecutorStandardImpl.java:83)
	at org.hibernate.sql.exec.spi.JdbcSelectExecutor.list(JdbcSelectExecutor.java:76)
	at org.hibernate.sql.exec.spi.JdbcSelectExecutor.list(JdbcSelectExecutor.java:65)
	at org.hibernate.query.sqm.internal.ConcreteSqmSelectQueryPlan.lambda$new$2(ConcreteSqmSelectQueryPlan.java:137)
	at org.hibernate.query.sqm.internal.ConcreteSqmSelectQueryPlan.withCacheableSqmInterpretation(ConcreteSqmSelectQueryPlan.java:362)
	at org.hibernate.query.sqm.internal.ConcreteSqmSelectQueryPlan.performList(ConcreteSqmSelectQueryPlan.java:303)
	at org.hibernate.query.sqm.internal.QuerySqmImpl.doList(QuerySqmImpl.java:509)
	at org.hibernate.query.spi.AbstractSelectionQuery.list(AbstractSelectionQuery.java:427)
	at org.hibernate.query.Query.getResultList(Query.java:120)
	at org.springframework.data.jpa.repository.query.JpaQueryExecution$CollectionExecution.doExecute(JpaQueryExecution.java:129)
	at org.springframework.data.jpa.repository.query.JpaQueryExecution.execute(JpaQueryExecution.java:92)
	at org.springframework.data.jpa.repository.query.AbstractJpaQuery.doExecute(AbstractJpaQuery.java:149)
	at org.springframework.data.jpa.repository.query.AbstractJpaQuery.execute(AbstractJpaQuery.java:137)
	at org.springframework.data.repository.core.support.RepositoryMethodInvoker.doInvoke(RepositoryMethodInvoker.java:170)
	at org.springframework.data.repository.core.support.RepositoryMethodInvoker.invoke(RepositoryMethodInvoker.java:158)
	at org.springframework.data.repository.core.support.QueryExecutorMethodInterceptor.doInvoke(QueryExecutorMethodInterceptor.java:164)
	at org.springframework.data.repository.core.support.QueryExecutorMethodInterceptor.invoke(QueryExecutorMethodInterceptor.java:143)
	at org.springframework.aop.framework.ReflectiveMethodInvocation.proceed(ReflectiveMethodInvocation.java:184)
	at org.springframework.data.projection.DefaultMethodInvokingMethodInterceptor.invoke(DefaultMethodInvokingMethodInterceptor.java:70)
	at org.springframework.aop.framework.ReflectiveMethodInvocation.proceed(ReflectiveMethodInvocation.java:184)
	at org.springframework.transaction.interceptor.TransactionInterceptor$1.proceedWithInvocation(TransactionInterceptor.java:123)
	at org.springframework.transaction.interceptor.TransactionAspectSupport.invokeWithinTransaction(TransactionAspectSupport.java:392)
	at org.springframework.transaction.interceptor.TransactionInterceptor.invoke(TransactionInterceptor.java:119)
	at org.springframework.aop.framework.ReflectiveMethodInvocation.proceed(ReflectiveMethodInvocation.java:184)
	at org.springframework.dao.support.PersistenceExceptionTranslationInterceptor.invoke(PersistenceExceptionTranslationInterceptor.java:137)
	... 148 common frames omitted
2026-07-29 21:27:13.935 [AsyncReporter{org.springframework.boot.actuate.autoconfigure.tracing.zipkin.ZipkinRestTemplateSender@295f2d1b}] WARN  z.r.AsyncReporter$BoundedAsyncReporter [,] - Spans were dropped due to exceptions. All subsequent errors will be logged at FINE level.
2026-07-29 21:27:13.935 [AsyncReporter{org.springframework.boot.actuate.autoconfigure.tracing.zipkin.ZipkinRestTemplateSender@295f2d1b}] WARN  z.r.AsyncReporter$BoundedAsyncReporter [,] - Dropped 16 spans due to ResourceAccessException(I/O error on POST request for "http://localhost:9411/api/v2/spans": Connection refused: getsockopt)
org.springframework.web.client.ResourceAccessException: I/O error on POST request for "http://localhost:9411/api/v2/spans": Connection refused: getsockopt
	at org.springframework.web.client.RestTemplate.createResourceAccessException(RestTemplate.java:915)
	at org.springframework.web.client.RestTemplate.doExecute(RestTemplate.java:895)
	at org.springframework.web.client.RestTemplate.execute(RestTemplate.java:790)
	at org.springframework.web.client.RestTemplate.exchange(RestTemplate.java:672)
	at org.springframework.boot.actuate.autoconfigure.tracing.zipkin.ZipkinRestTemplateSender$RestTemplateHttpPostCall.doExecute(ZipkinRestTemplateSender.java:68)
	at org.springframework.boot.actuate.autoconfigure.tracing.zipkin.ZipkinRestTemplateSender$RestTemplateHttpPostCall.doExecute(ZipkinRestTemplateSender.java:48)
	at zipkin2.Call$Base.execute(Call.java:391)
	at zipkin2.reporter.AsyncReporter$BoundedAsyncReporter.flush(AsyncReporter.java:299)
	at zipkin2.reporter.AsyncReporter$Flusher.run(AsyncReporter.java:378)
	at java.base/java.lang.Thread.run(Thread.java:1575)
Caused by: java.net.ConnectException: Connection refused: getsockopt
	at java.base/sun.nio.ch.Net.pollConnect(Native Method)
	at java.base/sun.nio.ch.Net.pollConnectNow(Net.java:682)
	at java.base/sun.nio.ch.NioSocketImpl.timedFinishConnect(NioSocketImpl.java:542)
	at java.base/sun.nio.ch.NioSocketImpl.connect(NioSocketImpl.java:592)
	at java.base/java.net.Socket.connect(Socket.java:760)
	at java.base/sun.net.NetworkClient.doConnect(NetworkClient.java:178)
	at java.base/sun.net.www.http.HttpClient.openServer(HttpClient.java:531)
	at java.base/sun.net.www.http.HttpClient.openServer(HttpClient.java:636)
	at java.base/sun.net.www.http.HttpClient.<init>(HttpClient.java:280)
	at java.base/sun.net.www.http.HttpClient.New(HttpClient.java:386)
	at java.base/sun.net.www.http.HttpClient.New(HttpClient.java:408)
	at java.base/sun.net.www.protocol.http.HttpURLConnection.getNewHttpClient(HttpURLConnection.java:1310)
	at java.base/sun.net.www.protocol.http.HttpURLConnection.plainConnect0(HttpURLConnection.java:1243)
	at java.base/sun.net.www.protocol.http.HttpURLConnection.plainConnect(HttpURLConnection.java:1129)
	at java.base/sun.net.www.protocol.http.HttpURLConnection.connect(HttpURLConnection.java:1058)
	at org.springframework.http.client.SimpleClientHttpRequest.executeInternal(SimpleClientHttpRequest.java:79)
	at org.springframework.http.client.AbstractStreamingClientHttpRequest.executeInternal(AbstractStreamingClientHttpRequest.java:70)
	at org.springframework.http.client.AbstractClientHttpRequest.execute(AbstractClientHttpRequest.java:66)
	at org.springframework.web.client.RestTemplate.doExecute(RestTemplate.java:889)
	... 8 common frames omitted
2026-07-29 21:27:16.316 [http-nio-8080-exec-6] INFO  c.b.u.UserDashboardService [6a6a460425e437c54186ea11b4ab0a8b,ff3814a02549b000] -   Loading dashboard for user 5
2026-07-29 21:27:16.323 [http-nio-8080-exec-8] INFO  c.b.u.UserDashboardService [6a6a4604ed2feb7e085cf68b4b37c9e8,1348f779b0dd30a2] - Loading dashboard history for user 5
2026-07-29 21:27:16.328 [http-nio-8080-exec-6] INFO  c.b.u.UserDashboardService [6a6a460425e437c54186ea11b4ab0a8b,ff3814a02549b000] - Selected RESIDENT apartment 24
2026-07-29 21:27:16.331 [http-nio-8080-exec-6] INFO  c.b.u.UserDashboardService [6a6a460425e437c54186ea11b4ab0a8b,ff3814a02549b000] - Last statement = 8 (2026-06)
2026-07-29 21:27:16.335 [http-nio-8080-exec-6] INFO  c.b.u.UserDashboardService [6a6a460425e437c54186ea11b4ab0a8b,ff3814a02549b000] - Found 3 allocations for apartment 24
2026-07-29 21:27:16.335 [http-nio-8080-exec-6] INFO  c.b.u.UserDashboardService [6a6a460425e437c54186ea11b4ab0a8b,ff3814a02549b000] - Final amount due: 9.50
2026-07-29 21:27:16.357 [http-nio-8080-exec-2] INFO  c.b.u.UserDashboardService [6a6a4604d4d6da29bcdb786d39cf7a40,c2770e823df2d7b4] -   Loading dashboard for user 5
2026-07-29 21:27:16.367 [http-nio-8080-exec-2] INFO  c.b.u.UserDashboardService [6a6a4604d4d6da29bcdb786d39cf7a40,c2770e823df2d7b4] - Selected RESIDENT apartment 24
2026-07-29 21:27:16.371 [http-nio-8080-exec-2] INFO  c.b.u.UserDashboardService [6a6a4604d4d6da29bcdb786d39cf7a40,c2770e823df2d7b4] - Last statement = 8 (2026-06)
2026-07-29 21:27:16.382 [http-nio-8080-exec-2] INFO  c.b.u.UserDashboardService [6a6a4604d4d6da29bcdb786d39cf7a40,c2770e823df2d7b4] - Found 3 allocations for apartment 24
2026-07-29 21:27:16.382 [http-nio-8080-exec-2] INFO  c.b.u.UserDashboardService [6a6a4604d4d6da29bcdb786d39cf7a40,c2770e823df2d7b4] - Final amount due: 9.50
2026-07-29 21:27:18.551 [http-nio-8080-exec-10] ERROR c.b.handler.GlobalExceptionHandler [6a6a4606474f745cec11009f6f71d435,01cb35488ee53345] - Unhandled exception
org.springframework.dao.InvalidDataAccessApiUsageException: Cannot instantiate class 'com.buildingmanager.payment.PaymentDTO' (it has no constructor with signature [java.lang.Integer, java.lang.String, java.math.BigDecimal, java.time.LocalDateTime, com.buildingmanager.payment.PaymentMethod, java.lang.String, java.lang.Integer, java.lang.Integer], and not every argument has an alias)
	at org.springframework.orm.jpa.EntityManagerFactoryUtils.convertJpaAccessExceptionIfPossible(EntityManagerFactoryUtils.java:368)
	at org.springframework.orm.jpa.vendor.HibernateJpaDialect.translateExceptionIfPossible(HibernateJpaDialect.java:246)
	at org.springframework.orm.jpa.AbstractEntityManagerFactoryBean.translateExceptionIfPossible(AbstractEntityManagerFactoryBean.java:550)
	at org.springframework.dao.support.ChainedPersistenceExceptionTranslator.translateExceptionIfPossible(ChainedPersistenceExceptionTranslator.java:61)
	at org.springframework.dao.support.DataAccessUtils.translateIfNecessary(DataAccessUtils.java:335)
	at org.springframework.dao.support.PersistenceExceptionTranslationInterceptor.invoke(PersistenceExceptionTranslationInterceptor.java:152)
	at org.springframework.aop.framework.ReflectiveMethodInvocation.proceed(ReflectiveMethodInvocation.java:184)
	at org.springframework.data.jpa.repository.support.CrudMethodMetadataPostProcessor$CrudMethodMetadataPopulatingMethodInterceptor.invoke(CrudMethodMetadataPostProcessor.java:135)
	at org.springframework.aop.framework.ReflectiveMethodInvocation.proceed(ReflectiveMethodInvocation.java:184)
	at org.springframework.aop.interceptor.ExposeInvocationInterceptor.invoke(ExposeInvocationInterceptor.java:97)
	at org.springframework.aop.framework.ReflectiveMethodInvocation.proceed(ReflectiveMethodInvocation.java:184)
	at org.springframework.aop.framework.JdkDynamicAopProxy.invoke(JdkDynamicAopProxy.java:223)
	at jdk.proxy2/jdk.proxy2.$Proxy213.findRecentByBuilding(Unknown Source)
	at com.buildingmanager.finance.FinanceService.getBuildingFinance(FinanceService.java:78)
	at com.buildingmanager.finance.FinanceController.getMyBuildingFinance(FinanceController.java:37)
	at java.base/jdk.internal.reflect.DirectMethodHandleAccessor.invoke(DirectMethodHandleAccessor.java:103)
	at java.base/java.lang.reflect.Method.invoke(Method.java:580)
	at org.springframework.web.method.support.InvocableHandlerMethod.doInvoke(InvocableHandlerMethod.java:255)
	at org.springframework.web.method.support.InvocableHandlerMethod.invokeForRequest(InvocableHandlerMethod.java:188)
	at org.springframework.web.servlet.mvc.method.annotation.ServletInvocableHandlerMethod.invokeAndHandle(ServletInvocableHandlerMethod.java:118)
	at org.springframework.web.servlet.mvc.method.annotation.RequestMappingHandlerAdapter.invokeHandlerMethod(RequestMappingHandlerAdapter.java:926)
	at org.springframework.web.servlet.mvc.method.annotation.RequestMappingHandlerAdapter.handleInternal(RequestMappingHandlerAdapter.java:831)
	at org.springframework.web.servlet.mvc.method.AbstractHandlerMethodAdapter.handle(AbstractHandlerMethodAdapter.java:87)
	at org.springframework.web.servlet.DispatcherServlet.doDispatch(DispatcherServlet.java:1089)
	at org.springframework.web.servlet.DispatcherServlet.doService(DispatcherServlet.java:979)
	at org.springframework.web.servlet.FrameworkServlet.processRequest(FrameworkServlet.java:1014)
	at org.springframework.web.servlet.FrameworkServlet.doGet(FrameworkServlet.java:903)
	at jakarta.servlet.http.HttpServlet.service(HttpServlet.java:564)
	at org.springframework.web.servlet.FrameworkServlet.service(FrameworkServlet.java:885)
	at jakarta.servlet.http.HttpServlet.service(HttpServlet.java:658)
	at org.apache.catalina.core.ApplicationFilterChain.internalDoFilter(ApplicationFilterChain.java:206)
	at org.apache.catalina.core.ApplicationFilterChain.doFilter(ApplicationFilterChain.java:150)
	at org.apache.tomcat.websocket.server.WsFilter.doFilter(WsFilter.java:51)
	at org.apache.catalina.core.ApplicationFilterChain.internalDoFilter(ApplicationFilterChain.java:175)
	at org.apache.catalina.core.ApplicationFilterChain.doFilter(ApplicationFilterChain.java:150)
	at org.springframework.web.filter.CorsFilter.doFilterInternal(CorsFilter.java:91)
	at org.springframework.web.filter.OncePerRequestFilter.doFilter(OncePerRequestFilter.java:116)
	at org.apache.catalina.core.ApplicationFilterChain.internalDoFilter(ApplicationFilterChain.java:175)
	at org.apache.catalina.core.ApplicationFilterChain.doFilter(ApplicationFilterChain.java:150)
	at org.springframework.web.filter.OncePerRequestFilter.doFilter(OncePerRequestFilter.java:110)
	at org.apache.catalina.core.ApplicationFilterChain.internalDoFilter(ApplicationFilterChain.java:175)
	at org.apache.catalina.core.ApplicationFilterChain.doFilter(ApplicationFilterChain.java:150)
	at org.springframework.web.filter.CompositeFilter$VirtualFilterChain.doFilter(CompositeFilter.java:108)
	at org.springframework.security.web.FilterChainProxy.lambda$doFilterInternal$3(FilterChainProxy.java:231)
	at org.springframework.security.web.ObservationFilterChainDecorator$FilterObservation$SimpleFilterObservation.lambda$wrap$1(ObservationFilterChainDecorator.java:479)
	at org.springframework.security.web.ObservationFilterChainDecorator$AroundFilterObservation$SimpleAroundFilterObservation.lambda$wrap$1(ObservationFilterChainDecorator.java:340)
	at org.springframework.security.web.ObservationFilterChainDecorator.lambda$wrapSecured$0(ObservationFilterChainDecorator.java:82)
	at org.springframework.security.web.ObservationFilterChainDecorator$VirtualFilterChain.doFilter(ObservationFilterChainDecorator.java:128)
	at org.springframework.security.web.access.intercept.AuthorizationFilter.doFilter(AuthorizationFilter.java:100)
	at org.springframework.security.web.ObservationFilterChainDecorator$ObservationFilter.wrapFilter(ObservationFilterChainDecorator.java:240)
	at org.springframework.security.web.ObservationFilterChainDecorator$ObservationFilter.doFilter(ObservationFilterChainDecorator.java:227)
	at org.springframework.security.web.ObservationFilterChainDecorator$VirtualFilterChain.doFilter(ObservationFilterChainDecorator.java:137)
	at org.springframework.security.web.access.ExceptionTranslationFilter.doFilter(ExceptionTranslationFilter.java:126)
	at org.springframework.security.web.access.ExceptionTranslationFilter.doFilter(ExceptionTranslationFilter.java:120)
	at org.springframework.security.web.ObservationFilterChainDecorator$ObservationFilter.wrapFilter(ObservationFilterChainDecorator.java:240)
	at org.springframework.security.web.ObservationFilterChainDecorator$ObservationFilter.doFilter(ObservationFilterChainDecorator.java:227)
	at org.springframework.security.web.ObservationFilterChainDecorator$VirtualFilterChain.doFilter(ObservationFilterChainDecorator.java:137)
	at org.springframework.security.web.session.SessionManagementFilter.doFilter(SessionManagementFilter.java:131)
	at org.springframework.security.web.session.SessionManagementFilter.doFilter(SessionManagementFilter.java:85)
	at org.springframework.security.web.ObservationFilterChainDecorator$ObservationFilter.wrapFilter(ObservationFilterChainDecorator.java:240)
	at org.springframework.security.web.ObservationFilterChainDecorator$ObservationFilter.doFilter(ObservationFilterChainDecorator.java:227)
	at org.springframework.security.web.ObservationFilterChainDecorator$VirtualFilterChain.doFilter(ObservationFilterChainDecorator.java:137)
	at org.springframework.security.web.authentication.AnonymousAuthenticationFilter.doFilter(AnonymousAuthenticationFilter.java:100)
	at org.springframework.security.web.ObservationFilterChainDecorator$ObservationFilter.wrapFilter(ObservationFilterChainDecorator.java:240)
	at org.springframework.security.web.ObservationFilterChainDecorator$ObservationFilter.doFilter(ObservationFilterChainDecorator.java:227)
	at org.springframework.security.web.ObservationFilterChainDecorator$VirtualFilterChain.doFilter(ObservationFilterChainDecorator.java:137)
	at org.springframework.security.web.servletapi.SecurityContextHolderAwareRequestFilter.doFilter(SecurityContextHolderAwareRequestFilter.java:179)
	at org.springframework.security.web.ObservationFilterChainDecorator$ObservationFilter.wrapFilter(ObservationFilterChainDecorator.java:240)
	at org.springframework.security.web.ObservationFilterChainDecorator$ObservationFilter.doFilter(ObservationFilterChainDecorator.java:227)
	at org.springframework.security.web.ObservationFilterChainDecorator$VirtualFilterChain.doFilter(ObservationFilterChainDecorator.java:137)
	at org.springframework.security.web.savedrequest.RequestCacheAwareFilter.doFilter(RequestCacheAwareFilter.java:63)
	at org.springframework.security.web.ObservationFilterChainDecorator$ObservationFilter.wrapFilter(ObservationFilterChainDecorator.java:240)
	at org.springframework.security.web.ObservationFilterChainDecorator$ObservationFilter.doFilter(ObservationFilterChainDecorator.java:227)
	at org.springframework.security.web.ObservationFilterChainDecorator$VirtualFilterChain.doFilter(ObservationFilterChainDecorator.java:137)
	at com.buildingmanager.security.JwtFilter.doFilterInternal(JwtFilter.java:101)
	at org.springframework.web.filter.OncePerRequestFilter.doFilter(OncePerRequestFilter.java:116)
	at org.springframework.security.web.ObservationFilterChainDecorator$ObservationFilter.wrapFilter(ObservationFilterChainDecorator.java:240)
	at org.springframework.security.web.ObservationFilterChainDecorator$ObservationFilter.doFilter(ObservationFilterChainDecorator.java:227)
	at org.springframework.security.web.ObservationFilterChainDecorator$VirtualFilterChain.doFilter(ObservationFilterChainDecorator.java:137)
	at org.springframework.security.web.authentication.logout.LogoutFilter.doFilter(LogoutFilter.java:107)
	at org.springframework.security.web.authentication.logout.LogoutFilter.doFilter(LogoutFilter.java:93)
	at org.springframework.security.web.ObservationFilterChainDecorator$ObservationFilter.wrapFilter(ObservationFilterChainDecorator.java:240)
	at org.springframework.security.web.ObservationFilterChainDecorator$ObservationFilter.doFilter(ObservationFilterChainDecorator.java:227)
	at org.springframework.security.web.ObservationFilterChainDecorator$VirtualFilterChain.doFilter(ObservationFilterChainDecorator.java:137)
	at org.springframework.web.filter.CorsFilter.doFilterInternal(CorsFilter.java:91)
	at org.springframework.web.filter.OncePerRequestFilter.doFilter(OncePerRequestFilter.java:116)
	at org.springframework.security.web.ObservationFilterChainDecorator$ObservationFilter.wrapFilter(ObservationFilterChainDecorator.java:240)
	at org.springframework.security.web.ObservationFilterChainDecorator$ObservationFilter.doFilter(ObservationFilterChainDecorator.java:227)
	at org.springframework.security.web.ObservationFilterChainDecorator$VirtualFilterChain.doFilter(ObservationFilterChainDecorator.java:137)
	at org.springframework.security.web.header.HeaderWriterFilter.doHeadersAfter(HeaderWriterFilter.java:90)
	at org.springframework.security.web.header.HeaderWriterFilter.doFilterInternal(HeaderWriterFilter.java:75)
	at org.springframework.web.filter.OncePerRequestFilter.doFilter(OncePerRequestFilter.java:116)
	at org.springframework.security.web.ObservationFilterChainDecorator$ObservationFilter.wrapFilter(ObservationFilterChainDecorator.java:240)
	at org.springframework.security.web.ObservationFilterChainDecorator$ObservationFilter.doFilter(ObservationFilterChainDecorator.java:227)
	at org.springframework.security.web.ObservationFilterChainDecorator$VirtualFilterChain.doFilter(ObservationFilterChainDecorator.java:137)
	at org.springframework.security.web.context.SecurityContextHolderFilter.doFilter(SecurityContextHolderFilter.java:82)
	at org.springframework.security.web.context.SecurityContextHolderFilter.doFilter(SecurityContextHolderFilter.java:69)
	at org.springframework.security.web.ObservationFilterChainDecorator$ObservationFilter.wrapFilter(ObservationFilterChainDecorator.java:240)
	at org.springframework.security.web.ObservationFilterChainDecorator$ObservationFilter.doFilter(ObservationFilterChainDecorator.java:227)
	at org.springframework.security.web.ObservationFilterChainDecorator$VirtualFilterChain.doFilter(ObservationFilterChainDecorator.java:137)
	at org.springframework.security.web.context.request.async.WebAsyncManagerIntegrationFilter.doFilterInternal(WebAsyncManagerIntegrationFilter.java:62)
	at org.springframework.web.filter.OncePerRequestFilter.doFilter(OncePerRequestFilter.java:116)
	at org.springframework.security.web.ObservationFilterChainDecorator$ObservationFilter.wrapFilter(ObservationFilterChainDecorator.java:240)
	at org.springframework.security.web.ObservationFilterChainDecorator$ObservationFilter.doFilter(ObservationFilterChainDecorator.java:227)
	at org.springframework.security.web.ObservationFilterChainDecorator$VirtualFilterChain.doFilter(ObservationFilterChainDecorator.java:137)
	at org.springframework.security.web.session.DisableEncodeUrlFilter.doFilterInternal(DisableEncodeUrlFilter.java:42)
	at org.springframework.web.filter.OncePerRequestFilter.doFilter(OncePerRequestFilter.java:116)
	at org.springframework.security.web.ObservationFilterChainDecorator$ObservationFilter.wrapFilter(ObservationFilterChainDecorator.java:240)
	at org.springframework.security.web.ObservationFilterChainDecorator$AroundFilterObservation$SimpleAroundFilterObservation.lambda$wrap$0(ObservationFilterChainDecorator.java:323)
	at org.springframework.security.web.ObservationFilterChainDecorator$ObservationFilter.doFilter(ObservationFilterChainDecorator.java:224)
	at org.springframework.security.web.ObservationFilterChainDecorator$VirtualFilterChain.doFilter(ObservationFilterChainDecorator.java:137)
	at org.springframework.security.web.FilterChainProxy.doFilterInternal(FilterChainProxy.java:233)
	at org.springframework.security.web.FilterChainProxy.doFilter(FilterChainProxy.java:191)
	at org.springframework.web.filter.CompositeFilter$VirtualFilterChain.doFilter(CompositeFilter.java:113)
	at org.springframework.web.servlet.handler.HandlerMappingIntrospector.lambda$createCacheFilter$3(HandlerMappingIntrospector.java:195)
	at org.springframework.web.filter.CompositeFilter$VirtualFilterChain.doFilter(CompositeFilter.java:113)
	at org.springframework.web.filter.CompositeFilter.doFilter(CompositeFilter.java:74)
	at org.springframework.security.config.annotation.web.configuration.WebMvcSecurityConfiguration$CompositeFilterChainProxy.doFilter(WebMvcSecurityConfiguration.java:230)
	at org.springframework.web.filter.DelegatingFilterProxy.invokeDelegate(DelegatingFilterProxy.java:352)
	at org.springframework.web.filter.DelegatingFilterProxy.doFilter(DelegatingFilterProxy.java:268)
	at org.apache.catalina.core.ApplicationFilterChain.internalDoFilter(ApplicationFilterChain.java:175)
	at org.apache.catalina.core.ApplicationFilterChain.doFilter(ApplicationFilterChain.java:150)
	at org.springframework.web.filter.RequestContextFilter.doFilterInternal(RequestContextFilter.java:100)
	at org.springframework.web.filter.OncePerRequestFilter.doFilter(OncePerRequestFilter.java:116)
	at org.apache.catalina.core.ApplicationFilterChain.internalDoFilter(ApplicationFilterChain.java:175)
	at org.apache.catalina.core.ApplicationFilterChain.doFilter(ApplicationFilterChain.java:150)
	at org.springframework.web.filter.FormContentFilter.doFilterInternal(FormContentFilter.java:93)
	at org.springframework.web.filter.OncePerRequestFilter.doFilter(OncePerRequestFilter.java:116)
	at org.apache.catalina.core.ApplicationFilterChain.internalDoFilter(ApplicationFilterChain.java:175)
	at org.apache.catalina.core.ApplicationFilterChain.doFilter(ApplicationFilterChain.java:150)
	at org.springframework.web.filter.ServerHttpObservationFilter.doFilterInternal(ServerHttpObservationFilter.java:109)
	at org.springframework.web.filter.OncePerRequestFilter.doFilter(OncePerRequestFilter.java:116)
	at org.apache.catalina.core.ApplicationFilterChain.internalDoFilter(ApplicationFilterChain.java:175)
	at org.apache.catalina.core.ApplicationFilterChain.doFilter(ApplicationFilterChain.java:150)
	at org.springframework.web.filter.CharacterEncodingFilter.doFilterInternal(CharacterEncodingFilter.java:201)
	at org.springframework.web.filter.OncePerRequestFilter.doFilter(OncePerRequestFilter.java:116)
	at org.apache.catalina.core.ApplicationFilterChain.internalDoFilter(ApplicationFilterChain.java:175)
	at org.apache.catalina.core.ApplicationFilterChain.doFilter(ApplicationFilterChain.java:150)
	at org.apache.catalina.core.StandardWrapperValve.invoke(StandardWrapperValve.java:167)
	at org.apache.catalina.core.StandardContextValve.invoke(StandardContextValve.java:90)
	at org.apache.catalina.authenticator.AuthenticatorBase.invoke(AuthenticatorBase.java:482)
	at org.apache.catalina.core.StandardHostValve.invoke(StandardHostValve.java:115)
	at org.apache.catalina.valves.ErrorReportValve.invoke(ErrorReportValve.java:93)
	at org.apache.catalina.core.StandardEngineValve.invoke(StandardEngineValve.java:74)
	at org.apache.catalina.connector.CoyoteAdapter.service(CoyoteAdapter.java:344)
	at org.apache.coyote.http11.Http11Processor.service(Http11Processor.java:391)
	at org.apache.coyote.AbstractProcessorLight.process(AbstractProcessorLight.java:63)
	at org.apache.coyote.AbstractProtocol$ConnectionHandler.process(AbstractProtocol.java:896)
	at org.apache.tomcat.util.net.NioEndpoint$SocketProcessor.doRun(NioEndpoint.java:1736)
	at org.apache.tomcat.util.net.SocketProcessorBase.run(SocketProcessorBase.java:52)
	at org.apache.tomcat.util.threads.ThreadPoolExecutor.runWorker(ThreadPoolExecutor.java:1191)
	at org.apache.tomcat.util.threads.ThreadPoolExecutor$Worker.run(ThreadPoolExecutor.java:659)
	at org.apache.tomcat.util.threads.TaskThread$WrappingRunnable.run(TaskThread.java:63)
	at java.base/java.lang.Thread.run(Thread.java:1575)
Caused by: java.lang.IllegalStateException: Cannot instantiate class 'com.buildingmanager.payment.PaymentDTO' (it has no constructor with signature [java.lang.Integer, java.lang.String, java.math.BigDecimal, java.time.LocalDateTime, com.buildingmanager.payment.PaymentMethod, java.lang.String, java.lang.Integer, java.lang.Integer], and not every argument has an alias)
	at org.hibernate.sql.results.graph.instantiation.internal.DynamicInstantiationResultImpl.resolveAssembler(DynamicInstantiationResultImpl.java:201)
	at org.hibernate.sql.results.graph.instantiation.internal.DynamicInstantiationResultImpl.createResultAssembler(DynamicInstantiationResultImpl.java:107)
	at org.hibernate.sql.results.jdbc.internal.StandardJdbcValuesMapping.resolveAssemblers(StandardJdbcValuesMapping.java:53)
	at org.hibernate.sql.results.internal.ResultsHelper.createRowReader(ResultsHelper.java:77)
	at org.hibernate.sql.results.internal.ResultsHelper.createRowReader(ResultsHelper.java:62)
	at org.hibernate.sql.exec.internal.JdbcSelectExecutorStandardImpl.doExecuteQuery(JdbcSelectExecutorStandardImpl.java:188)
	at org.hibernate.sql.exec.internal.JdbcSelectExecutorStandardImpl.executeQuery(JdbcSelectExecutorStandardImpl.java:83)
	at org.hibernate.sql.exec.spi.JdbcSelectExecutor.list(JdbcSelectExecutor.java:76)
	at org.hibernate.sql.exec.spi.JdbcSelectExecutor.list(JdbcSelectExecutor.java:65)
	at org.hibernate.query.sqm.internal.ConcreteSqmSelectQueryPlan.lambda$new$2(ConcreteSqmSelectQueryPlan.java:137)
	at org.hibernate.query.sqm.internal.ConcreteSqmSelectQueryPlan.withCacheableSqmInterpretation(ConcreteSqmSelectQueryPlan.java:362)
	at org.hibernate.query.sqm.internal.ConcreteSqmSelectQueryPlan.performList(ConcreteSqmSelectQueryPlan.java:303)
	at org.hibernate.query.sqm.internal.QuerySqmImpl.doList(QuerySqmImpl.java:509)
	at org.hibernate.query.spi.AbstractSelectionQuery.list(AbstractSelectionQuery.java:427)
	at org.hibernate.query.Query.getResultList(Query.java:120)
	at org.springframework.data.jpa.repository.query.JpaQueryExecution$CollectionExecution.doExecute(JpaQueryExecution.java:129)
	at org.springframework.data.jpa.repository.query.JpaQueryExecution.execute(JpaQueryExecution.java:92)
	at org.springframework.data.jpa.repository.query.AbstractJpaQuery.doExecute(AbstractJpaQuery.java:149)
	at org.springframework.data.jpa.repository.query.AbstractJpaQuery.execute(AbstractJpaQuery.java:137)
	at org.springframework.data.repository.core.support.RepositoryMethodInvoker.doInvoke(RepositoryMethodInvoker.java:170)
	at org.springframework.data.repository.core.support.RepositoryMethodInvoker.invoke(RepositoryMethodInvoker.java:158)
	at org.springframework.data.repository.core.support.QueryExecutorMethodInterceptor.doInvoke(QueryExecutorMethodInterceptor.java:164)
	at org.springframework.data.repository.core.support.QueryExecutorMethodInterceptor.invoke(QueryExecutorMethodInterceptor.java:143)
	at org.springframework.aop.framework.ReflectiveMethodInvocation.proceed(ReflectiveMethodInvocation.java:184)
	at org.springframework.data.projection.DefaultMethodInvokingMethodInterceptor.invoke(DefaultMethodInvokingMethodInterceptor.java:70)
	at org.springframework.aop.framework.ReflectiveMethodInvocation.proceed(ReflectiveMethodInvocation.java:184)
	at org.springframework.transaction.interceptor.TransactionInterceptor$1.proceedWithInvocation(TransactionInterceptor.java:123)
	at org.springframework.transaction.interceptor.TransactionAspectSupport.invokeWithinTransaction(TransactionAspectSupport.java:392)
	at org.springframework.transaction.interceptor.TransactionInterceptor.invoke(TransactionInterceptor.java:119)
	at org.springframework.aop.framework.ReflectiveMethodInvocation.proceed(ReflectiveMethodInvocation.java:184)
	at org.springframework.dao.support.PersistenceExceptionTranslationInterceptor.invoke(PersistenceExceptionTranslationInterceptor.java:137)
	... 148 common frames omitted
2026-07-29 21:27:20.075 [http-nio-8080-exec-9] ERROR c.b.handler.GlobalExceptionHandler [6a6a46084442a1fbf086692a44e1d7d6,fcc5fb2b8086aeb8] - Unhandled exception
org.springframework.dao.InvalidDataAccessApiUsageException: Cannot instantiate class 'com.buildingmanager.payment.PaymentDTO' (it has no constructor with signature [java.lang.Integer, java.lang.String, java.math.BigDecimal, java.time.LocalDateTime, com.buildingmanager.payment.PaymentMethod, java.lang.String, java.lang.Integer, java.lang.Integer], and not every argument has an alias)
	at org.springframework.orm.jpa.EntityManagerFactoryUtils.convertJpaAccessExceptionIfPossible(EntityManagerFactoryUtils.java:368)
	at org.springframework.orm.jpa.vendor.HibernateJpaDialect.translateExceptionIfPossible(HibernateJpaDialect.java:246)
	at org.springframework.orm.jpa.AbstractEntityManagerFactoryBean.translateExceptionIfPossible(AbstractEntityManagerFactoryBean.java:550)
	at org.springframework.dao.support.ChainedPersistenceExceptionTranslator.translateExceptionIfPossible(ChainedPersistenceExceptionTranslator.java:61)
	at org.springframework.dao.support.DataAccessUtils.translateIfNecessary(DataAccessUtils.java:335)
	at org.springframework.dao.support.PersistenceExceptionTranslationInterceptor.invoke(PersistenceExceptionTranslationInterceptor.java:152)
	at org.springframework.aop.framework.ReflectiveMethodInvocation.proceed(ReflectiveMethodInvocation.java:184)
	at org.springframework.data.jpa.repository.support.CrudMethodMetadataPostProcessor$CrudMethodMetadataPopulatingMethodInterceptor.invoke(CrudMethodMetadataPostProcessor.java:135)
	at org.springframework.aop.framework.ReflectiveMethodInvocation.proceed(ReflectiveMethodInvocation.java:184)
	at org.springframework.aop.interceptor.ExposeInvocationInterceptor.invoke(ExposeInvocationInterceptor.java:97)
	at org.springframework.aop.framework.ReflectiveMethodInvocation.proceed(ReflectiveMethodInvocation.java:184)
	at org.springframework.aop.framework.JdkDynamicAopProxy.invoke(JdkDynamicAopProxy.java:223)
	at jdk.proxy2/jdk.proxy2.$Proxy213.findRecentByBuilding(Unknown Source)
	at com.buildingmanager.finance.FinanceService.getBuildingFinance(FinanceService.java:78)
	at com.buildingmanager.finance.FinanceController.getMyBuildingFinance(FinanceController.java:37)
	at java.base/jdk.internal.reflect.DirectMethodHandleAccessor.invoke(DirectMethodHandleAccessor.java:103)
	at java.base/java.lang.reflect.Method.invoke(Method.java:580)
	at org.springframework.web.method.support.InvocableHandlerMethod.doInvoke(InvocableHandlerMethod.java:255)
	at org.springframework.web.method.support.InvocableHandlerMethod.invokeForRequest(InvocableHandlerMethod.java:188)
	at org.springframework.web.servlet.mvc.method.annotation.ServletInvocableHandlerMethod.invokeAndHandle(ServletInvocableHandlerMethod.java:118)
	at org.springframework.web.servlet.mvc.method.annotation.RequestMappingHandlerAdapter.invokeHandlerMethod(RequestMappingHandlerAdapter.java:926)
	at org.springframework.web.servlet.mvc.method.annotation.RequestMappingHandlerAdapter.handleInternal(RequestMappingHandlerAdapter.java:831)
	at org.springframework.web.servlet.mvc.method.AbstractHandlerMethodAdapter.handle(AbstractHandlerMethodAdapter.java:87)
	at org.springframework.web.servlet.DispatcherServlet.doDispatch(DispatcherServlet.java:1089)
	at org.springframework.web.servlet.DispatcherServlet.doService(DispatcherServlet.java:979)
	at org.springframework.web.servlet.FrameworkServlet.processRequest(FrameworkServlet.java:1014)
	at org.springframework.web.servlet.FrameworkServlet.doGet(FrameworkServlet.java:903)
	at jakarta.servlet.http.HttpServlet.service(HttpServlet.java:564)
	at org.springframework.web.servlet.FrameworkServlet.service(FrameworkServlet.java:885)
	at jakarta.servlet.http.HttpServlet.service(HttpServlet.java:658)
	at org.apache.catalina.core.ApplicationFilterChain.internalDoFilter(ApplicationFilterChain.java:206)
	at org.apache.catalina.core.ApplicationFilterChain.doFilter(ApplicationFilterChain.java:150)
	at org.apache.tomcat.websocket.server.WsFilter.doFilter(WsFilter.java:51)
	at org.apache.catalina.core.ApplicationFilterChain.internalDoFilter(ApplicationFilterChain.java:175)
	at org.apache.catalina.core.ApplicationFilterChain.doFilter(ApplicationFilterChain.java:150)
	at org.springframework.web.filter.CorsFilter.doFilterInternal(CorsFilter.java:91)
	at org.springframework.web.filter.OncePerRequestFilter.doFilter(OncePerRequestFilter.java:116)
	at org.apache.catalina.core.ApplicationFilterChain.internalDoFilter(ApplicationFilterChain.java:175)
	at org.apache.catalina.core.ApplicationFilterChain.doFilter(ApplicationFilterChain.java:150)
	at org.springframework.web.filter.OncePerRequestFilter.doFilter(OncePerRequestFilter.java:110)
	at org.apache.catalina.core.ApplicationFilterChain.internalDoFilter(ApplicationFilterChain.java:175)
	at org.apache.catalina.core.ApplicationFilterChain.doFilter(ApplicationFilterChain.java:150)
	at org.springframework.web.filter.CompositeFilter$VirtualFilterChain.doFilter(CompositeFilter.java:108)
	at org.springframework.security.web.FilterChainProxy.lambda$doFilterInternal$3(FilterChainProxy.java:231)
	at org.springframework.security.web.ObservationFilterChainDecorator$FilterObservation$SimpleFilterObservation.lambda$wrap$1(ObservationFilterChainDecorator.java:479)
	at org.springframework.security.web.ObservationFilterChainDecorator$AroundFilterObservation$SimpleAroundFilterObservation.lambda$wrap$1(ObservationFilterChainDecorator.java:340)
	at org.springframework.security.web.ObservationFilterChainDecorator.lambda$wrapSecured$0(ObservationFilterChainDecorator.java:82)
	at org.springframework.security.web.ObservationFilterChainDecorator$VirtualFilterChain.doFilter(ObservationFilterChainDecorator.java:128)
	at org.springframework.security.web.access.intercept.AuthorizationFilter.doFilter(AuthorizationFilter.java:100)
	at org.springframework.security.web.ObservationFilterChainDecorator$ObservationFilter.wrapFilter(ObservationFilterChainDecorator.java:240)
	at org.springframework.security.web.ObservationFilterChainDecorator$ObservationFilter.doFilter(ObservationFilterChainDecorator.java:227)
	at org.springframework.security.web.ObservationFilterChainDecorator$VirtualFilterChain.doFilter(ObservationFilterChainDecorator.java:137)
	at org.springframework.security.web.access.ExceptionTranslationFilter.doFilter(ExceptionTranslationFilter.java:126)
	at org.springframework.security.web.access.ExceptionTranslationFilter.doFilter(ExceptionTranslationFilter.java:120)
	at org.springframework.security.web.ObservationFilterChainDecorator$ObservationFilter.wrapFilter(ObservationFilterChainDecorator.java:240)
	at org.springframework.security.web.ObservationFilterChainDecorator$ObservationFilter.doFilter(ObservationFilterChainDecorator.java:227)
	at org.springframework.security.web.ObservationFilterChainDecorator$VirtualFilterChain.doFilter(ObservationFilterChainDecorator.java:137)
	at org.springframework.security.web.session.SessionManagementFilter.doFilter(SessionManagementFilter.java:131)
	at org.springframework.security.web.session.SessionManagementFilter.doFilter(SessionManagementFilter.java:85)
	at org.springframework.security.web.ObservationFilterChainDecorator$ObservationFilter.wrapFilter(ObservationFilterChainDecorator.java:240)
	at org.springframework.security.web.ObservationFilterChainDecorator$ObservationFilter.doFilter(ObservationFilterChainDecorator.java:227)
	at org.springframework.security.web.ObservationFilterChainDecorator$VirtualFilterChain.doFilter(ObservationFilterChainDecorator.java:137)
	at org.springframework.security.web.authentication.AnonymousAuthenticationFilter.doFilter(AnonymousAuthenticationFilter.java:100)
	at org.springframework.security.web.ObservationFilterChainDecorator$ObservationFilter.wrapFilter(ObservationFilterChainDecorator.java:240)
	at org.springframework.security.web.ObservationFilterChainDecorator$ObservationFilter.doFilter(ObservationFilterChainDecorator.java:227)
	at org.springframework.security.web.ObservationFilterChainDecorator$VirtualFilterChain.doFilter(ObservationFilterChainDecorator.java:137)
	at org.springframework.security.web.servletapi.SecurityContextHolderAwareRequestFilter.doFilter(SecurityContextHolderAwareRequestFilter.java:179)
	at org.springframework.security.web.ObservationFilterChainDecorator$ObservationFilter.wrapFilter(ObservationFilterChainDecorator.java:240)
	at org.springframework.security.web.ObservationFilterChainDecorator$ObservationFilter.doFilter(ObservationFilterChainDecorator.java:227)
	at org.springframework.security.web.ObservationFilterChainDecorator$VirtualFilterChain.doFilter(ObservationFilterChainDecorator.java:137)
	at org.springframework.security.web.savedrequest.RequestCacheAwareFilter.doFilter(RequestCacheAwareFilter.java:63)
	at org.springframework.security.web.ObservationFilterChainDecorator$ObservationFilter.wrapFilter(ObservationFilterChainDecorator.java:240)
	at org.springframework.security.web.ObservationFilterChainDecorator$ObservationFilter.doFilter(ObservationFilterChainDecorator.java:227)
	at org.springframework.security.web.ObservationFilterChainDecorator$VirtualFilterChain.doFilter(ObservationFilterChainDecorator.java:137)
	at com.buildingmanager.security.JwtFilter.doFilterInternal(JwtFilter.java:101)
	at org.springframework.web.filter.OncePerRequestFilter.doFilter(OncePerRequestFilter.java:116)
	at org.springframework.security.web.ObservationFilterChainDecorator$ObservationFilter.wrapFilter(ObservationFilterChainDecorator.java:240)
	at org.springframework.security.web.ObservationFilterChainDecorator$ObservationFilter.doFilter(ObservationFilterChainDecorator.java:227)
	at org.springframework.security.web.ObservationFilterChainDecorator$VirtualFilterChain.doFilter(ObservationFilterChainDecorator.java:137)
	at org.springframework.security.web.authentication.logout.LogoutFilter.doFilter(LogoutFilter.java:107)
	at org.springframework.security.web.authentication.logout.LogoutFilter.doFilter(LogoutFilter.java:93)
	at org.springframework.security.web.ObservationFilterChainDecorator$ObservationFilter.wrapFilter(ObservationFilterChainDecorator.java:240)
	at org.springframework.security.web.ObservationFilterChainDecorator$ObservationFilter.doFilter(ObservationFilterChainDecorator.java:227)
	at org.springframework.security.web.ObservationFilterChainDecorator$VirtualFilterChain.doFilter(ObservationFilterChainDecorator.java:137)
	at org.springframework.web.filter.CorsFilter.doFilterInternal(CorsFilter.java:91)
	at org.springframework.web.filter.OncePerRequestFilter.doFilter(OncePerRequestFilter.java:116)
	at org.springframework.security.web.ObservationFilterChainDecorator$ObservationFilter.wrapFilter(ObservationFilterChainDecorator.java:240)
	at org.springframework.security.web.ObservationFilterChainDecorator$ObservationFilter.doFilter(ObservationFilterChainDecorator.java:227)
	at org.springframework.security.web.ObservationFilterChainDecorator$VirtualFilterChain.doFilter(ObservationFilterChainDecorator.java:137)
	at org.springframework.security.web.header.HeaderWriterFilter.doHeadersAfter(HeaderWriterFilter.java:90)
	at org.springframework.security.web.header.HeaderWriterFilter.doFilterInternal(HeaderWriterFilter.java:75)
	at org.springframework.web.filter.OncePerRequestFilter.doFilter(OncePerRequestFilter.java:116)
	at org.springframework.security.web.ObservationFilterChainDecorator$ObservationFilter.wrapFilter(ObservationFilterChainDecorator.java:240)
	at org.springframework.security.web.ObservationFilterChainDecorator$ObservationFilter.doFilter(ObservationFilterChainDecorator.java:227)
	at org.springframework.security.web.ObservationFilterChainDecorator$VirtualFilterChain.doFilter(ObservationFilterChainDecorator.java:137)
	at org.springframework.security.web.context.SecurityContextHolderFilter.doFilter(SecurityContextHolderFilter.java:82)
	at org.springframework.security.web.context.SecurityContextHolderFilter.doFilter(SecurityContextHolderFilter.java:69)
	at org.springframework.security.web.ObservationFilterChainDecorator$ObservationFilter.wrapFilter(ObservationFilterChainDecorator.java:240)
	at org.springframework.security.web.ObservationFilterChainDecorator$ObservationFilter.doFilter(ObservationFilterChainDecorator.java:227)
	at org.springframework.security.web.ObservationFilterChainDecorator$VirtualFilterChain.doFilter(ObservationFilterChainDecorator.java:137)
	at org.springframework.security.web.context.request.async.WebAsyncManagerIntegrationFilter.doFilterInternal(WebAsyncManagerIntegrationFilter.java:62)
	at org.springframework.web.filter.OncePerRequestFilter.doFilter(OncePerRequestFilter.java:116)
	at org.springframework.security.web.ObservationFilterChainDecorator$ObservationFilter.wrapFilter(ObservationFilterChainDecorator.java:240)
	at org.springframework.security.web.ObservationFilterChainDecorator$ObservationFilter.doFilter(ObservationFilterChainDecorator.java:227)
	at org.springframework.security.web.ObservationFilterChainDecorator$VirtualFilterChain.doFilter(ObservationFilterChainDecorator.java:137)
	at org.springframework.security.web.session.DisableEncodeUrlFilter.doFilterInternal(DisableEncodeUrlFilter.java:42)
	at org.springframework.web.filter.OncePerRequestFilter.doFilter(OncePerRequestFilter.java:116)
	at org.springframework.security.web.ObservationFilterChainDecorator$ObservationFilter.wrapFilter(ObservationFilterChainDecorator.java:240)
	at org.springframework.security.web.ObservationFilterChainDecorator$AroundFilterObservation$SimpleAroundFilterObservation.lambda$wrap$0(ObservationFilterChainDecorator.java:323)
	at org.springframework.security.web.ObservationFilterChainDecorator$ObservationFilter.doFilter(ObservationFilterChainDecorator.java:224)
	at org.springframework.security.web.ObservationFilterChainDecorator$VirtualFilterChain.doFilter(ObservationFilterChainDecorator.java:137)
	at org.springframework.security.web.FilterChainProxy.doFilterInternal(FilterChainProxy.java:233)
	at org.springframework.security.web.FilterChainProxy.doFilter(FilterChainProxy.java:191)
	at org.springframework.web.filter.CompositeFilter$VirtualFilterChain.doFilter(CompositeFilter.java:113)
	at org.springframework.web.servlet.handler.HandlerMappingIntrospector.lambda$createCacheFilter$3(HandlerMappingIntrospector.java:195)
	at org.springframework.web.filter.CompositeFilter$VirtualFilterChain.doFilter(CompositeFilter.java:113)
	at org.springframework.web.filter.CompositeFilter.doFilter(CompositeFilter.java:74)
	at org.springframework.security.config.annotation.web.configuration.WebMvcSecurityConfiguration$CompositeFilterChainProxy.doFilter(WebMvcSecurityConfiguration.java:230)
	at org.springframework.web.filter.DelegatingFilterProxy.invokeDelegate(DelegatingFilterProxy.java:352)
	at org.springframework.web.filter.DelegatingFilterProxy.doFilter(DelegatingFilterProxy.java:268)
	at org.apache.catalina.core.ApplicationFilterChain.internalDoFilter(ApplicationFilterChain.java:175)
	at org.apache.catalina.core.ApplicationFilterChain.doFilter(ApplicationFilterChain.java:150)
	at org.springframework.web.filter.RequestContextFilter.doFilterInternal(RequestContextFilter.java:100)
	at org.springframework.web.filter.OncePerRequestFilter.doFilter(OncePerRequestFilter.java:116)
	at org.apache.catalina.core.ApplicationFilterChain.internalDoFilter(ApplicationFilterChain.java:175)
	at org.apache.catalina.core.ApplicationFilterChain.doFilter(ApplicationFilterChain.java:150)
	at org.springframework.web.filter.FormContentFilter.doFilterInternal(FormContentFilter.java:93)
	at org.springframework.web.filter.OncePerRequestFilter.doFilter(OncePerRequestFilter.java:116)
	at org.apache.catalina.core.ApplicationFilterChain.internalDoFilter(ApplicationFilterChain.java:175)
	at org.apache.catalina.core.ApplicationFilterChain.doFilter(ApplicationFilterChain.java:150)
	at org.springframework.web.filter.ServerHttpObservationFilter.doFilterInternal(ServerHttpObservationFilter.java:109)
	at org.springframework.web.filter.OncePerRequestFilter.doFilter(OncePerRequestFilter.java:116)
	at org.apache.catalina.core.ApplicationFilterChain.internalDoFilter(ApplicationFilterChain.java:175)
	at org.apache.catalina.core.ApplicationFilterChain.doFilter(ApplicationFilterChain.java:150)
	at org.springframework.web.filter.CharacterEncodingFilter.doFilterInternal(CharacterEncodingFilter.java:201)
	at org.springframework.web.filter.OncePerRequestFilter.doFilter(OncePerRequestFilter.java:116)
	at org.apache.catalina.core.ApplicationFilterChain.internalDoFilter(ApplicationFilterChain.java:175)
	at org.apache.catalina.core.ApplicationFilterChain.doFilter(ApplicationFilterChain.java:150)
	at org.apache.catalina.core.StandardWrapperValve.invoke(StandardWrapperValve.java:167)
	at org.apache.catalina.core.StandardContextValve.invoke(StandardContextValve.java:90)
	at org.apache.catalina.authenticator.AuthenticatorBase.invoke(AuthenticatorBase.java:482)
	at org.apache.catalina.core.StandardHostValve.invoke(StandardHostValve.java:115)
	at org.apache.catalina.valves.ErrorReportValve.invoke(ErrorReportValve.java:93)
	at org.apache.catalina.core.StandardEngineValve.invoke(StandardEngineValve.java:74)
	at org.apache.catalina.connector.CoyoteAdapter.service(CoyoteAdapter.java:344)
	at org.apache.coyote.http11.Http11Processor.service(Http11Processor.java:391)
	at org.apache.coyote.AbstractProcessorLight.process(AbstractProcessorLight.java:63)
	at org.apache.coyote.AbstractProtocol$ConnectionHandler.process(AbstractProtocol.java:896)
	at org.apache.tomcat.util.net.NioEndpoint$SocketProcessor.doRun(NioEndpoint.java:1736)
	at org.apache.tomcat.util.net.SocketProcessorBase.run(SocketProcessorBase.java:52)
	at org.apache.tomcat.util.threads.ThreadPoolExecutor.runWorker(ThreadPoolExecutor.java:1191)
	at org.apache.tomcat.util.threads.ThreadPoolExecutor$Worker.run(ThreadPoolExecutor.java:659)
	at org.apache.tomcat.util.threads.TaskThread$WrappingRunnable.run(TaskThread.java:63)
	at java.base/java.lang.Thread.run(Thread.java:1575)
Caused by: java.lang.IllegalStateException: Cannot instantiate class 'com.buildingmanager.payment.PaymentDTO' (it has no constructor with signature [java.lang.Integer, java.lang.String, java.math.BigDecimal, java.time.LocalDateTime, com.buildingmanager.payment.PaymentMethod, java.lang.String, java.lang.Integer, java.lang.Integer], and not every argument has an alias)
	at org.hibernate.sql.results.graph.instantiation.internal.DynamicInstantiationResultImpl.resolveAssembler(DynamicInstantiationResultImpl.java:201)
	at org.hibernate.sql.results.graph.instantiation.internal.DynamicInstantiationResultImpl.createResultAssembler(DynamicInstantiationResultImpl.java:107)
	at org.hibernate.sql.results.jdbc.internal.StandardJdbcValuesMapping.resolveAssemblers(StandardJdbcValuesMapping.java:53)
	at org.hibernate.sql.results.internal.ResultsHelper.createRowReader(ResultsHelper.java:77)
	at org.hibernate.sql.results.internal.ResultsHelper.createRowReader(ResultsHelper.java:62)
	at org.hibernate.sql.exec.internal.JdbcSelectExecutorStandardImpl.doExecuteQuery(JdbcSelectExecutorStandardImpl.java:188)
	at org.hibernate.sql.exec.internal.JdbcSelectExecutorStandardImpl.executeQuery(JdbcSelectExecutorStandardImpl.java:83)
	at org.hibernate.sql.exec.spi.JdbcSelectExecutor.list(JdbcSelectExecutor.java:76)
	at org.hibernate.sql.exec.spi.JdbcSelectExecutor.list(JdbcSelectExecutor.java:65)
	at org.hibernate.query.sqm.internal.ConcreteSqmSelectQueryPlan.lambda$new$2(ConcreteSqmSelectQueryPlan.java:137)
	at org.hibernate.query.sqm.internal.ConcreteSqmSelectQueryPlan.withCacheableSqmInterpretation(ConcreteSqmSelectQueryPlan.java:362)
	at org.hibernate.query.sqm.internal.ConcreteSqmSelectQueryPlan.performList(ConcreteSqmSelectQueryPlan.java:303)
	at org.hibernate.query.sqm.internal.QuerySqmImpl.doList(QuerySqmImpl.java:509)
	at org.hibernate.query.spi.AbstractSelectionQuery.list(AbstractSelectionQuery.java:427)
	at org.hibernate.query.Query.getResultList(Query.java:120)
	at org.springframework.data.jpa.repository.query.JpaQueryExecution$CollectionExecution.doExecute(JpaQueryExecution.java:129)
	at org.springframework.data.jpa.repository.query.JpaQueryExecution.execute(JpaQueryExecution.java:92)
	at org.springframework.data.jpa.repository.query.AbstractJpaQuery.doExecute(AbstractJpaQuery.java:149)
	at org.springframework.data.jpa.repository.query.AbstractJpaQuery.execute(AbstractJpaQuery.java:137)
	at org.springframework.data.repository.core.support.RepositoryMethodInvoker.doInvoke(RepositoryMethodInvoker.java:170)
	at org.springframework.data.repository.core.support.RepositoryMethodInvoker.invoke(RepositoryMethodInvoker.java:158)
	at org.springframework.data.repository.core.support.QueryExecutorMethodInterceptor.doInvoke(QueryExecutorMethodInterceptor.java:164)
	at org.springframework.data.repository.core.support.QueryExecutorMethodInterceptor.invoke(QueryExecutorMethodInterceptor.java:143)
	at org.springframework.aop.framework.ReflectiveMethodInvocation.proceed(ReflectiveMethodInvocation.java:184)
	at org.springframework.data.projection.DefaultMethodInvokingMethodInterceptor.invoke(DefaultMethodInvokingMethodInterceptor.java:70)
	at org.springframework.aop.framework.ReflectiveMethodInvocation.proceed(ReflectiveMethodInvocation.java:184)
	at org.springframework.transaction.interceptor.TransactionInterceptor$1.proceedWithInvocation(TransactionInterceptor.java:123)
	at org.springframework.transaction.interceptor.TransactionAspectSupport.invokeWithinTransaction(TransactionAspectSupport.java:392)
	at org.springframework.transaction.interceptor.TransactionInterceptor.invoke(TransactionInterceptor.java:119)
	at org.springframework.aop.framework.ReflectiveMethodInvocation.proceed(ReflectiveMethodInvocation.java:184)
	at org.springframework.dao.support.PersistenceExceptionTranslationInterceptor.invoke(PersistenceExceptionTranslationInterceptor.java:137)
	... 148 common frames omitted
2026-07-29 21:28:17.162 [RMI TCP Connection(2)-192.168.1.9] WARN  o.s.b.a.mail.MailHealthIndicator [,] - Mail health check failed
jakarta.mail.MessagingException: Got bad greeting from SMTP host: localhost, port: 1080, response: HTTP/1.1 408 Request Timeout

	at org.eclipse.angus.mail.smtp.SMTPTransport.openServer(SMTPTransport.java:2231)
	at org.eclipse.angus.mail.smtp.SMTPTransport.protocolConnect(SMTPTransport.java:729)
	at jakarta.mail.Service.connect(Service.java:345)
	at org.springframework.mail.javamail.JavaMailSenderImpl.connectTransport(JavaMailSenderImpl.java:480)
	at org.springframework.mail.javamail.JavaMailSenderImpl.testConnection(JavaMailSenderImpl.java:360)
	at org.springframework.boot.actuate.mail.MailHealthIndicator.doHealthCheck(MailHealthIndicator.java:52)
	at org.springframework.boot.actuate.health.AbstractHealthIndicator.health(AbstractHealthIndicator.java:82)
	at org.springframework.boot.actuate.health.HealthIndicator.getHealth(HealthIndicator.java:37)
	at org.springframework.boot.actuate.health.HealthEndpoint.getHealth(HealthEndpoint.java:82)
	at org.springframework.boot.actuate.health.HealthEndpoint.getHealth(HealthEndpoint.java:41)
	at org.springframework.boot.actuate.health.HealthEndpointSupport.getLoggedHealth(HealthEndpointSupport.java:172)
	at org.springframework.boot.actuate.health.HealthEndpointSupport.getContribution(HealthEndpointSupport.java:145)
	at org.springframework.boot.actuate.health.HealthEndpointSupport.getAggregateContribution(HealthEndpointSupport.java:156)
	at org.springframework.boot.actuate.health.HealthEndpointSupport.getContribution(HealthEndpointSupport.java:141)
	at org.springframework.boot.actuate.health.HealthEndpointSupport.getHealth(HealthEndpointSupport.java:110)
	at org.springframework.boot.actuate.health.HealthEndpointSupport.getHealth(HealthEndpointSupport.java:81)
	at org.springframework.boot.actuate.health.HealthEndpoint.health(HealthEndpoint.java:76)
	at org.springframework.boot.actuate.health.HealthEndpoint.health(HealthEndpoint.java:66)
	at java.base/jdk.internal.reflect.DirectMethodHandleAccessor.invoke(DirectMethodHandleAccessor.java:103)
	at java.base/java.lang.reflect.Method.invoke(Method.java:580)
	at org.springframework.util.ReflectionUtils.invokeMethod(ReflectionUtils.java:281)
	at org.springframework.boot.actuate.endpoint.invoke.reflect.ReflectiveOperationInvoker.invoke(ReflectiveOperationInvoker.java:74)
	at org.springframework.boot.actuate.endpoint.annotation.AbstractDiscoveredOperation.invoke(AbstractDiscoveredOperation.java:60)
	at org.springframework.boot.actuate.endpoint.jmx.EndpointMBean.invoke(EndpointMBean.java:124)
	at org.springframework.boot.actuate.endpoint.jmx.EndpointMBean.invoke(EndpointMBean.java:97)
	at java.management/com.sun.jmx.interceptor.DefaultMBeanServerInterceptor.invoke(DefaultMBeanServerInterceptor.java:803)
	at java.management/com.sun.jmx.mbeanserver.JmxMBeanServer.invoke(JmxMBeanServer.java:802)
	at java.management.rmi/javax.management.remote.rmi.RMIConnectionImpl.doOperation(RMIConnectionImpl.java:1520)
	at java.management.rmi/javax.management.remote.rmi.RMIConnectionImpl$PrivilegedOperation.run(RMIConnectionImpl.java:1348)
	at java.management.rmi/javax.management.remote.rmi.RMIConnectionImpl.doPrivilegedOperation(RMIConnectionImpl.java:1435)
	at java.management.rmi/javax.management.remote.rmi.RMIConnectionImpl.invoke(RMIConnectionImpl.java:841)
	at java.base/jdk.internal.reflect.DirectMethodHandleAccessor.invoke(DirectMethodHandleAccessor.java:103)
	at java.base/java.lang.reflect.Method.invoke(Method.java:580)
	at java.rmi/sun.rmi.server.UnicastServerRef.dispatch(UnicastServerRef.java:360)
	at java.rmi/sun.rmi.transport.Transport$1.run(Transport.java:200)
	at java.rmi/sun.rmi.transport.Transport$1.run(Transport.java:197)
	at java.base/java.security.AccessController.doPrivileged(AccessController.java:714)
	at java.rmi/sun.rmi.transport.Transport.serviceCall(Transport.java:196)
	at java.rmi/sun.rmi.transport.tcp.TCPTransport.handleMessages(TCPTransport.java:598)
	at java.rmi/sun.rmi.transport.tcp.TCPTransport$ConnectionHandler.run0(TCPTransport.java:844)
	at java.rmi/sun.rmi.transport.tcp.TCPTransport$ConnectionHandler.lambda$run$0(TCPTransport.java:721)
	at java.base/java.security.AccessController.doPrivileged(AccessController.java:400)
	at java.rmi/sun.rmi.transport.tcp.TCPTransport$ConnectionHandler.run(TCPTransport.java:720)
	at java.base/java.util.concurrent.ThreadPoolExecutor.runWorker(ThreadPoolExecutor.java:1144)
	at java.base/java.util.concurrent.ThreadPoolExecutor$Worker.run(ThreadPoolExecutor.java:642)
	at java.base/java.lang.Thread.run(Thread.java:1575)
2026-07-29 21:28:17.166 [RMI TCP Connection(2)-192.168.1.9] WARN  o.s.b.a.health.HealthEndpointSupport [,] - Health contributor org.springframework.boot.actuate.mail.MailHealthIndicator (mail) took 74114ms to respond
2026-07-29 21:40:13.173 [http-nio-8080-exec-2] ERROR c.b.handler.GlobalExceptionHandler [6a6a490de1d38a63d146a540eb7c6dc3,972e7e29c7be60a0] - Unhandled exception
org.springframework.dao.InvalidDataAccessApiUsageException: Cannot instantiate class 'com.buildingmanager.payment.PaymentDTO' (it has no constructor with signature [java.lang.Integer, java.lang.String, java.math.BigDecimal, java.time.LocalDateTime, com.buildingmanager.payment.PaymentMethod, java.lang.String, java.lang.Integer, java.lang.Integer], and not every argument has an alias)
	at org.springframework.orm.jpa.EntityManagerFactoryUtils.convertJpaAccessExceptionIfPossible(EntityManagerFactoryUtils.java:368)
	at org.springframework.orm.jpa.vendor.HibernateJpaDialect.translateExceptionIfPossible(HibernateJpaDialect.java:246)
	at org.springframework.orm.jpa.AbstractEntityManagerFactoryBean.translateExceptionIfPossible(AbstractEntityManagerFactoryBean.java:550)
	at org.springframework.dao.support.ChainedPersistenceExceptionTranslator.translateExceptionIfPossible(ChainedPersistenceExceptionTranslator.java:61)
	at org.springframework.dao.support.DataAccessUtils.translateIfNecessary(DataAccessUtils.java:335)
	at org.springframework.dao.support.PersistenceExceptionTranslationInterceptor.invoke(PersistenceExceptionTranslationInterceptor.java:152)
	at org.springframework.aop.framework.ReflectiveMethodInvocation.proceed(ReflectiveMethodInvocation.java:184)
	at org.springframework.data.jpa.repository.support.CrudMethodMetadataPostProcessor$CrudMethodMetadataPopulatingMethodInterceptor.invoke(CrudMethodMetadataPostProcessor.java:135)
	at org.springframework.aop.framework.ReflectiveMethodInvocation.proceed(ReflectiveMethodInvocation.java:184)
	at org.springframework.aop.interceptor.ExposeInvocationInterceptor.invoke(ExposeInvocationInterceptor.java:97)
	at org.springframework.aop.framework.ReflectiveMethodInvocation.proceed(ReflectiveMethodInvocation.java:184)
	at org.springframework.aop.framework.JdkDynamicAopProxy.invoke(JdkDynamicAopProxy.java:223)
	at jdk.proxy2/jdk.proxy2.$Proxy213.findRecentByBuilding(Unknown Source)
	at com.buildingmanager.finance.FinanceService.getBuildingFinance(FinanceService.java:78)
	at com.buildingmanager.finance.FinanceController.getMyBuildingFinance(FinanceController.java:37)
	at java.base/jdk.internal.reflect.DirectMethodHandleAccessor.invoke(DirectMethodHandleAccessor.java:103)
	at java.base/java.lang.reflect.Method.invoke(Method.java:580)
	at org.springframework.web.method.support.InvocableHandlerMethod.doInvoke(InvocableHandlerMethod.java:255)
	at org.springframework.web.method.support.InvocableHandlerMethod.invokeForRequest(InvocableHandlerMethod.java:188)
	at org.springframework.web.servlet.mvc.method.annotation.ServletInvocableHandlerMethod.invokeAndHandle(ServletInvocableHandlerMethod.java:118)
	at org.springframework.web.servlet.mvc.method.annotation.RequestMappingHandlerAdapter.invokeHandlerMethod(RequestMappingHandlerAdapter.java:926)
	at org.springframework.web.servlet.mvc.method.annotation.RequestMappingHandlerAdapter.handleInternal(RequestMappingHandlerAdapter.java:831)
	at org.springframework.web.servlet.mvc.method.AbstractHandlerMethodAdapter.handle(AbstractHandlerMethodAdapter.java:87)
	at org.springframework.web.servlet.DispatcherServlet.doDispatch(DispatcherServlet.java:1089)
	at org.springframework.web.servlet.DispatcherServlet.doService(DispatcherServlet.java:979)
	at org.springframework.web.servlet.FrameworkServlet.processRequest(FrameworkServlet.java:1014)
	at org.springframework.web.servlet.FrameworkServlet.doGet(FrameworkServlet.java:903)
	at jakarta.servlet.http.HttpServlet.service(HttpServlet.java:564)
	at org.springframework.web.servlet.FrameworkServlet.service(FrameworkServlet.java:885)
	at jakarta.servlet.http.HttpServlet.service(HttpServlet.java:658)
	at org.apache.catalina.core.ApplicationFilterChain.internalDoFilter(ApplicationFilterChain.java:206)
	at org.apache.catalina.core.ApplicationFilterChain.doFilter(ApplicationFilterChain.java:150)
	at org.apache.tomcat.websocket.server.WsFilter.doFilter(WsFilter.java:51)
	at org.apache.catalina.core.ApplicationFilterChain.internalDoFilter(ApplicationFilterChain.java:175)
	at org.apache.catalina.core.ApplicationFilterChain.doFilter(ApplicationFilterChain.java:150)
	at org.springframework.web.filter.CorsFilter.doFilterInternal(CorsFilter.java:91)
	at org.springframework.web.filter.OncePerRequestFilter.doFilter(OncePerRequestFilter.java:116)
	at org.apache.catalina.core.ApplicationFilterChain.internalDoFilter(ApplicationFilterChain.java:175)
	at org.apache.catalina.core.ApplicationFilterChain.doFilter(ApplicationFilterChain.java:150)
	at org.springframework.web.filter.OncePerRequestFilter.doFilter(OncePerRequestFilter.java:110)
	at org.apache.catalina.core.ApplicationFilterChain.internalDoFilter(ApplicationFilterChain.java:175)
	at org.apache.catalina.core.ApplicationFilterChain.doFilter(ApplicationFilterChain.java:150)
	at org.springframework.web.filter.CompositeFilter$VirtualFilterChain.doFilter(CompositeFilter.java:108)
	at org.springframework.security.web.FilterChainProxy.lambda$doFilterInternal$3(FilterChainProxy.java:231)
	at org.springframework.security.web.ObservationFilterChainDecorator$FilterObservation$SimpleFilterObservation.lambda$wrap$1(ObservationFilterChainDecorator.java:479)
	at org.springframework.security.web.ObservationFilterChainDecorator$AroundFilterObservation$SimpleAroundFilterObservation.lambda$wrap$1(ObservationFilterChainDecorator.java:340)
	at org.springframework.security.web.ObservationFilterChainDecorator.lambda$wrapSecured$0(ObservationFilterChainDecorator.java:82)
	at org.springframework.security.web.ObservationFilterChainDecorator$VirtualFilterChain.doFilter(ObservationFilterChainDecorator.java:128)
	at org.springframework.security.web.access.intercept.AuthorizationFilter.doFilter(AuthorizationFilter.java:100)
	at org.springframework.security.web.ObservationFilterChainDecorator$ObservationFilter.wrapFilter(ObservationFilterChainDecorator.java:240)
	at org.springframework.security.web.ObservationFilterChainDecorator$ObservationFilter.doFilter(ObservationFilterChainDecorator.java:227)
	at org.springframework.security.web.ObservationFilterChainDecorator$VirtualFilterChain.doFilter(ObservationFilterChainDecorator.java:137)
	at org.springframework.security.web.access.ExceptionTranslationFilter.doFilter(ExceptionTranslationFilter.java:126)
	at org.springframework.security.web.access.ExceptionTranslationFilter.doFilter(ExceptionTranslationFilter.java:120)
	at org.springframework.security.web.ObservationFilterChainDecorator$ObservationFilter.wrapFilter(ObservationFilterChainDecorator.java:240)
	at org.springframework.security.web.ObservationFilterChainDecorator$ObservationFilter.doFilter(ObservationFilterChainDecorator.java:227)
	at org.springframework.security.web.ObservationFilterChainDecorator$VirtualFilterChain.doFilter(ObservationFilterChainDecorator.java:137)
	at org.springframework.security.web.session.SessionManagementFilter.doFilter(SessionManagementFilter.java:131)
	at org.springframework.security.web.session.SessionManagementFilter.doFilter(SessionManagementFilter.java:85)
	at org.springframework.security.web.ObservationFilterChainDecorator$ObservationFilter.wrapFilter(ObservationFilterChainDecorator.java:240)
	at org.springframework.security.web.ObservationFilterChainDecorator$ObservationFilter.doFilter(ObservationFilterChainDecorator.java:227)
	at org.springframework.security.web.ObservationFilterChainDecorator$VirtualFilterChain.doFilter(ObservationFilterChainDecorator.java:137)
	at org.springframework.security.web.authentication.AnonymousAuthenticationFilter.doFilter(AnonymousAuthenticationFilter.java:100)
	at org.springframework.security.web.ObservationFilterChainDecorator$ObservationFilter.wrapFilter(ObservationFilterChainDecorator.java:240)
	at org.springframework.security.web.ObservationFilterChainDecorator$ObservationFilter.doFilter(ObservationFilterChainDecorator.java:227)
	at org.springframework.security.web.ObservationFilterChainDecorator$VirtualFilterChain.doFilter(ObservationFilterChainDecorator.java:137)
	at org.springframework.security.web.servletapi.SecurityContextHolderAwareRequestFilter.doFilter(SecurityContextHolderAwareRequestFilter.java:179)
	at org.springframework.security.web.ObservationFilterChainDecorator$ObservationFilter.wrapFilter(ObservationFilterChainDecorator.java:240)
	at org.springframework.security.web.ObservationFilterChainDecorator$ObservationFilter.doFilter(ObservationFilterChainDecorator.java:227)
	at org.springframework.security.web.ObservationFilterChainDecorator$VirtualFilterChain.doFilter(ObservationFilterChainDecorator.java:137)
	at org.springframework.security.web.savedrequest.RequestCacheAwareFilter.doFilter(RequestCacheAwareFilter.java:63)
	at org.springframework.security.web.ObservationFilterChainDecorator$ObservationFilter.wrapFilter(ObservationFilterChainDecorator.java:240)
	at org.springframework.security.web.ObservationFilterChainDecorator$ObservationFilter.doFilter(ObservationFilterChainDecorator.java:227)
	at org.springframework.security.web.ObservationFilterChainDecorator$VirtualFilterChain.doFilter(ObservationFilterChainDecorator.java:137)
	at com.buildingmanager.security.JwtFilter.doFilterInternal(JwtFilter.java:101)
	at org.springframework.web.filter.OncePerRequestFilter.doFilter(OncePerRequestFilter.java:116)
	at org.springframework.security.web.ObservationFilterChainDecorator$ObservationFilter.wrapFilter(ObservationFilterChainDecorator.java:240)
	at org.springframework.security.web.ObservationFilterChainDecorator$ObservationFilter.doFilter(ObservationFilterChainDecorator.java:227)
	at org.springframework.security.web.ObservationFilterChainDecorator$VirtualFilterChain.doFilter(ObservationFilterChainDecorator.java:137)
	at org.springframework.security.web.authentication.logout.LogoutFilter.doFilter(LogoutFilter.java:107)
	at org.springframework.security.web.authentication.logout.LogoutFilter.doFilter(LogoutFilter.java:93)
	at org.springframework.security.web.ObservationFilterChainDecorator$ObservationFilter.wrapFilter(ObservationFilterChainDecorator.java:240)
	at org.springframework.security.web.ObservationFilterChainDecorator$ObservationFilter.doFilter(ObservationFilterChainDecorator.java:227)
	at org.springframework.security.web.ObservationFilterChainDecorator$VirtualFilterChain.doFilter(ObservationFilterChainDecorator.java:137)
	at org.springframework.web.filter.CorsFilter.doFilterInternal(CorsFilter.java:91)
	at org.springframework.web.filter.OncePerRequestFilter.doFilter(OncePerRequestFilter.java:116)
	at org.springframework.security.web.ObservationFilterChainDecorator$ObservationFilter.wrapFilter(ObservationFilterChainDecorator.java:240)
	at org.springframework.security.web.ObservationFilterChainDecorator$ObservationFilter.doFilter(ObservationFilterChainDecorator.java:227)
	at org.springframework.security.web.ObservationFilterChainDecorator$VirtualFilterChain.doFilter(ObservationFilterChainDecorator.java:137)
	at org.springframework.security.web.header.HeaderWriterFilter.doHeadersAfter(HeaderWriterFilter.java:90)
	at org.springframework.security.web.header.HeaderWriterFilter.doFilterInternal(HeaderWriterFilter.java:75)
	at org.springframework.web.filter.OncePerRequestFilter.doFilter(OncePerRequestFilter.java:116)
	at org.springframework.security.web.ObservationFilterChainDecorator$ObservationFilter.wrapFilter(ObservationFilterChainDecorator.java:240)
	at org.springframework.security.web.ObservationFilterChainDecorator$ObservationFilter.doFilter(ObservationFilterChainDecorator.java:227)
	at org.springframework.security.web.ObservationFilterChainDecorator$VirtualFilterChain.doFilter(ObservationFilterChainDecorator.java:137)
	at org.springframework.security.web.context.SecurityContextHolderFilter.doFilter(SecurityContextHolderFilter.java:82)
	at org.springframework.security.web.context.SecurityContextHolderFilter.doFilter(SecurityContextHolderFilter.java:69)
	at org.springframework.security.web.ObservationFilterChainDecorator$ObservationFilter.wrapFilter(ObservationFilterChainDecorator.java:240)
	at org.springframework.security.web.ObservationFilterChainDecorator$ObservationFilter.doFilter(ObservationFilterChainDecorator.java:227)
	at org.springframework.security.web.ObservationFilterChainDecorator$VirtualFilterChain.doFilter(ObservationFilterChainDecorator.java:137)
	at org.springframework.security.web.context.request.async.WebAsyncManagerIntegrationFilter.doFilterInternal(WebAsyncManagerIntegrationFilter.java:62)
	at org.springframework.web.filter.OncePerRequestFilter.doFilter(OncePerRequestFilter.java:116)
	at org.springframework.security.web.ObservationFilterChainDecorator$ObservationFilter.wrapFilter(ObservationFilterChainDecorator.java:240)
	at org.springframework.security.web.ObservationFilterChainDecorator$ObservationFilter.doFilter(ObservationFilterChainDecorator.java:227)
	at org.springframework.security.web.ObservationFilterChainDecorator$VirtualFilterChain.doFilter(ObservationFilterChainDecorator.java:137)
	at org.springframework.security.web.session.DisableEncodeUrlFilter.doFilterInternal(DisableEncodeUrlFilter.java:42)
	at org.springframework.web.filter.OncePerRequestFilter.doFilter(OncePerRequestFilter.java:116)
	at org.springframework.security.web.ObservationFilterChainDecorator$ObservationFilter.wrapFilter(ObservationFilterChainDecorator.java:240)
	at org.springframework.security.web.ObservationFilterChainDecorator$AroundFilterObservation$SimpleAroundFilterObservation.lambda$wrap$0(ObservationFilterChainDecorator.java:323)
	at org.springframework.security.web.ObservationFilterChainDecorator$ObservationFilter.doFilter(ObservationFilterChainDecorator.java:224)
	at org.springframework.security.web.ObservationFilterChainDecorator$VirtualFilterChain.doFilter(ObservationFilterChainDecorator.java:137)
	at org.springframework.security.web.FilterChainProxy.doFilterInternal(FilterChainProxy.java:233)
	at org.springframework.security.web.FilterChainProxy.doFilter(FilterChainProxy.java:191)
	at org.springframework.web.filter.CompositeFilter$VirtualFilterChain.doFilter(CompositeFilter.java:113)
	at org.springframework.web.servlet.handler.HandlerMappingIntrospector.lambda$createCacheFilter$3(HandlerMappingIntrospector.java:195)
	at org.springframework.web.filter.CompositeFilter$VirtualFilterChain.doFilter(CompositeFilter.java:113)
	at org.springframework.web.filter.CompositeFilter.doFilter(CompositeFilter.java:74)
	at org.springframework.security.config.annotation.web.configuration.WebMvcSecurityConfiguration$CompositeFilterChainProxy.doFilter(WebMvcSecurityConfiguration.java:230)
	at org.springframework.web.filter.DelegatingFilterProxy.invokeDelegate(DelegatingFilterProxy.java:352)
	at org.springframework.web.filter.DelegatingFilterProxy.doFilter(DelegatingFilterProxy.java:268)
	at org.apache.catalina.core.ApplicationFilterChain.internalDoFilter(ApplicationFilterChain.java:175)
	at org.apache.catalina.core.ApplicationFilterChain.doFilter(ApplicationFilterChain.java:150)
	at org.springframework.web.filter.RequestContextFilter.doFilterInternal(RequestContextFilter.java:100)
	at org.springframework.web.filter.OncePerRequestFilter.doFilter(OncePerRequestFilter.java:116)
	at org.apache.catalina.core.ApplicationFilterChain.internalDoFilter(ApplicationFilterChain.java:175)
	at org.apache.catalina.core.ApplicationFilterChain.doFilter(ApplicationFilterChain.java:150)
	at org.springframework.web.filter.FormContentFilter.doFilterInternal(FormContentFilter.java:93)
	at org.springframework.web.filter.OncePerRequestFilter.doFilter(OncePerRequestFilter.java:116)
	at org.apache.catalina.core.ApplicationFilterChain.internalDoFilter(ApplicationFilterChain.java:175)
	at org.apache.catalina.core.ApplicationFilterChain.doFilter(ApplicationFilterChain.java:150)
	at org.springframework.web.filter.ServerHttpObservationFilter.doFilterInternal(ServerHttpObservationFilter.java:109)
	at org.springframework.web.filter.OncePerRequestFilter.doFilter(OncePerRequestFilter.java:116)
	at org.apache.catalina.core.ApplicationFilterChain.internalDoFilter(ApplicationFilterChain.java:175)
	at org.apache.catalina.core.ApplicationFilterChain.doFilter(ApplicationFilterChain.java:150)
	at org.springframework.web.filter.CharacterEncodingFilter.doFilterInternal(CharacterEncodingFilter.java:201)
	at org.springframework.web.filter.OncePerRequestFilter.doFilter(OncePerRequestFilter.java:116)
	at org.apache.catalina.core.ApplicationFilterChain.internalDoFilter(ApplicationFilterChain.java:175)
	at org.apache.catalina.core.ApplicationFilterChain.doFilter(ApplicationFilterChain.java:150)
	at org.apache.catalina.core.StandardWrapperValve.invoke(StandardWrapperValve.java:167)
	at org.apache.catalina.core.StandardContextValve.invoke(StandardContextValve.java:90)
	at org.apache.catalina.authenticator.AuthenticatorBase.invoke(AuthenticatorBase.java:482)
	at org.apache.catalina.core.StandardHostValve.invoke(StandardHostValve.java:115)
	at org.apache.catalina.valves.ErrorReportValve.invoke(ErrorReportValve.java:93)
	at org.apache.catalina.core.StandardEngineValve.invoke(StandardEngineValve.java:74)
	at org.apache.catalina.connector.CoyoteAdapter.service(CoyoteAdapter.java:344)
	at org.apache.coyote.http11.Http11Processor.service(Http11Processor.java:391)
	at org.apache.coyote.AbstractProcessorLight.process(AbstractProcessorLight.java:63)
	at org.apache.coyote.AbstractProtocol$ConnectionHandler.process(AbstractProtocol.java:896)
	at org.apache.tomcat.util.net.NioEndpoint$SocketProcessor.doRun(NioEndpoint.java:1736)
	at org.apache.tomcat.util.net.SocketProcessorBase.run(SocketProcessorBase.java:52)
	at org.apache.tomcat.util.threads.ThreadPoolExecutor.runWorker(ThreadPoolExecutor.java:1191)
	at org.apache.tomcat.util.threads.ThreadPoolExecutor$Worker.run(ThreadPoolExecutor.java:659)
	at org.apache.tomcat.util.threads.TaskThread$WrappingRunnable.run(TaskThread.java:63)
	at java.base/java.lang.Thread.run(Thread.java:1575)
Caused by: java.lang.IllegalStateException: Cannot instantiate class 'com.buildingmanager.payment.PaymentDTO' (it has no constructor with signature [java.lang.Integer, java.lang.String, java.math.BigDecimal, java.time.LocalDateTime, com.buildingmanager.payment.PaymentMethod, java.lang.String, java.lang.Integer, java.lang.Integer], and not every argument has an alias)
	at org.hibernate.sql.results.graph.instantiation.internal.DynamicInstantiationResultImpl.resolveAssembler(DynamicInstantiationResultImpl.java:201)
	at org.hibernate.sql.results.graph.instantiation.internal.DynamicInstantiationResultImpl.createResultAssembler(DynamicInstantiationResultImpl.java:107)
	at org.hibernate.sql.results.jdbc.internal.StandardJdbcValuesMapping.resolveAssemblers(StandardJdbcValuesMapping.java:53)
	at org.hibernate.sql.results.internal.ResultsHelper.createRowReader(ResultsHelper.java:77)
	at org.hibernate.sql.results.internal.ResultsHelper.createRowReader(ResultsHelper.java:62)
	at org.hibernate.sql.exec.internal.JdbcSelectExecutorStandardImpl.doExecuteQuery(JdbcSelectExecutorStandardImpl.java:188)
	at org.hibernate.sql.exec.internal.JdbcSelectExecutorStandardImpl.executeQuery(JdbcSelectExecutorStandardImpl.java:83)
	at org.hibernate.sql.exec.spi.JdbcSelectExecutor.list(JdbcSelectExecutor.java:76)
	at org.hibernate.sql.exec.spi.JdbcSelectExecutor.list(JdbcSelectExecutor.java:65)
	at org.hibernate.query.sqm.internal.ConcreteSqmSelectQueryPlan.lambda$new$2(ConcreteSqmSelectQueryPlan.java:137)
	at org.hibernate.query.sqm.internal.ConcreteSqmSelectQueryPlan.withCacheableSqmInterpretation(ConcreteSqmSelectQueryPlan.java:362)
	at org.hibernate.query.sqm.internal.ConcreteSqmSelectQueryPlan.performList(ConcreteSqmSelectQueryPlan.java:303)
	at org.hibernate.query.sqm.internal.QuerySqmImpl.doList(QuerySqmImpl.java:509)
	at org.hibernate.query.spi.AbstractSelectionQuery.list(AbstractSelectionQuery.java:427)
	at org.hibernate.query.Query.getResultList(Query.java:120)
	at org.springframework.data.jpa.repository.query.JpaQueryExecution$CollectionExecution.doExecute(JpaQueryExecution.java:129)
	at org.springframework.data.jpa.repository.query.JpaQueryExecution.execute(JpaQueryExecution.java:92)
	at org.springframework.data.jpa.repository.query.AbstractJpaQuery.doExecute(AbstractJpaQuery.java:149)
	at org.springframework.data.jpa.repository.query.AbstractJpaQuery.execute(AbstractJpaQuery.java:137)
	at org.springframework.data.repository.core.support.RepositoryMethodInvoker.doInvoke(RepositoryMethodInvoker.java:170)
	at org.springframework.data.repository.core.support.RepositoryMethodInvoker.invoke(RepositoryMethodInvoker.java:158)
	at org.springframework.data.repository.core.support.QueryExecutorMethodInterceptor.doInvoke(QueryExecutorMethodInterceptor.java:164)
	at org.springframework.data.repository.core.support.QueryExecutorMethodInterceptor.invoke(QueryExecutorMethodInterceptor.java:143)
	at org.springframework.aop.framework.ReflectiveMethodInvocation.proceed(ReflectiveMethodInvocation.java:184)
	at org.springframework.data.projection.DefaultMethodInvokingMethodInterceptor.invoke(DefaultMethodInvokingMethodInterceptor.java:70)
	at org.springframework.aop.framework.ReflectiveMethodInvocation.proceed(ReflectiveMethodInvocation.java:184)
	at org.springframework.transaction.interceptor.TransactionInterceptor$1.proceedWithInvocation(TransactionInterceptor.java:123)
	at org.springframework.transaction.interceptor.TransactionAspectSupport.invokeWithinTransaction(TransactionAspectSupport.java:392)
	at org.springframework.transaction.interceptor.TransactionInterceptor.invoke(TransactionInterceptor.java:119)
	at org.springframework.aop.framework.ReflectiveMethodInvocation.proceed(ReflectiveMethodInvocation.java:184)
	at org.springframework.dao.support.PersistenceExceptionTranslationInterceptor.invoke(PersistenceExceptionTranslationInterceptor.java:137)
	... 148 common frames omitted
2026-07-29 21:40:17.735 [http-nio-8080-exec-8] ERROR c.b.handler.GlobalExceptionHandler [6a6a4911efed50a1c1fa1c32ac03ac2d,d14289c53a00ee6a] - Unhandled exception
org.springframework.dao.InvalidDataAccessApiUsageException: Cannot instantiate class 'com.buildingmanager.payment.PaymentDTO' (it has no constructor with signature [java.lang.Integer, java.lang.String, java.math.BigDecimal, java.time.LocalDateTime, com.buildingmanager.payment.PaymentMethod, java.lang.String, java.lang.Integer, java.lang.Integer], and not every argument has an alias)
	at org.springframework.orm.jpa.EntityManagerFactoryUtils.convertJpaAccessExceptionIfPossible(EntityManagerFactoryUtils.java:368)
	at org.springframework.orm.jpa.vendor.HibernateJpaDialect.translateExceptionIfPossible(HibernateJpaDialect.java:246)
	at org.springframework.orm.jpa.AbstractEntityManagerFactoryBean.translateExceptionIfPossible(AbstractEntityManagerFactoryBean.java:550)
	at org.springframework.dao.support.ChainedPersistenceExceptionTranslator.translateExceptionIfPossible(ChainedPersistenceExceptionTranslator.java:61)
	at org.springframework.dao.support.DataAccessUtils.translateIfNecessary(DataAccessUtils.java:335)
	at org.springframework.dao.support.PersistenceExceptionTranslationInterceptor.invoke(PersistenceExceptionTranslationInterceptor.java:152)
	at org.springframework.aop.framework.ReflectiveMethodInvocation.proceed(ReflectiveMethodInvocation.java:184)
	at org.springframework.data.jpa.repository.support.CrudMethodMetadataPostProcessor$CrudMethodMetadataPopulatingMethodInterceptor.invoke(CrudMethodMetadataPostProcessor.java:135)
	at org.springframework.aop.framework.ReflectiveMethodInvocation.proceed(ReflectiveMethodInvocation.java:184)
	at org.springframework.aop.interceptor.ExposeInvocationInterceptor.invoke(ExposeInvocationInterceptor.java:97)
	at org.springframework.aop.framework.ReflectiveMethodInvocation.proceed(ReflectiveMethodInvocation.java:184)
	at org.springframework.aop.framework.JdkDynamicAopProxy.invoke(JdkDynamicAopProxy.java:223)
	at jdk.proxy2/jdk.proxy2.$Proxy213.findRecentByBuilding(Unknown Source)
	at com.buildingmanager.finance.FinanceService.getBuildingFinance(FinanceService.java:78)
	at com.buildingmanager.finance.FinanceController.getMyBuildingFinance(FinanceController.java:37)
	at java.base/jdk.internal.reflect.DirectMethodHandleAccessor.invoke(DirectMethodHandleAccessor.java:103)
	at java.base/java.lang.reflect.Method.invoke(Method.java:580)
	at org.springframework.web.method.support.InvocableHandlerMethod.doInvoke(InvocableHandlerMethod.java:255)
	at org.springframework.web.method.support.InvocableHandlerMethod.invokeForRequest(InvocableHandlerMethod.java:188)
	at org.springframework.web.servlet.mvc.method.annotation.ServletInvocableHandlerMethod.invokeAndHandle(ServletInvocableHandlerMethod.java:118)
	at org.springframework.web.servlet.mvc.method.annotation.RequestMappingHandlerAdapter.invokeHandlerMethod(RequestMappingHandlerAdapter.java:926)
	at org.springframework.web.servlet.mvc.method.annotation.RequestMappingHandlerAdapter.handleInternal(RequestMappingHandlerAdapter.java:831)
	at org.springframework.web.servlet.mvc.method.AbstractHandlerMethodAdapter.handle(AbstractHandlerMethodAdapter.java:87)
	at org.springframework.web.servlet.DispatcherServlet.doDispatch(DispatcherServlet.java:1089)
	at org.springframework.web.servlet.DispatcherServlet.doService(DispatcherServlet.java:979)
	at org.springframework.web.servlet.FrameworkServlet.processRequest(FrameworkServlet.java:1014)
	at org.springframework.web.servlet.FrameworkServlet.doGet(FrameworkServlet.java:903)
	at jakarta.servlet.http.HttpServlet.service(HttpServlet.java:564)
	at org.springframework.web.servlet.FrameworkServlet.service(FrameworkServlet.java:885)
	at jakarta.servlet.http.HttpServlet.service(HttpServlet.java:658)
	at org.apache.catalina.core.ApplicationFilterChain.internalDoFilter(ApplicationFilterChain.java:206)
	at org.apache.catalina.core.ApplicationFilterChain.doFilter(ApplicationFilterChain.java:150)
	at org.apache.tomcat.websocket.server.WsFilter.doFilter(WsFilter.java:51)
	at org.apache.catalina.core.ApplicationFilterChain.internalDoFilter(ApplicationFilterChain.java:175)
	at org.apache.catalina.core.ApplicationFilterChain.doFilter(ApplicationFilterChain.java:150)
	at org.springframework.web.filter.CorsFilter.doFilterInternal(CorsFilter.java:91)
	at org.springframework.web.filter.OncePerRequestFilter.doFilter(OncePerRequestFilter.java:116)
	at org.apache.catalina.core.ApplicationFilterChain.internalDoFilter(ApplicationFilterChain.java:175)
	at org.apache.catalina.core.ApplicationFilterChain.doFilter(ApplicationFilterChain.java:150)
	at org.springframework.web.filter.OncePerRequestFilter.doFilter(OncePerRequestFilter.java:110)
	at org.apache.catalina.core.ApplicationFilterChain.internalDoFilter(ApplicationFilterChain.java:175)
	at org.apache.catalina.core.ApplicationFilterChain.doFilter(ApplicationFilterChain.java:150)
	at org.springframework.web.filter.CompositeFilter$VirtualFilterChain.doFilter(CompositeFilter.java:108)
	at org.springframework.security.web.FilterChainProxy.lambda$doFilterInternal$3(FilterChainProxy.java:231)
	at org.springframework.security.web.ObservationFilterChainDecorator$FilterObservation$SimpleFilterObservation.lambda$wrap$1(ObservationFilterChainDecorator.java:479)
	at org.springframework.security.web.ObservationFilterChainDecorator$AroundFilterObservation$SimpleAroundFilterObservation.lambda$wrap$1(ObservationFilterChainDecorator.java:340)
	at org.springframework.security.web.ObservationFilterChainDecorator.lambda$wrapSecured$0(ObservationFilterChainDecorator.java:82)
	at org.springframework.security.web.ObservationFilterChainDecorator$VirtualFilterChain.doFilter(ObservationFilterChainDecorator.java:128)
	at org.springframework.security.web.access.intercept.AuthorizationFilter.doFilter(AuthorizationFilter.java:100)
	at org.springframework.security.web.ObservationFilterChainDecorator$ObservationFilter.wrapFilter(ObservationFilterChainDecorator.java:240)
	at org.springframework.security.web.ObservationFilterChainDecorator$ObservationFilter.doFilter(ObservationFilterChainDecorator.java:227)
	at org.springframework.security.web.ObservationFilterChainDecorator$VirtualFilterChain.doFilter(ObservationFilterChainDecorator.java:137)
	at org.springframework.security.web.access.ExceptionTranslationFilter.doFilter(ExceptionTranslationFilter.java:126)
	at org.springframework.security.web.access.ExceptionTranslationFilter.doFilter(ExceptionTranslationFilter.java:120)
	at org.springframework.security.web.ObservationFilterChainDecorator$ObservationFilter.wrapFilter(ObservationFilterChainDecorator.java:240)
	at org.springframework.security.web.ObservationFilterChainDecorator$ObservationFilter.doFilter(ObservationFilterChainDecorator.java:227)
	at org.springframework.security.web.ObservationFilterChainDecorator$VirtualFilterChain.doFilter(ObservationFilterChainDecorator.java:137)
	at org.springframework.security.web.session.SessionManagementFilter.doFilter(SessionManagementFilter.java:131)
	at org.springframework.security.web.session.SessionManagementFilter.doFilter(SessionManagementFilter.java:85)
	at org.springframework.security.web.ObservationFilterChainDecorator$ObservationFilter.wrapFilter(ObservationFilterChainDecorator.java:240)
	at org.springframework.security.web.ObservationFilterChainDecorator$ObservationFilter.doFilter(ObservationFilterChainDecorator.java:227)
	at org.springframework.security.web.ObservationFilterChainDecorator$VirtualFilterChain.doFilter(ObservationFilterChainDecorator.java:137)
	at org.springframework.security.web.authentication.AnonymousAuthenticationFilter.doFilter(AnonymousAuthenticationFilter.java:100)
	at org.springframework.security.web.ObservationFilterChainDecorator$ObservationFilter.wrapFilter(ObservationFilterChainDecorator.java:240)
	at org.springframework.security.web.ObservationFilterChainDecorator$ObservationFilter.doFilter(ObservationFilterChainDecorator.java:227)
	at org.springframework.security.web.ObservationFilterChainDecorator$VirtualFilterChain.doFilter(ObservationFilterChainDecorator.java:137)
	at org.springframework.security.web.servletapi.SecurityContextHolderAwareRequestFilter.doFilter(SecurityContextHolderAwareRequestFilter.java:179)
	at org.springframework.security.web.ObservationFilterChainDecorator$ObservationFilter.wrapFilter(ObservationFilterChainDecorator.java:240)
	at org.springframework.security.web.ObservationFilterChainDecorator$ObservationFilter.doFilter(ObservationFilterChainDecorator.java:227)
	at org.springframework.security.web.ObservationFilterChainDecorator$VirtualFilterChain.doFilter(ObservationFilterChainDecorator.java:137)
	at org.springframework.security.web.savedrequest.RequestCacheAwareFilter.doFilter(RequestCacheAwareFilter.java:63)
	at org.springframework.security.web.ObservationFilterChainDecorator$ObservationFilter.wrapFilter(ObservationFilterChainDecorator.java:240)
	at org.springframework.security.web.ObservationFilterChainDecorator$ObservationFilter.doFilter(ObservationFilterChainDecorator.java:227)
	at org.springframework.security.web.ObservationFilterChainDecorator$VirtualFilterChain.doFilter(ObservationFilterChainDecorator.java:137)
	at com.buildingmanager.security.JwtFilter.doFilterInternal(JwtFilter.java:101)
	at org.springframework.web.filter.OncePerRequestFilter.doFilter(OncePerRequestFilter.java:116)
	at org.springframework.security.web.ObservationFilterChainDecorator$ObservationFilter.wrapFilter(ObservationFilterChainDecorator.java:240)
	at org.springframework.security.web.ObservationFilterChainDecorator$ObservationFilter.doFilter(ObservationFilterChainDecorator.java:227)
	at org.springframework.security.web.ObservationFilterChainDecorator$VirtualFilterChain.doFilter(ObservationFilterChainDecorator.java:137)
	at org.springframework.security.web.authentication.logout.LogoutFilter.doFilter(LogoutFilter.java:107)
	at org.springframework.security.web.authentication.logout.LogoutFilter.doFilter(LogoutFilter.java:93)
	at org.springframework.security.web.ObservationFilterChainDecorator$ObservationFilter.wrapFilter(ObservationFilterChainDecorator.java:240)
	at org.springframework.security.web.ObservationFilterChainDecorator$ObservationFilter.doFilter(ObservationFilterChainDecorator.java:227)
	at org.springframework.security.web.ObservationFilterChainDecorator$VirtualFilterChain.doFilter(ObservationFilterChainDecorator.java:137)
	at org.springframework.web.filter.CorsFilter.doFilterInternal(CorsFilter.java:91)
	at org.springframework.web.filter.OncePerRequestFilter.doFilter(OncePerRequestFilter.java:116)
	at org.springframework.security.web.ObservationFilterChainDecorator$ObservationFilter.wrapFilter(ObservationFilterChainDecorator.java:240)
	at org.springframework.security.web.ObservationFilterChainDecorator$ObservationFilter.doFilter(ObservationFilterChainDecorator.java:227)
	at org.springframework.security.web.ObservationFilterChainDecorator$VirtualFilterChain.doFilter(ObservationFilterChainDecorator.java:137)
	at org.springframework.security.web.header.HeaderWriterFilter.doHeadersAfter(HeaderWriterFilter.java:90)
	at org.springframework.security.web.header.HeaderWriterFilter.doFilterInternal(HeaderWriterFilter.java:75)
	at org.springframework.web.filter.OncePerRequestFilter.doFilter(OncePerRequestFilter.java:116)
	at org.springframework.security.web.ObservationFilterChainDecorator$ObservationFilter.wrapFilter(ObservationFilterChainDecorator.java:240)
	at org.springframework.security.web.ObservationFilterChainDecorator$ObservationFilter.doFilter(ObservationFilterChainDecorator.java:227)
	at org.springframework.security.web.ObservationFilterChainDecorator$VirtualFilterChain.doFilter(ObservationFilterChainDecorator.java:137)
	at org.springframework.security.web.context.SecurityContextHolderFilter.doFilter(SecurityContextHolderFilter.java:82)
	at org.springframework.security.web.context.SecurityContextHolderFilter.doFilter(SecurityContextHolderFilter.java:69)
	at org.springframework.security.web.ObservationFilterChainDecorator$ObservationFilter.wrapFilter(ObservationFilterChainDecorator.java:240)
	at org.springframework.security.web.ObservationFilterChainDecorator$ObservationFilter.doFilter(ObservationFilterChainDecorator.java:227)
	at org.springframework.security.web.ObservationFilterChainDecorator$VirtualFilterChain.doFilter(ObservationFilterChainDecorator.java:137)
	at org.springframework.security.web.context.request.async.WebAsyncManagerIntegrationFilter.doFilterInternal(WebAsyncManagerIntegrationFilter.java:62)
	at org.springframework.web.filter.OncePerRequestFilter.doFilter(OncePerRequestFilter.java:116)
	at org.springframework.security.web.ObservationFilterChainDecorator$ObservationFilter.wrapFilter(ObservationFilterChainDecorator.java:240)
	at org.springframework.security.web.ObservationFilterChainDecorator$ObservationFilter.doFilter(ObservationFilterChainDecorator.java:227)
	at org.springframework.security.web.ObservationFilterChainDecorator$VirtualFilterChain.doFilter(ObservationFilterChainDecorator.java:137)
	at org.springframework.security.web.session.DisableEncodeUrlFilter.doFilterInternal(DisableEncodeUrlFilter.java:42)
	at org.springframework.web.filter.OncePerRequestFilter.doFilter(OncePerRequestFilter.java:116)
	at org.springframework.security.web.ObservationFilterChainDecorator$ObservationFilter.wrapFilter(ObservationFilterChainDecorator.java:240)
	at org.springframework.security.web.ObservationFilterChainDecorator$AroundFilterObservation$SimpleAroundFilterObservation.lambda$wrap$0(ObservationFilterChainDecorator.java:323)
	at org.springframework.security.web.ObservationFilterChainDecorator$ObservationFilter.doFilter(ObservationFilterChainDecorator.java:224)
	at org.springframework.security.web.ObservationFilterChainDecorator$VirtualFilterChain.doFilter(ObservationFilterChainDecorator.java:137)
	at org.springframework.security.web.FilterChainProxy.doFilterInternal(FilterChainProxy.java:233)
	at org.springframework.security.web.FilterChainProxy.doFilter(FilterChainProxy.java:191)
	at org.springframework.web.filter.CompositeFilter$VirtualFilterChain.doFilter(CompositeFilter.java:113)
	at org.springframework.web.servlet.handler.HandlerMappingIntrospector.lambda$createCacheFilter$3(HandlerMappingIntrospector.java:195)
	at org.springframework.web.filter.CompositeFilter$VirtualFilterChain.doFilter(CompositeFilter.java:113)
	at org.springframework.web.filter.CompositeFilter.doFilter(CompositeFilter.java:74)
	at org.springframework.security.config.annotation.web.configuration.WebMvcSecurityConfiguration$CompositeFilterChainProxy.doFilter(WebMvcSecurityConfiguration.java:230)
	at org.springframework.web.filter.DelegatingFilterProxy.invokeDelegate(DelegatingFilterProxy.java:352)
	at org.springframework.web.filter.DelegatingFilterProxy.doFilter(DelegatingFilterProxy.java:268)
	at org.apache.catalina.core.ApplicationFilterChain.internalDoFilter(ApplicationFilterChain.java:175)
	at org.apache.catalina.core.ApplicationFilterChain.doFilter(ApplicationFilterChain.java:150)
	at org.springframework.web.filter.RequestContextFilter.doFilterInternal(RequestContextFilter.java:100)
	at org.springframework.web.filter.OncePerRequestFilter.doFilter(OncePerRequestFilter.java:116)
	at org.apache.catalina.core.ApplicationFilterChain.internalDoFilter(ApplicationFilterChain.java:175)
	at org.apache.catalina.core.ApplicationFilterChain.doFilter(ApplicationFilterChain.java:150)
	at org.springframework.web.filter.FormContentFilter.doFilterInternal(FormContentFilter.java:93)
	at org.springframework.web.filter.OncePerRequestFilter.doFilter(OncePerRequestFilter.java:116)
	at org.apache.catalina.core.ApplicationFilterChain.internalDoFilter(ApplicationFilterChain.java:175)
	at org.apache.catalina.core.ApplicationFilterChain.doFilter(ApplicationFilterChain.java:150)
	at org.springframework.web.filter.ServerHttpObservationFilter.doFilterInternal(ServerHttpObservationFilter.java:109)
	at org.springframework.web.filter.OncePerRequestFilter.doFilter(OncePerRequestFilter.java:116)
	at org.apache.catalina.core.ApplicationFilterChain.internalDoFilter(ApplicationFilterChain.java:175)
	at org.apache.catalina.core.ApplicationFilterChain.doFilter(ApplicationFilterChain.java:150)
	at org.springframework.web.filter.CharacterEncodingFilter.doFilterInternal(CharacterEncodingFilter.java:201)
	at org.springframework.web.filter.OncePerRequestFilter.doFilter(OncePerRequestFilter.java:116)
	at org.apache.catalina.core.ApplicationFilterChain.internalDoFilter(ApplicationFilterChain.java:175)
	at org.apache.catalina.core.ApplicationFilterChain.doFilter(ApplicationFilterChain.java:150)
	at org.apache.catalina.core.StandardWrapperValve.invoke(StandardWrapperValve.java:167)
	at org.apache.catalina.core.StandardContextValve.invoke(StandardContextValve.java:90)
	at org.apache.catalina.authenticator.AuthenticatorBase.invoke(AuthenticatorBase.java:482)
	at org.apache.catalina.core.StandardHostValve.invoke(StandardHostValve.java:115)
	at org.apache.catalina.valves.ErrorReportValve.invoke(ErrorReportValve.java:93)
	at org.apache.catalina.core.StandardEngineValve.invoke(StandardEngineValve.java:74)
	at org.apache.catalina.connector.CoyoteAdapter.service(CoyoteAdapter.java:344)
	at org.apache.coyote.http11.Http11Processor.service(Http11Processor.java:391)
	at org.apache.coyote.AbstractProcessorLight.process(AbstractProcessorLight.java:63)
	at org.apache.coyote.AbstractProtocol$ConnectionHandler.process(AbstractProtocol.java:896)
	at org.apache.tomcat.util.net.NioEndpoint$SocketProcessor.doRun(NioEndpoint.java:1736)
	at org.apache.tomcat.util.net.SocketProcessorBase.run(SocketProcessorBase.java:52)
	at org.apache.tomcat.util.threads.ThreadPoolExecutor.runWorker(ThreadPoolExecutor.java:1191)
	at org.apache.tomcat.util.threads.ThreadPoolExecutor$Worker.run(ThreadPoolExecutor.java:659)
	at org.apache.tomcat.util.threads.TaskThread$WrappingRunnable.run(TaskThread.java:63)
	at java.base/java.lang.Thread.run(Thread.java:1575)
Caused by: java.lang.IllegalStateException: Cannot instantiate class 'com.buildingmanager.payment.PaymentDTO' (it has no constructor with signature [java.lang.Integer, java.lang.String, java.math.BigDecimal, java.time.LocalDateTime, com.buildingmanager.payment.PaymentMethod, java.lang.String, java.lang.Integer, java.lang.Integer], and not every argument has an alias)
	at org.hibernate.sql.results.graph.instantiation.internal.DynamicInstantiationResultImpl.resolveAssembler(DynamicInstantiationResultImpl.java:201)
	at org.hibernate.sql.results.graph.instantiation.internal.DynamicInstantiationResultImpl.createResultAssembler(DynamicInstantiationResultImpl.java:107)
	at org.hibernate.sql.results.jdbc.internal.StandardJdbcValuesMapping.resolveAssemblers(StandardJdbcValuesMapping.java:53)
	at org.hibernate.sql.results.internal.ResultsHelper.createRowReader(ResultsHelper.java:77)
	at org.hibernate.sql.results.internal.ResultsHelper.createRowReader(ResultsHelper.java:62)
	at org.hibernate.sql.exec.internal.JdbcSelectExecutorStandardImpl.doExecuteQuery(JdbcSelectExecutorStandardImpl.java:188)
	at org.hibernate.sql.exec.internal.JdbcSelectExecutorStandardImpl.executeQuery(JdbcSelectExecutorStandardImpl.java:83)
	at org.hibernate.sql.exec.spi.JdbcSelectExecutor.list(JdbcSelectExecutor.java:76)
	at org.hibernate.sql.exec.spi.JdbcSelectExecutor.list(JdbcSelectExecutor.java:65)
	at org.hibernate.query.sqm.internal.ConcreteSqmSelectQueryPlan.lambda$new$2(ConcreteSqmSelectQueryPlan.java:137)
	at org.hibernate.query.sqm.internal.ConcreteSqmSelectQueryPlan.withCacheableSqmInterpretation(ConcreteSqmSelectQueryPlan.java:362)
	at org.hibernate.query.sqm.internal.ConcreteSqmSelectQueryPlan.performList(ConcreteSqmSelectQueryPlan.java:303)
	at org.hibernate.query.sqm.internal.QuerySqmImpl.doList(QuerySqmImpl.java:509)
	at org.hibernate.query.spi.AbstractSelectionQuery.list(AbstractSelectionQuery.java:427)
	at org.hibernate.query.Query.getResultList(Query.java:120)
	at org.springframework.data.jpa.repository.query.JpaQueryExecution$CollectionExecution.doExecute(JpaQueryExecution.java:129)
	at org.springframework.data.jpa.repository.query.JpaQueryExecution.execute(JpaQueryExecution.java:92)
	at org.springframework.data.jpa.repository.query.AbstractJpaQuery.doExecute(AbstractJpaQuery.java:149)
	at org.springframework.data.jpa.repository.query.AbstractJpaQuery.execute(AbstractJpaQuery.java:137)
	at org.springframework.data.repository.core.support.RepositoryMethodInvoker.doInvoke(RepositoryMethodInvoker.java:170)
	at org.springframework.data.repository.core.support.RepositoryMethodInvoker.invoke(RepositoryMethodInvoker.java:158)
	at org.springframework.data.repository.core.support.QueryExecutorMethodInterceptor.doInvoke(QueryExecutorMethodInterceptor.java:164)
	at org.springframework.data.repository.core.support.QueryExecutorMethodInterceptor.invoke(QueryExecutorMethodInterceptor.java:143)
	at org.springframework.aop.framework.ReflectiveMethodInvocation.proceed(ReflectiveMethodInvocation.java:184)
	at org.springframework.data.projection.DefaultMethodInvokingMethodInterceptor.invoke(DefaultMethodInvokingMethodInterceptor.java:70)
	at org.springframework.aop.framework.ReflectiveMethodInvocation.proceed(ReflectiveMethodInvocation.java:184)
	at org.springframework.transaction.interceptor.TransactionInterceptor$1.proceedWithInvocation(TransactionInterceptor.java:123)
	at org.springframework.transaction.interceptor.TransactionAspectSupport.invokeWithinTransaction(TransactionAspectSupport.java:392)
	at org.springframework.transaction.interceptor.TransactionInterceptor.invoke(TransactionInterceptor.java:119)
	at org.springframework.aop.framework.ReflectiveMethodInvocation.proceed(ReflectiveMethodInvocation.java:184)
	at org.springframework.dao.support.PersistenceExceptionTranslationInterceptor.invoke(PersistenceExceptionTranslationInterceptor.java:137)
	... 148 common frames omitted
